:020000040800F2
:1000000000500020057A0008AD6C0008B16C0008B3
:10001000B56C0008B96C0008BD6C00080000000059
:10002000000000000000000000000000C16C00089B
:10003000C56C000800000000C96C0008A56E00082F
:10004000CD6C0008D16C0008D56C0008D96C000894
:10005000DD6C0008E16C0008416E0008DD6D0008F1
:10006000E56C0008E96C0008ED6C0008916D000873
:10007000F16C0008F56C0008F96C0008FD6C0008D4
:10008000016D0008056D0008096D00080D6D000880
:10009000896D0008116D0008156D00086D6D000870
:1000A000196D00081D6D0008216D0008256D000800
:1000B000296D00082D6D0008316D0008356D0008B0
:1000C000396D00083D6D0008416D0008456D000860
:1000D000496D00084D6D0008516D0008556D000810
:1000E000596D00085D6D0008616D0008000000009A
:1000F0000000000000000000000000000000000000
:0C01000000000000000000005FF808F1A3
:1001100070B414460F2C06460D4604D945EA060372
:1001200013F0030F0DD04AB14FF0000C11F80C3052
:1001300000F80C300CF1010C9445F7D1304670BC3E
:100140007047A4460B68ACF1100C03604A6842602B
:100150008B688360CA681031C2601030BCF10F0F29
:10016000F0D8A4F1100303F00F0223F00F031033B3
:10017000EC18F118032A13D94FF0000C54F80C3086
:1001800041F80C300CF1040CCCEB0203032BF5D836
:10019000131F03F0030223F003030433E418C91808
:1001A00008462146BFE7C046032A844630B40446C9
:1001B000CDB231D910F0030F2FD145EA05230F2A14
:1001C00088BF944643EA034188BF234612D9ACF165
:1001D000100C196059609960D9601033BCF10F0F91
:1001E000F5D8103A22F00F0302F00F021033E01896
:1001F000032A10D94FF0000C40F80C100CF1040C3D
:10020000CCEB0203032BF7D8131F03F0030223F0F8
:1002100003030433C018844632B1E9B200230CF85A
:10022000031001339A42FAD1204630BC7047C046D1
:100230000FB440F2DC33C2F2000310B51C6882B088
:1002400024B1A36913B9204602F088FD05AB20460E
:10025000A168049A019300F077F802B0BDE810405D
:1002600004B070470EB410B5044683B018B183696A
:100270000BB902F073FD06AB2046A168059A019305
:1002800000F062F803B0BDE8104003B07047C0460C
:1002900030B5054689B008460C4600F02DF801221D
:1002A0004BF2C003C0F600030492039301AB019428
:1002B0000593029080189218079006920DB1AB69D1
:1002C0005BB12846A96805AA02F0D0FE002814BF39
:1002D0004FF0FF300A2009B030BD284602F03EFD45
:1002E000EFE7C04640F2DC330146C2F2000310B52E
:1002F0001868FFF7CDFF10BD10F0030F014618BFBF
:1003000000460BD108460B6801E050F8043FA3F10A
:100310000132DB431A4012F0803FF6D003781BB164
:1003200010F8013F002BFBD1401A7047936810B5BD
:10033000144613B91846536010BD02F097FE00230F
:10034000A3606360F8E7C0462DE9F04FADF5AC6DF2
:1003500081B014461F460B900A9103F059F80068CB
:1003600012900B9818B18369002B00F035834AF284
:10037000D0030A99C0F60003994200F037834AF28D
:10038000F0030A98C0F60003984200F044870A9AE6
:100390004AF21013C0F600039A4202BF0B9BDB68BF
:1003A0000A930A9881898AB212F0080F00F0EB864E
:1003B0000369002B00F0E78602F01A030A2B00F015
:1003C000CA820DF59861A3460C3100230E46CDF884
:1003D0003415CDF83C35CDF83835089307930F9395
:1003E0001493189315939BF80020B2F1250318BFBE
:1003F0000123002A0CBF002303F0010343B35C4632
:1004000014F8012FB2F1250318BF0123002A0CBFF5
:10041000002303F00103002BF2D1B4EB0B0508BF5E
:10042000A34615D07560DDF83825DDF83C3501327E
:10043000C6F800B05B19072ACDF83C35CDF8382551
:1004400000F3678208360F9AA34652190F9222785A
:10045000002A00F06A824FF000030BF101048DF8CE
:100460005F352B259BF801204FF000091B972027B3
:100470004FF0FF30CDF840901190924604F1010BFF
:10048000AAF12003582B00F23284DFE813F0430472
:10049000300430045104300430043004300430049B
:1004A00030047704650430046E04F6023004160349
:1004B0001E031E031E031E031E031E031E031E0334
:1004C0001E0330043004300430043004300430049F
:1004D000300430043004B4003103300431033004FC
:1004E00030043004300467033004300471003004F9
:1004F00030043004300430045900300430046F03F9
:10050000300430043004300430043004300430044B
:10051000300430049403B600310331033103CA03BD
:10052000B60030043004A9033004BB037300020496
:10053000D2033004DA0330045B00300430041A04C0
:1005400049F0100919F0200F40F0FB8319F0100F4B
:1005500040F0258419F0400F00F021841B980122FF
:100560001B9B04331A9303881C464FF0000511E0CF
:1005700049F0100919F0200240F0748219F01001BE
:1005800000F0D0861B981B9B04331A9303681C460B
:100590004FF0000511984FF000038DF85F350028EB
:1005A00042DA012A0DF5A66808F1040853D11DB9F5
:1005B000092C98BF474615D94746204629460A22A6
:1005C000002305F05DFA204629460023303207F863
:1005D000012D0A2205F054FA04460D460029ECD1FB
:1005E0000928EAD87A1E04F130030E92C2EB0808FB
:1005F00007F8013C20E249F0100919F0200F40F003
:10060000258219F0100F00F07E861B981B9A043289
:100610001A9203681C464FEAE475002DC0F2B883B5
:10062000119801220028BCDB54EA050111984FF013
:1006300000030DF5A66818BF0123002818BF43F07A
:10064000010313F0FF0F29F0800908F1040800F0FE
:100650002B84012AABD038BFCDF83880C0F0CA81D6
:10066000022A00F011854BF20410C0F60000FFF7DB
:1006700043FE11991A9A4BF20413C0F600030E932D
:1006800016911B92804611988045A8BF404617904E
:100690009DF85F3513B117980130179019F00201DA
:1006A0000C9102D0179A0232179219F084030D931D
:1006B00044D110981799441A002C3FDD102CDCBF50
:1006C0004AF2B005C0F6000528DD4AF2B0050DF586
:1006D000A667C0F60005043703E0103C0836102C6E
:1006E0001CDD10227260DDF83C3535609B18DDF8AA
:1006F0003825CDF83C350132CDF83825072AECDD18
:100700000B983A460A99FFF711FE002840F0158130
:100710000DF59866103C0C36102CE2DC7460DDF8A8
:100720003825DDF83C35013235601B19072ACDF834
:100730003C35CDF8382500F3328508369DF85F3515
:100740009BB10DF5AA630F33336001237360DDF8AD
:100750003825DDF83C350132CDF838250133072A3C
:10076000CDF83C3500F3728408360C9898B102221B
:100770000DF5AA6372600D333360DDF83C359B18CC
:10078000DDF83825CDF83C350132CDF83825072A7B
:1007900000F36B8408360D99802900F09383169935
:1007A000C8EB0104002C39DD102CD8BFAC4D25DD81
:1007B0000DF5A667AA4D043703E0103C0836102C4F
:1007C0001CDD10227260DDF83C3535609B18DDF8C9
:1007D0003825CDF83C350132CDF83825072AECDD37
:1007E0000B983A460A99FFF7A1FD002840F0A58032
:1007F0000DF59866103C0C36102CE2DC7460DDF8C8
:100800003825DDF83C35013235601B19072ACDF853
:100810003C35CDF8382500F30A84083619F4807F7A
:1008200040F0D282C6F80480DDF83C050E9B00EB58
:1008300008023360DDF83835CDF83C250133CDF8BA
:100840003835072BD8BF06F1080100F3818319F072
:10085000040F49D0109A179BD41A002C44DD102C99
:10086000DCBF4AF2B005C0F6000527DD4AF2B0054C
:100870000DF5A666C0F60005043603E0103C08310D
:10088000102C1BDD10204860DDF83825DDF83C35E4
:1008900001320D601B18072ACDF83C35CDF83825FC
:1008A000ECDD0B9832460A99FFF740FD002844D151
:1008B0000DF59861103C0C31102CE3DC4C60DDF838
:1008C0003835DDF83C0501330D600019072BCDF8F4
:1008D0003C05CDF8383509DD0DF5A6620B980A996F
:1008E0000432FFF723FD40BBDDF83C050F99179A52
:1008F000109B9A42ACBF8918C9180F91002840F08C
:1009000035830DF5986600201B9F0C36CDF8380511
:1009100069E50DF5A6620B980A990432FFF706FD0A
:1009200058B90DF598660C368DE5DDF83C35002B91
:1009300040F057870023CDF838350A998B8913F09A
:10094000400F02D04FF0FF320F920F9859B00DF5C3
:10095000806DBDE8F08F0A98B0F90E30002BFFF6DD
:1009600030AD826A21F00203C1890DF58E65ADF8C4
:100970007C34036AADF87E142946CDF898244FF4F0
:100980008062CDF890341CABCDF87824CDF870346B
:10099000CDF880340023CDF884242246CDF8883465
:1009A0003B460B98FFF7D0FC00280F9009DB0B9813
:1009B000294602F091F80F9A002818BF4FF0FF3235
:1009C0000F92BDF87C3413F0400FBED00A98838993
:1009D00043F040038381B8E702F0C0F94AF2D00344
:1009E0000A99C0F6000399427FF4C9AC0B9A526889
:1009F0000A92D6E40E9904F0070303F13007E308E6
:100A0000E80801F8017D0E9143EA457151EA0002C0
:100A10000C460546EED119F0010F00F04883302F47
:100A200004BF0E98C0EB080806D00E99302301F8D9
:100A3000013DC1EB08080E91119A1A9B119916926B
:100A40008845A8BF41461B93179121E61B98C31DFB
:100A500023F0070303F108011A91D3E90045DCE50F
:100A6000C0A000081B980022C31D23F0070303F158
:100A700008011A91D3E900458CE55C4614F801ABF6
:100A8000BAF12A0F00F08A87AAF13001092900F291
:100A9000C2860BF102000022530010F801ACD20014
:100AA00004469B1801305A18AAF130010929F3D9DC
:100AB00042EAE272A3461192E2E41B9B49F08009EC
:100AC0009BF800205C461B93D7E40022AAF130017A
:100AD00000E0A3465C465300D20014F801AB9B181B
:100AE000CA18AAF130010929F3D91092A346C7E424
:100AF0001B99CB1D23F0070303F108021B92186812
:100B000008905B68089A07931046079B194603F004
:100B1000DDFE0446002800F0C784089A079B1046B3
:100B200000221946002304F0FDFC002840F01F8637
:100B30004BF2DC024BF2D803C0F60002C0F6000311
:100B4000BAF1470FC8BF1A4600214FF003080E92B2
:100B500029F080091691CDF85C8099E51B9B49F03E
:100B600008099BF800205C461B9386E419F0200FCF
:100B70004BF2C402C0F60002189200F0AB801B9842
:100B8000C31D23F0070303F108011A91D3E90045BF
:100B900054EA050109F001024FF0000318BF0123D8
:100BA0001A4206D049F0020930238DF85EA58DF86F
:100BB0005D350222EEE41B994FF000024FF0010870
:100BC000CDF85C800B6804318DF85F251B918DF8A2
:100BD0000C350DF5A0630C330E93002116915DE5E5
:100BE0009BF800206C2A03BF0BF1010449F0200997
:100BF0001B9B49F010091ABF1B9B5C469BF8012008
:100C00001B933AE419F0200F00F05C831B990F98B6
:100C10000F1D096802464FEAE273C1E90023FFF79E
:100C2000E2BB1B9B49F040099BF800205C461B93EC
:100C300023E41B9B49F020099BF800205C461B9392
:100C40001BE41B9B4FF000008DF85F05191D1B91E5
:100C50001B680E93002B00F09F8511980028C0F2AE
:100C6000A9800E980021119A02F026FF002800F0BA
:100C7000AF850E9A119BC2EB0008984540F39E8009
:100C8000119A0023DDF8448022EAE272169317924B
:100C9000FEE41B9A49F002091B991368782204317B
:100CA0008DF85E251C464FF0000530238DF85D352C
:100CB0004BF2E8039246C0F600031A91763A189375
:100CC00068E419F0200F4BF2E803C0F60003189314
:100CD0007FF455AF19F0100F00F008831B981B9A92
:100CE00004321A9203681C464FF0000550E7BAF12F
:100CF000000F3FF41AAE0DF5A0614FF000000C316B
:100D00004FF001088DF80CA58DF85F050E91CDF818
:100D10005C8062E79DF85F35002B40F0CC821B9B26
:100D20005C468DF85F759BF800201B93FFF7A5BB11
:100D30001B9B49F001099BF800205C461B93FFF7C1
:100D40009CBB1B9AD31D012223F0070303F108006B
:100D50001A90D3E900451DE41B9B5C468DF85F5556
:100D60009BF800201B93FFF788BB1B9B49F00409ED
:100D70009BF800205C461B93FFF77FBB1B98031D6D
:100D8000016800291091F3DA109A52421092EDE7AF
:100D90002D23644265EB45058DF85F3540E41B9AD1
:100DA0001B9904311A91136801221C464FF000056B
:100DB000FFF7F0BB0E98FFF79FFA804628EAE8702D
:100DC00000211790169163E4BAF1650F40F3D980C2
:100DD000089A079B104600221946002304F098FB4E
:100DE000002800F0688101204BF220137060C0F6EB
:100DF00000033360DDF83835DDF83C050133CDF80C
:100E00003835421C072BCDF83C25D8BF06F1080128
:100E100000F3DC82DDF85835159A934203DB19F0B4
:100E2000010F3FF414AD129B01204860DDF83C0532
:100E30000B60DDF83835421CCDF83C250133CDF888
:100E40003835072B00F35D840831159A541E002CA9
:100E50007FF7FDAC102CD8BFAD4D40F372820DF57D
:100E6000A666AB4D043604E00831103C102C40F36C
:100E7000688210234B60DDF83825DDF83C350132FF
:100E80000D601033072ACDF83C35CDF83825EBDD61
:100E90000B9832460A99FFF749FA00287FF44DADC6
:100EA0000DF598610C31E0E7002A4CD119F0010FE3
:100EB00049D008F1FF3030230E9008F8013C4FF084
:100EC0000108B9E5109A179BD41A002C7FF767AC7C
:100ED000102CD8BF8E4D25DD0DF5A6678C4D04373F
:100EE00003E0103C0836102C1CDD10207060DDF88B
:100EF0003825DDF83C35013235601B18072ACDF85E
:100F00003C35CDF83825ECDD0B983A460A99FFF7C9
:100F10000DFA00287FF411AD0DF59866103C0C36E3
:100F2000102CE2DC7460DDF83825DDF83C35013248
:100F300035601B19072ACDF83C35CDF8382500F36C
:100F4000898108362BE4CDF838804FF0000873E52E
:100F50000DF5A6620B980A990432FFF7E7F900280D
:100F60007FF4EBAC0DF598610C3170E40DF5A662E1
:100F70000B980A990432FFF7D9F900283FF4C1AC65
:100F8000DBE41598012840F34B8101227260DDF803
:100F90003C350E999B18DDF83825CDF83C350132EB
:100FA0003160072ACDF83825D8BF06F1080100F3D3
:100FB0004381129B01204860DDF838250B60DDF885
:100FC0003C351218CDF838251B18072ACDF83C35CA
:100FD000D8BF01F1080600F34C81089A079B104620
:100FE00000221946002304F093FA002840F0E6801E
:100FF0000E994B1C3360159B5A1E7260DDF83C3510
:101000009B18DDF83825CDF83C350132CDF8382570
:10101000072A00F33C81083614980DF5A86414994A
:10102000093434607060DDF83C05421802E40DF5C7
:10103000A6620B980A990432FFF778F900287FF42A
:101040007CAC0DF598660C36FFF7E8BB0DF5A66293
:101050000B980A990432FFF769F900287FF46DAC08
:101060000DF598660C36FFF780BB0DF5A6620B9860
:101070000A990432FFF75AF900287FF45EAC0DF5A7
:1010800098660C36FFF787BBCDF83880189804F0C7
:101090000F030E99C25C2309280901F8012D0E9156
:1010A00043EA057151EA00020C460546EED10E9B5B
:1010B000C3EB0808C0E4DDF85825002A40F394810A
:1010C00015988242C0F24F817060DDF83C05159B97
:1010D0000E99C218DDF83835CDF83C250133316062
:1010E000072BCDF83835D8BF06F1080100F3ED82A3
:1010F000DDF8583515981C1A002C38DD102CD8BF97
:10110000034D40F323830DF5A666014D043606E03A
:10111000C0A000080831103C102C40F317831022A7
:101120004A60DDF83C350D609B18DDF83825CDF8B8
:101130003C350132CDF83825072AEBDD0B983246D5
:101140000A99FFF7F3F800287FF4F7AB0DF59861E3
:101150000C31E0E70DF5A6620B980A990432FFF70F
:10116000E5F800287FF4E9AB0DF598610C3119F032
:10117000010F3FF46CAB0120129B4860DDF83C0589
:101180000B60421CE2E00B980A9900F04DFC00282D
:101190007FF4D8AB0A9A91898AB2FFF70DB90DF5A1
:1011A000A6620B980A990432FFF7C0F800287FF472
:1011B000C4AB0DF598660C36FFF7C0BA1598441EFF
:1011C000002C7FF729AF102CD8BFB64D6DDD0DF583
:1011D000A667B44D043703E00836103C102C64DDDC
:1011E00010217160DDF83825DDF83C3501323560BD
:1011F0005B18072ACDF83C35CDF83825ECDD0B9887
:101200003A460A99FFF792F800287FF496AB0DF55D
:1012100098660C36E1E70B9989680A91FFF7C1B827
:1012200019F0010F7FF4B1AE01230E9A7360DDF85F
:101230003C3532600133E4E60DF5A6620B980A995D
:101240000432FFF773F800287FF477AB0DF598614F
:101250000C31AEE60DF5A6620B980A990432FFF741
:1012600065F800287FF469AB0DF598660C36FFF73A
:1012700096BA0DF5A6620B980A990432FFF756F854
:1012800000287FF45AAB0DF598660C36A5E60DF5EF
:10129000A6620B980A990432FFF748F800287FF4F9
:1012A0004CAB0DF598660C36B6E67460DDF83C354F
:1012B00035601B19A5E61B9B5C469BF800201B9321
:1012C000FFF7DBB819F0100F09D119F0400F06D065
:1012D0001B9B0F981F1D1B681880FFF784B81B9974
:1012E0000F9A0F1D0B681A60FFF77DB819F0400FB9
:1012F00000F092811B9A1B99138804311A911C46A5
:101300004FF0000544E419F0400F00F099811B9A5A
:101310001B99B2F9003004311A911C464FEAE4756A
:10132000FFF77BB919F0400200F080811B981B9AEF
:10133000038804321A920A461C464FF00005FFF754
:1013400029B94C60DDF83C050D600219DDF838352F
:10135000CDF83C250133CDF83835072B3FF7F8ADF4
:101360000831FFF774BA7260DDF83C350E999B18AE
:10137000DDF83825CDF83C3501323160072ACDF84B
:101380003825D8BF06F1080100F39181129A012394
:10139000DDF858454B600A60DDF83825DDF83C354E
:1013A0000132CDF838250133072ACDF83C3500F35A
:1013B000708108310E98DDF8582503190B60159BD4
:1013C0009A1A4A60DDF83C058218BFE70DF5A6625F
:1013D0000B980A990432FEF7A9FF00287FF4ADAA02
:1013E0000DF598610C3115E501204BF2201370606A
:1013F000C0F600033360DDF83835DDF83C05013315
:10140000CDF83835421C072BCDF83C25D8BF06F166
:10141000080100F36881DDF85835002B00F01A81CF
:10142000129B01204860DDF838250B60DDF83C3563
:101430001218CDF838251B18072ACDF83C3500F3D3
:10144000DC810831DDF858355C42002C40F37581B1
:10145000102CD8BF134D40F38F810DF5A666114DAA
:10146000043604E00831103C102C40F38581102232
:101470004A60DDF83C350D609B18DDF83825CDF865
:101480003C350132CDF83825072AEBDD0B98324682
:101490000A99FEF74BFF00287FF44FAA0DF59861DB
:1014A0000C31E0E7C0A00008089A079B10461946D7
:1014B00003F01EFA002840F0D680119AB2F1FF3FE7
:1014C00000F01D82BAF1470F14BF00230123BAF1C7
:1014D000670F08BF43F0010323B11198002808BF2C
:1014E00001201190079B49F48079002BC0F2FE8106
:1014F000079A0023DDF8208013930992BAF1460F72
:1015000014BF00230123BAF1660F08BF43F00103A3
:101510001993002B00F0AD81119F0323099D0DF558
:10152000AA62009304320DF5AB6303920293424624
:101530000DF5AA630B9804932B46019700F09CFBD2
:10154000BAF1470318BF01234446BAF1670F0CBF35
:10155000002303F001030E902BB919F0010F08BF0F
:10156000DDF8502521D00E9B1998DC1930B11B787D
:10157000302B00F02182DDF858156418099B404695
:1015800000221946002303F0C3FF002840F0A78182
:10159000DDF85035A3421A4607D2302203F8012B5A
:1015A0009C42CDF85035F9D81A460E99BAF1470F3A
:1015B00014BF00230123BAF1670F08BF43F00103F2
:1015C000521A1592002B00F02B81DDF8581511F1FD
:1015D000030FC0F25D81119A8A42A8BF4FF0670ADB
:1015E000C0F25681159A88469142C0F2BE8119F028
:1015F000010F18BF01F1010840F0B38128EAE87338
:101600001793139B002B00F02D812D2300208DF8C4
:101610005F351690FFF73FB81B981B9B04331A9356
:1016200003681C464FF00005FFF7B2BA1B981B99E0
:1016300004311A9103681C464FF00005FEF7AABF5B
:101640001B981B9B04331A9303681C464FEAE475EE
:10165000FEF7E3BF159A002A7FF4E2AE19F0010FFE
:101660003FF4F5A8DCE64BF2E4024BF2E003C0F6EF
:101670000002C0F60003BAF1470FC8BF1A464FF088
:1016800003080E9229F080091694CDF85C80FEF7CD
:10169000FFBF0DF5A6620B980A990432FEF746FECD
:1016A00000287FF44AA90DF598610C3182E60DF50A
:1016B000A6620B980A990432FEF738FE00287FF4E0
:1016C0003CA90DF598610C3160E60DF5A6620B980A
:1016D0000A990432FEF72AFE00287FF42EA90DF5A0
:1016E00098610C3104E50DF5A6620B980A99043255
:1016F000FEF71CFE00287FF420A90DF598610C313F
:1017000089E60DF5A6620B980A990432FEF70EFEE3
:1017100000287FF412A90DF598610C31FFF795BBF5
:101720000DF5A6620B980A990432FEF7FFFD00281A
:101730007FF403A90DF598610C3115980E9B486054
:101740000B60DDF83C05159BC218FFE54C60DDF829
:101750003835DDF83C0501330D600219072BCDF853
:101760003C25CDF838353FF7F5AC0831FFE42D23A3
:101770008DF85F35FFF7DCB94C60DDF83825DDF812
:101780003C3501320D601B19072ACDF83C35CDF8E8
:101790003825C5DC0831D0E7119A062A81BF4BF203
:1017A000FC034FF00608C0F60003CDF85C8088BF4C
:1017B0000E933FF612AA119B4BF2FC00C0F60000FC
:1017C000DDF8448023EAE3730E901793FFF705BA20
:1017D0001199DDF8448021EAE17116901791FEF726
:1017E00057BF0DF5A6620B980A990432FEF79EFDCD
:1017F00000287FF4A2A8FFF79DB80DF5A6620B980C
:101800000A990432FEF792FD00287FF496A80DF5A0
:1018100098610C3116E60023A3461193FEF730BE03
:10182000BAF1650F40F3D780BAF1660F18BFDDF843
:1018300058157FF4D7AEDDF85885B8F1000F40F3A6
:10184000D180119B1BB919F0010F00F08A8011990A
:1018500008F101034FF0660A03EB010828EAE87279
:101860001792CEE6139B28EAE87217921693FEF7BA
:101870000FBFBAF1450F14BF00230123BAF1650F62
:1018800008BF43F0010373B3119A0223571C45E6C6
:10189000AAF1020A481E8DF849A50028CDF858057E
:1018A00077DB2B238DF84A3509282BDC30230DF507
:1018B000A864C2188DF84B350DF5A86309340D33B3
:1018C0008DF84C2515981C1B1494012804EB000876
:1018D00058DD08F1010828EAE872179291E6CDF880
:1018E0005045224661E6119F023317E607982D21E5
:1018F000DDF8208000F1004013910990FEE50623F9
:101900001193EFE50DF5A86E46F267670EF1090E2B
:10191000C6F266677446754687FB0032C117C1EB95
:10192000A2014B00CA009B18C31A0846303309298C
:1019300005F8013DF0DC6A1E01F130039645D9B28D
:1019400005F8011C4AD90DF5A8602A460C3001E0C3
:1019500012F8011B00F8011C034601309645F7D828
:10196000B0E728EAE87017904BE60029D8BFC1F12C
:1019700002001599C8BF012000EB010828EAE872AF
:1019800017923EE619F0010FA3D128EAE8711791EA
:1019900037E62D2340428DF84A3585E71B98031D15
:1019A000016800291191BBBF4FF0FF3022782278E7
:1019B00011901B93FEF761BD099B4046002219461A
:1019C000002303F0A5FD00287FF4D5ADC7F1010386
:1019D000CDF85835CFE5DDF858155BE70DF5A86370
:1019E0000B336FE7119B43B919F0010F04BF4FF0A0
:1019F0000108CDF85C803FF404AE11984FF0660A00
:101A000000F1020828EAE8711791FAE5134640F25E
:101A1000DC32C2F2000270B504460D461068214661
:101A20002A46FEF791FC70BD70B540F2DC35C2F27B
:101A3000000506460C46286810B18369002B31D09A
:101A40004AF2D003C0F600039C4233D04AF2F003BE
:101A5000C0F600039C4244D04AF21013C0F60003C3
:101A60009C4204BF2B68DC68A289104693B213F035
:101A7000080F18BF216937D0002925D013F00102C3
:101A800007D063690022A2605B42A361A9B1002074
:101A900070BD13F0020F14BF13466369A3600029E1
:101AA000F5D10AE001F05AF94AF2D003C0F600037A
:101AB0009C42CBD12B685C68D6E7A38913F0800FDA
:101AC000E5D04FF0FF30E3E713F4007F02D013F0CE
:101AD000800FD3D02146304601F0CEFCA389216986
:101AE000CCE72B689C68BFE713F0100FE9D013F028
:101AF000040F08BF216913D0616B49B104F144039D
:101B0000994203D0304601F0EBF9A28900236363C8
:101B100022F0240321690022A38198B2626021602F
:101B200040F00803A3819BB2A6E7C0460000000076
:101B30000A6903692DE9F04F9A4283B080468A46CC
:101B400000F39880D31C571E01F1140500F1140412
:101B50009B0001EB0302034402F1040B5B68516834
:101B600018460131019303F06DF8814600283FD1FA
:101B70003E464046514602F097F8002834DB4FF0CD
:101B8000000C09F10109E64655F80E2054F80E0044
:101B90001304120C0104C2EB10421B0C090CC91AED
:101BA00004EB0E03614402EB21425A8024F80E102C
:101BB0000EF1040E05EB0E034FEA224C9B45E3D2D7
:101BC000391D8B0043445A6872B99C421A4609D2A7
:101BD00058F8213013B105E013681BB9043A013EEF
:101BE0009442F9D3C8F81060484603B0BDE8F08FBE
:101BF0004FF0000C6646E64655F80E3054F80E00DD
:101C00001A041B0C0104120C03FB09F3090C02FB60
:101C10000962614403EB124312041E0C1B04120CF4
:101C2000891A1B0C04EB0E02C3EB104303EB214398
:101C3000538024F80E100EF1040E4FEA234C05EBEE
:101C40000E039B45D8D2019B002B91D1391D8B00EF
:101C500008EB0302A24209D958F8213013B105E07C
:101C600013681BB9043A013F9442F9D33E46C8F8C1
:101C700010707EE70020B8E72DE9F04F446A9DB070
:101C8000904699460590299D002C00F0C08222685C
:101C90007AB163685360059B5A6A012311685068E2
:101CA000834005988B6002F03DF905980023426A55
:101CB0001360B9F10004C0F2BE8100232B6040F232
:101CC000000340F20002C7F6F073C7F6F07204EAB0
:101CD0000303934200F098814046494600220023C6
:101CE000CDE9128903F014FC80B1289801232A99C8
:101CF0000360002900F09682034B2A9A581E136055
:101D00001DB0BDE8F08FC04621B100081AAB1BAA78
:101D1000009301920598DDE9122302F053F9230D97
:101D20005A05520D1090002A40F096811B9F1A9B75
:101D3000FB1803F586650235202DDCBFC5F12003B5
:101D400008FA03F009DDC5F14002A5F1200314FAF9
:101D500002F228FA03F342EA030003F0FDF8A5F5C6
:101D60008666033E01220F92A1F1F87140F2000352
:101D70000022C3F6F87302F0B1FF9DA3D3E900235C
:101D800003F060F99CA3D3E9002302F0A9FF044605
:101D900030460D4603F0F0F899A3D3E9002303F091
:101DA00051F902460B462046294602F099FF0446A7
:101DB0000D4603F0DFFB2946002200231590204644
:101DC00003F0B0FB002840F0D1821598162840F2AD
:101DD0000B8201210B917B1E9A1B00F1DE820D927A
:101DE0000022069215980028C0F2CE820D9900229A
:101DF0000E90091807920D91269B092B40F2E08165
:101E000001270020269000234FF0FF301D460121BE
:101E10002793169009900C91059900234C6A6360F2
:101E20006168059802F096F805993D424B6A20607A
:101E30001B68179300F02381159A002A40F38984C8
:101E400015984AF26812C0F6000200F00F0305115F
:101E5000DB00D21815F0100FD2E9006700F0A8825D
:101E60004AF24024DDE91201C0F6000405F00F0536
:101E70004FF00308D4E9082303F00EFA82468B469C
:101E80009DB14AF24024C0F6000415F0010F09D0BC
:101E900030463946D4E9002308F1010803F0D2F8AE
:101EA00006460F4608346D10EFD15046594632466B
:101EB0003B4603F0F1F9CDE918010B9B002B00F034
:101EC0002A8340F20003DDE918010022C3F6F07313
:101ED0004FF0000403F026FB08B14FF00104169800
:101EE0000028D4BF002304F00103002B00F013836B
:101EF0000999002940F3C180159A40F20003DDE9F9
:101F00001801C4F22403013A0A92002208F10108E0
:101F100003F098F8099B0893CDE91801404603F0B7
:101F20002BF8DDE9182303F08DF840F200030022BE
:101F3000C4F21C0302F0D4FE089A0646A1F15077C1
:101F4000002A40F0ED8240F200030022C4F21403A4
:101F5000DDE9180102F0C2FEB04642463B463E466D
:101F600082468B4603F0FCFA002840F07C8407F19F
:101F7000004250461546594642462B4603F0D2FAD7
:101F800000287AD00026354617983446279B4FF014
:101F9000000ADB43119015930598294601F0C2FF12
:101FA000002C00F00A81BAEB040318BF0123BAF138
:101FB000000F0CBF002303F00103002B40F0488307
:101FC0000598214601F0AEFF15980A9005981099E2
:101FD00001F0A8FF119A0023137028980A9B2A99F0
:101FE0005A1C026011B1119B2A9A1360179887E658
:101FF00061436F63A787D23FB3C8608B288AC63F0F
:10200000FB799F501344D33F289942F20F730B6022
:10201000B8F1000F15D04BF23010C0F600002A9A2C
:10202000002A3FF46DAEC378C21C0BB100F1080268
:102030002A9B1A6064E624F000440123A1462B6029
:102040003DE624F07F4323F47003002BE3D14BF2F1
:102050002410C0F60000E2E7DDE91201A2F57E7669
:10206000073E1B9F21F07F4323F4700343F07E5112
:10207000002341F4E0010F9378E6DDE91289159819
:102080001A990E28CCBF00230123CA4313EAD27049
:1020900000F0CD8015994AF26813C0F60003279826
:1020A000CA009B18D3E900AB169B002BCCBF0022C3
:1020B000012212EAD07040F09E8152465B464046B3
:1020C000494603F0E9F8444603F054FA804602F02A
:1020D00053FF52465B4602F0B5FF02460B462046D0
:1020E000494602F0FBFD179A08F1300302F8013B64
:1020F000169B1192012B04460D4642D040F200037C
:102100000022C4F2240302F09DFF002200230446B3
:102110000D4603F0FDF900284FD1179901278E1CB9
:102120000FE040F200030022C4F22403013602F063
:1021300089FF0022002304460D4603F0E9F9002838
:102140003BD152465B462046294603F0A5F80137AD
:1021500003F010FA804602F00FFF52465B4602F091
:1021600071FF02460B462046294602F0B7FD08F1F2
:10217000300306F8013C169A1196BA4204460D4601
:10218000CFD122462B462046294602F0A9FD04461F
:102190000D465046594622462B4603F0C3F9002807
:1021A00040F0A4815046594622462B4603F0B0F930
:1021B00018B118F0010F40F0998115990A9105E7BF
:1021C0002699052940F37C84269A0021043A269218
:1021D000269B052B00F24281DFE813F08501850183
:1021E00082017F016F015D01159A4AF26814C0F601
:1021F0000004DDE91201D300E418D4E9002303F060
:1022000091F9002840F0CE8000230B93E3E51020E5
:1022100001F0ACF90599446084600460C460044630
:10222000486234E54BF22010C0F6000068E50C9BD4
:10223000002B40F0C280069F1E46079D0D99002985
:10224000D4BF00230123002FD4BF002303F00103D8
:102250004BB10B46069ABB42A8BF3B46FF1AD21AA7
:10226000C91A06920D91079B002B1ADD0C980028C5
:1022700000F08B83002D10DD31462A46059802F0D0
:10228000BDF8109A06460598314601F0CFFF109927
:102290000446059801F046FE109407994A1B40F049
:1022A0008D830121059802F05FF80E9A002A0546F9
:1022B00004DD2946059802F0A1F80546269B012B6E
:1022C00040F3B08000240E9A002A40F00E830123D0
:1022D0000D981B1813F01F0340F02D821C23069845
:1022E000FF180D99C0180690C9180D91069A002A7A
:1022F00004DD0598109901F03FFF10900D9B002B15
:1023000005DD294605981A4601F036FF05460B986B
:10231000002840F0F4822699169A0229D4BF00239F
:102320000123002ACCBF002303F00103002B00F09F
:102330009481002A7FF428AE29460532169B059821
:1023400002F01CF805461098294601F0ADFC002863
:102350007FF71AAE179A312334464FF0000A02F87D
:10236000013B159B11920133159315E6159802F068
:1023700003FE22462B4603F0CBF800287FF425AD60
:10238000159B013B159320E5069B002215980E92A4
:102390001B1A4142069307912EE5524200230692F2
:1023A0000D931FE5159800210B910138159012E54A
:1023B000DDE912AB4FF0020862E5269A012A40F3EC
:1023C000F4821699079B4A1E9342C0F2E5829D1A39
:1023D000169B002BA4BF1A46069FC0F2F5820D98EB
:1023E0000121069B80180D9005989B18069301F01B
:1023F000BBFF064622E7169800287FF4C3AD40F2E3
:1024000000030022C4F214035046594602F01AFE9B
:1024100042464B4603F09AF800287FF4B3AD169E6F
:10242000354697E7B8F1000F7FF44CAF29F07F43B2
:1024300023F47003002B7FF445AF40F20003C7F68E
:10244000F07309EA0303002B3FF43CAF0698012424
:102450000D990130069001310D9134E74FF0FF33B3
:102460000120169309930C90059A0023172E546AA5
:10247000636040F228830422636852000133636082
:1024800002F11403B342F7D916980F460E288CBFF9
:1024900000250125C4E401220C92159A279BD2182D
:1024A0000992561C002EC8BF1696DDDC0E2E8CBF7E
:1024B000002501250F461696AEE401200C90279BBF
:1024C000002BC2BF1E4616930996CDDC01200F4695
:1024D00027900546169009909EE400200C90DCE7BA
:1024E00000220C92EBE70F468DE41192119B5A1ECD
:1024F00013F8013C392B09D1179B9A42F5D1179952
:1025000030231598013015900B70179A0133137012
:1025100015980A905AE51698159908900A91FDE4C5
:102520000C9B002B00F02B81804608984AF268141F
:1025300040F20001431EC0F600040020C3F6E07123
:10254000DB00B946E418D4E9002302F0A5FE3246C8
:102550003B4602F0C3FB82468B46DDE9180103F0DF
:1025600009F8044602F008FD303402460B46DDE966
:10257000180102F0B3FB0F46179906463B4650463A
:10258000324601F8014B1191594602F0E9FF00284B
:102590007FF41CAD40F2000132463B460020C3F6FA
:1025A000F07102F09BFB52465B4602F0BBFF002835
:1025B0004BD1089A012A7FF760AD012504E0089B02
:1025C0000135AB427FF759AD40F200035046594602
:1025D0000022C4F2240302F035FD40F20003002281
:1025E000C4F2240382468B463046394602F02AFD67
:1025F0008946804602F0BEFF044602F0BDFC30343E
:1026000002460B464046494602F068FB52465B468E
:10261000064617980F4644553046119901311191DD
:10262000394602F07FFF00287FF4D0AC40F2000171
:1026300032463B460020C3F6F07102F04FFB524693
:102640005B4602F06FFF0028B9D00A9A15924DE759
:102650000598514601F066FCB2E40C98002800F0A1
:102660000781002F05DD314605983A4601F084FDCB
:102670000646002C40F0D3813446179908F0010B30
:10268000B2464A420392119129461098FFF750FA38
:10269000514600F13009109801F006FB2946224608
:1026A0008046059801F0EAFCC3680646002B3CD042
:1026B00001270598314601F035FC269B3B4303D1A9
:1026C000BBF1000F00F0DB81B8F1000FC0F2818197
:1026D000269958EA010103D1BBF1000F00F079817E
:1026E000002F00F3BB81119A02F8019B0398169901
:1026F000131811928B4200F0D9800A22002305980A
:10270000109901F03BFEA24510902FD051460A22AD
:102710000023059801F032FE21460A22002382465A
:10272000059801F02BFE0446AEE71098314601F003
:10273000BBFA0746BDE7C3F12003042B40F3BC817D
:102740000699043B0D9AFF18C9180691D2180D92EC
:10275000CCE515994D42002D40F0E980DDE91223CA
:102760004FF00208CDE91823FFF7A7BB51460598A3
:102770000A22002301F002FE8246044684E7089AFA
:102780004AF26814C0F60004013A0492D3000246EB
:10279000E4183B46D4E9000102F054FC82468B4623
:1027A000DDE9180102F0E6FE044602F0E5FB3034F4
:1027B0000B460246DDE9180102F090FA179B03F878
:1027C000014B1193064608980F46012823D0012596
:1027D00040F200030022C4F224033046394602F0DE
:1027E00031FC8946804602F0C5FE044602F0C4FB77
:1027F000303402460B464046494602F06FFA0F4617
:10280000179906464C550135089AAA42E0D1119B0A
:1028100004981B18119340F200030022C3F6E073E2
:102820005046594602F05CFA32463B4602F07AFEC8
:1028300000287FF40AAF40F2000152465B460020B8
:10284000C3F6E07102F04AFA32463B4602F088FED7
:1028500000283FF412AC119A119212F8013D302B6E
:10286000FAD0FFF7B3BB0A99089E1591354671E57A
:10287000179A0C9C119206E005980A2210990023E1
:1028800001F07CFD109029461098FFF751F9179B35
:1028900000F1300903F804901198013416990130C1
:1028A0001190A142E8DC34464FF0000A0122109951
:1028B000059801F061FC2946109001F0F5F9002817
:1028C00001DC9FE01192119B5A1E13F8013C392B39
:1028D00040F0C080179B9A42F4D117993123159884
:1028E000013015900B70FFF757BB2B6903339B002A
:1028F000EB18586801F084F9C0F12003E8E410985F
:10290000294601F0D1F90028BFF605AD15990A2234
:102910000598002301391591109901F02FFD0C9AAB
:102920001090002A40F0B980099B1693F3E405F05B
:102930000F034AF26814C0F60004DDE91201DB005F
:10294000E418D4E9002302F07DFB2C1108BF4FF0FE
:102950000208CDE918013FF4B0AA4AF240254FF031
:102960000208C0F6000514F0010F09D0DDE91801D6
:1029700008F10108D5E9002302F064FBCDE9180154
:1029800008356410EFD1FFF798BA05981099079AA7
:1029900001F034FD109084E407990546531A0E9A0D
:1029A000C9180791D2180E9212E50F9B002B4BD03D
:1029B00001F58662069F0332079D10E50598109980
:1029C00001F01CFD10906CE4069800221699471A3D
:1029D00005E5002F4E460FDD01221099059801F004
:1029E000CBFB2946109001F05FF900285FDDB9F1BB
:1029F000390F3ED009F10106119A02F8016B1192CC
:102A0000FFF7CABA03D119F0010F7FF45CAF119A36
:102A1000119212F8013D302BFAD0FFF7BDBA716860
:102A2000059801F097FA326906F10C010232920022
:102A3000044600F10C00FDF76BFB214605980122CE
:102A400001F09AFB044618E61B9B069FC3F1360271
:102A5000079DC4E401331370FFF79EBAB9F1390F33
:102A600007D0119909F1010301F8013B1191FFF71A
:102A700093BA1198392300F8013B119023E7B9F17B
:102A8000390FF6D01198B8F1000FC8BF09F101094C
:102A900000F8019B1190FFF77FBA314605980A2292
:102AA000002301F06BFC06460998169033E4A3D18D
:102AB00019F0010FA0D09AE73FF418AC1C330EE4D4
:102AC0000121FFF785BB169B0F460E2B8CBF0025FF
:102AD0000125FFF7A5B9C0460B692DE9F0418046F5
:102AE0000F46002B70D010B18369002B6FD04AF2D3
:102AF000D003C0F600039F4208BFD8F8047010D07E
:102B00004AF2F003C0F600039F4208BFD8F80870ED
:102B100007D04AF21013C0F600039F4208BFD8F84E
:102B20000C70BB891AB212F0080F21D03E69002E3A
:102B30004AD03B683E609D1B12F0030F0CBF7B69BF
:102B40000023002DBB6004DC3EE02D1A002D3BDD90
:102B50003618BC6A4046396A32462B46A0470028E0
:102B6000F3DCBB894FF0FF3043F04003BB812CE026
:102B700043F400627B68BA81002B2BDDFD6A1DB334
:102B800012F4805218BF7C6D28D0BB8913F0040F5B
:102B900005D07B687A6BE41A0AB13B6CE41A002317
:102BA0004046396A2246A847A042DAD1BB890020B4
:102BB000786023F40063BB81BA893B6912F4805FBB
:102BC00018BF7C653B6000D10020BDE8F08100F0BB
:102BD000C5F88CE73B6C002BD0DCF5E701234046C1
:102BE000396AA847B0F1FF3F044618BFFD6ACCD14F
:102BF000D8F800301D2BE7D0BB8943F04003BB81E0
:102C0000E3E7C04610B5014638B140F2DC33C2F20A
:102C100000031868FFF760FF10BD4AF2301342F658
:102C2000D921C0F60003C0F60001186800F092FB3D
:102C3000F2E7C0467047C0467047C0467047C0467E
:102C40007047C046002070470020704740F2DC33D8
:102C500042F64941C2F20003C0F6000110B51868FF
:102C600000F0A4FB10BDC04640F2DC3342F6454103
:102C7000C2F20003C0F6000110B5186800F096FB20
:102C800010BDC04644F6853110B5C0F6000100F015
:102C90008DFB10BD4AF2301344F68531C0F60003B7
:102CA000C0F6000110B5186800F080FB10BDC046EA
:102CB000CA004B019B1A5B1A70B59E000D4606F1C7
:102CC0000C0100F05DFC044640B100F10C00002155
:102CD000656032462160A060FDF766FA204670BD4F
:102CE0004AF23013C0F6000370B51C680546A269AD
:102CF000002A24D0D8346368A06813F1FF3204D5C9
:102D000019E012F1FF3216D45C30B0F90C30002B10
:102D1000F7D14FF0FF33C3814FF0010383810023CC
:102D20000360836043600361436183614363836342
:102D30008364C36470BD206828B10446DBE7204685
:102D400000F00CF8D6E728460421FFF7B1FF206019
:102D50000028F2D10C232B60ECE7C0462DE9F042AD
:102D6000876982B0002F62D142F685434FF0010996
:102D7000C0F60003C0F81890836244F6A916C0F8A4
:102D8000D87044F66D15C0F8DC7044F64514C0F8F0
:102D9000E070C0F600060190FFF7A2FF0199C0F6AF
:102DA0000005C0F6000448600846FFF799FF019946
:102DB00088600846FFF794FF01994FF0040344F63A
:102DC000391EC0F6000E4A6893818B681760576001
:102DD0009760D78117615761976112625662956259
:102DE000D462C2F830E04FF009021F605F609F605C
:102DF0009A814FF00202A3F80E901F615F619F61FC
:102E00001B625E629D62DC62C3F830E04FF0120329
:102E1000C8600760476087608381C281076147613E
:102E20008761006246628562C462C0F830E002B029
:102E3000BDE8F0822DE9F04140F2D045C2F2000534
:102E40000C46074600F0D8FEAB685A6822F003062D
:102E500006F57E630F331B1B1B0B013B1C03B4F5F4
:102E6000805F07DB0021384601F052FDAB689B19FB
:102E7000984205D0384600F0C1FE0020BDE8F08140
:102E80006142384601F044FDB0F1FF3F10D0A9681F
:102E900040F6C822C2F20002331B43F00103384659
:102EA0004B6013681B1B136000F0A8FE0120E5E7D0
:102EB0000021384601F02CFDAD68441B0F2CD9DDF4
:102EC00040F6D80340F6C821C2F20003C2F2000166
:102ED0001A6844F00103821A0A606B60CAE7C046B0
:102EE0002DE9F04180460C46002947D0A4F10805A1
:102EF00000F082FE40F2D0476A68C2F2000722F07A
:102F000001016818436823F00306BB68834259D067
:102F100012F0010E466033D0002483195A6812F073
:102F2000010F09D18919002C4AD182684E4B9A426F
:102F300078D0C368D3609A6041F0010369506B6038
:102F4000CCB9B1F5007F29D34A0A042A5CD88B0991
:102F50003833DA00BA18906890425BD0436823F0A7
:102F60000303994202D280688242F7D1C368EB60C2
:102F7000A860C5609D60404600F040FEBDE8F0815D
:102F800054F8083CED1AC91807F10803AA689A42D8
:102F900038D0EB687446D3609A60BEE7C908012256
:102FA0007B688810C9007918824013437B608B6866
:102FB0004046E960AB60DD608D6000F01FFEDDE73C
:102FC0008268B6E7711812F0010F07D154F8083C77
:102FD000ED1AC918EA68AB68DA60936041F0010342
:102FE0006B6040F6DC03BD60C2F200031A689142D8
:102FF000C1D340F6C4234046C2F200031968FFF76C
:1030000019FFB8E7012488E7142A14D802F15B03FA
:10301000DA009FE7012299107B688A4013437B60A6
:103020000346A4E7D56041F001039560EA60AA6019
:103030006B6069509FE7542A03D80B0B6E33DA009C
:1030400088E7B2F5AA7F03D8CB0B7733DA0081E7A4
:1030500040F254539A4203D97E234FF47C7279E7AD
:103060008B0C7C33DA0075E7D80400202DE9F04F93
:10307000936885B00E4602900192002B2DD08F8967
:1030800017F0080F2DD00B69002B2AD0019A17F0EA
:103090000200D2F800A032D000273D46B5B1B5F508
:1030A000806F34BF2B464FF48063B46A02983A466F
:1030B000316AA047002840F39B80019A93681B1A4D
:1030C000936053B12D1A3F18002DE8D1DAF8007043
:1030D000DAF804500AF1080AE0E7002005B0BDE87C
:1030E000F08F02983146FEF79FFC002840F02781C0
:1030F000B789019A17F00200D2F800A0CCD117F0DE
:10310000010104BF8846454640F0A180002D52D001
:1031100017F4007FB46855D0A54238BF2C4633D38E
:1031200017F4906F30D0726933683169C1EB030BCB
:1031300053009B1803EBD3734FEA63090BF10103B0
:103140005B194A4699453CBF99464A4617F4806F39
:103150006FD00298114600F013FA0446002872D08E
:1031600031695A46FCF7D4FFB38923F4906343F0E6
:103170008003B38104EB0B0334612C463360C6F843
:103180001490CBEB0903B36022463068414600F04F
:10319000D3FCB36832681B1BB36012192C46326033
:1031A000019A93681B1B9360002B96D02D1BA044A3
:1031B000B789002DACD1DAF80080DAF804500AF1B2
:1031C000080AA3E73068AC422CBF00230123326910
:1031D000904294BF002303F00103E3B973699D4259
:1031E0000DD3B46A42460298316AA047041ED7DC68
:1031F000B3894FF0FF3043F04003B3816EE72A46B6
:10320000414600F099FCB36832682C465B1BB36002
:1032100052193260C4E74146224600F08DFC336803
:10322000029831461B193360FFF756FC0028B7D0CF
:10323000DEE7029801F086F9044600289AD1029848
:103240003169FFF74DFE029A0C231360D0E78346E5
:10325000814680460390B8F1000F30D0039A002ACF
:103260005CD0B368C14534BF4F4647467569306886
:10327000EC183269A742D4BF00230123904294BFC7
:10328000002303F00103002B3AD1AF4220DBB46AE4
:103290005A4602982B46316AA047041EA8DDB9EBB6
:1032A000040923D0019A93681B1B9360002B3FF401
:1032B00014AFC4EB0808A344B8F1000FCED1DAF87C
:1032C00000B00023DAF804800AF1080A0393C2E789
:1032D0003A46594600F030FCB36832683C46DB1B86
:1032E000B360D219B9EB04093260DBD102983146E0
:1032F000FFF7F2FB00287FF47BAFCDF80C90D1E70D
:103300005946224600F018FC3368029831461B19D2
:103310003360FFF7E1FB0028C1D069E758460A2176
:10332000424600F0C9FB28B1431CCBEB0309012343
:10333000039396E7012208F10109039291E7B3890B
:1033400009224FF0FF3043F04003B381029B1A6023
:10335000C4E6C0462DE9F04781468A46FFF76AFC7D
:1033600019F1D80708BFB8461BD04FF000087E6897
:10337000BD68002E12DD002400E05C35B5F90C308C
:103380004BB1B5F90E30B3F1FF3F04D048462946A2
:10339000D04748EA00080134B442EED13F68002F1C
:1033A000E5D1FFF749FC4046BDE8F0872DE9F0473D
:1033B00004468946FFF73EFC14F1D80708BFB8461B
:1033C0001AD04FF000087E68BD68002E11DD002481
:1033D00000E05C35B5F90C3043B1B5F90E30B3F10E
:1033E000FF3F03D02846C84748EA00080134B442EA
:1033F000EFD13F68002FE6D1FFF71EFC4046BDE845
:10340000F087C0464AF23413C0F6000318687047CC
:103410000048704738A100080048704738A10008EC
:1034200070B505460E4614464AB14BF234111046AB
:10343000C0F6000101F0CAFA30B9EE612C624BF21D
:103440003410C0F6000070BD4BF250112046C0F69B
:10345000000101F0BBFA0028EFD00020F3E7C046DE
:103460000A4640F2DC31C2F20001034610B508689A
:103470001946FFF7D5FF10BD8B89F0B506469AB205
:1034800091B012F0020F0C4621D1B1F90E100029B3
:1034900027DB01AA01F080FB002820DB029B03F45C
:1034A0007043B3F5005F14BF00270127B3F5004F49
:1034B00041D0A3894FF4806543F40063A3811AE0EF
:1034C000A38913F4007F08D143F00203A38104F120
:1034D0004702012322602261636111B0F0BDA3891C
:1034E0009AB212F0800F43F400630CBF4FF4806572
:1034F00040250027A3813046294600F041F80028E6
:10350000DED0A28942F68543C0F60003206042F077
:103510008002B362A28120616561002FDDD0304658
:10352000B4F90E1001F04EFB0028D6D0A38943F069
:103530000103A381D1E744F64513E26AC0F6000314
:103540009A42B6D1A3894FF480621546226543F4AE
:103550008063A381CFE7C04640F2DC330146C2F26C
:10356000000310B51868FFF7BBFC10BD40F2DC3358
:103570000146C2F2000310B5186800F001F810BD52
:1035800001F10B020B46162A2DE9F04F804683B05D
:1035900000F2A380102500219D422CBF0B4641F074
:1035A0000103002B40F0B381404600F025FBB5F548
:1035B000FC7FC0F096806A0A40F0B280EA08D3002F
:1035C00040F2D047C2F20007F818C468A04206D102
:1035D0000CE0002B80F27681E468A04206D063689C
:1035E00023F003014B1B0F2BF3DD013A02F1010E17
:1035F00040F2D042C2F2000202F1080CDCF80840AE
:10360000A44508BF914620D0636823F00301481BFE
:103610000F2800F366810028CCF80CC0CCF808C055
:1036200080F28680B1F5007F80F07681C9089146EE
:1036300001227B688810C9004944824013437B60A3
:103640008B68E160A360DC608C6001234FEAAE020E
:10365000D9F8041013FA02F68E4270D80E420BD13C
:1036600076002EF003030E4203F1040E04D176001F
:103670000EF1040E0E42FAD04FEACE03F24609EBE9
:1036800003010A46D068824207D17BE1002C80F218
:103690008081C068824200F07581436823F0030393
:1036A0005C1B0F2CF2DD421945F001030546C16891
:1036B0004360404655F8083F1451D9608B6044F090
:1036C0000103CCF80C20CCF80820C2F80CC0C2F8DA
:1036D00008C0536000F092FA1EE022F00705E90FDF
:1036E0005AE740F2D047EA08C2F200077B19DC68CB
:1036F0009C4200F033816268E168A36822F0030213
:10370000A218D9608B605368404604F1080543F065
:103710000103536000F072FA284603B0BDE8F08F51
:10372000042A07D9142A00F223815B32D30047E729
:103730006218E8E7AB0903F13802D30040E7D9F893
:103740000840636823F0030CC5EB0C010F29CCBFC4
:1037500000230123654588BF43F00103002B00F0DF
:10376000A28040F6C42BD7F80824C2F2000BDBF885
:10377000003010335E19B2F1FF3F06D006F57E63CC
:103780001F3323F47E6626F01F0640463146CDF8EF
:1037900004C001F0BDF8DDF804C0B0F1FF3F82467F
:1037A00070D004EB0C01814240F223814C4569D179
:1037B000DBF80430F018CBF80400D7F8083440F2F6
:1037C000D042C2F20002B3F1FF3F08BFC2F808A422
:1037D00004D0C1EB0A031B18CBF804301AF007031E
:1037E000404617BFC3F108034FF480519A4403F5D4
:1037F00080510AEB0603CDF804C01B051B0DCE1A41
:10380000314601F085F8DDF804C0B0F1FF3F00F06B
:103810003381CAEB00039B1943F00100DBF804304D
:10382000C9F808A0F3184C45CBF80430CAF80400D6
:1038300014D0BCF10F0F40F20381ACF10C01052252
:1038400021F0070160180F2942608260636803F06D
:10385000010341EA0303636000F20881DBF804100E
:1038600040F6C422DBF82C30C2F20002994288BF35
:10387000D16240F6C422DBF83030C2F20002994235
:1038800088BF1163D9F80840626822F00302511B17
:103890000F29CCBF00230123954288BF43F00103C9
:1038A000002B40F0FF80621945F00103C9F80820A1
:1038B0004046636041F00103536004F1080500F0E5
:1038C0009DF929E7A3686118E268404604F10805FC
:1038D000DA6093604B6843F001034B6000F08EF9AF
:1038E0001AE7631945F00102CCF80C3004F1080521
:1038F000626040F00102CCF8083018504046C3F82E
:103900000CC0C3F808C05A6000F078F904E70C2333
:103910000025C8F80030FFE64A0A042A48D9142ACC
:1039200000F2928002F15B03DA00B81840F2D0494D
:10393000C2F200098668864218BF324676D05368C4
:1039400023F00303994202D292689042F7D1D368E0
:103950001646E360A660F4609C6076E604F1080316
:10396000DC68A34208BF02F1020E3FF441AEC2E69A
:10397000542A21D9B2F5AA7F50D8EB0B03F1770274
:10398000D3001DE60AF1010A1AF0030F19D008321C
:1039900078E6C2180546C1684046536843F0010303
:1039A000536055F8083FD9608B6000F027F9B3E603
:1039B0008B093833DA00B8E72B0B03F16E02D30022
:1039C000FEE5724600E0013A12F0030F5FD00B46AD
:1039D00053F808199942F6D0D9F8043076009E427F
:1039E0003FF6ADAE002E3FF4AAAE1E425FD0D646E3
:1039F00042E6DBF8043006EB0300CBF804007FF46A
:103A0000DCAE0B051B0D002B7FF4D7AED9F80820D8
:103A100006EB0C0343F0010353601FE740F25453DD
:103A20009A4217D97E22A3F5B273C9E501229910F3
:103A3000D9F804308A401343C9F80430334688E784
:103A40000123CAF804301DE7542A08D80B0B6E3343
:103A5000DA006AE7AB0C03F17C02D300B0E5B2F503
:103A6000AA7F0CD8CB0B7733DA005EE7404604F12F
:103A70000801FFF735FAF1E600260230CEE640F203
:103A800054539A420AD97E234FF47C724DE7D9F8F9
:103A90000430F2431340C9F804309DE78B0C7C33AB
:103AA000DA0042E74046002500F0A8F834E60AF1C3
:103AB000040A760099E7C046032A844630B4C9B2A6
:103AC000144627D91CF0030325D11D461A462B02A4
:103AD00001325D18042AFAD16046036885EA0303BF
:103AE000A3F10132DB431A4012F0803F0ED003787D
:103AF0008B421ED04378421C8B421BD08378821CA1
:103B00008B4217D0C378C21C8B4213D0043C0430C4
:103B1000032CE2D85CB103788B4206D0621E32B12E
:103B200010F8013F013A8B42F9D130BC70470020B8
:103B3000FBE702461046F8E7F0B406460D46144689
:103B4000AE4211D92F19BE420ED254B1321963427E
:103B500002EB030C611EFA18535C0CF801300139BA
:103B6000FAD23046F0BC70470F2C0CD8002AF8D09F
:103B70004FF0000C11F80C3000F80C300CF1010C77
:103B80009445F7D1EDE745EA060313F0030FEDD1B5
:103B900030462946A4460B68ACF1100C03604A6815
:103BA00042608B688360CA681031C2601030BCF11B
:103BB0000F0FF0D8A4F1100303F00F0223F00F034E
:103BC0001033E918F418032A13D94FF0000C51F8F8
:103BD0000C3044F80C300CF1040CCCEB0203032B3A
:103BE000F5D8131F03F0030223F003030433C918AD
:103BF000E4182046BAE7C0467047C0467047C04642
:103C0000030C1B04BBB1002310F07F4F01D108331C
:103C1000000210F0704F01D10433000110F0404F4A
:103C200001D102338000002803DB10F0804F05D063
:103C300001331846704700041023E5E72023F8E716
:103C40000268014612F0070009D012F0010F22D1DC
:103C500012F0020F23D1930802200B601CE0130422
:103C60001B0C0BB9120C102012F0FF0F01D1083001
:103C7000120A12F00F0F01D10430120912F0030FD3
:103C800001D10230920812F0010F02D1520804D083
:103C900001300A6000E0002070472020FCE7530854
:103CA00001200B60F8E7C04603690A6910B49C1A4A
:103CB00011D1131D00F1140C9B00C218CB18101D5C
:103CC000191D50F8042C51F8043C9A4206D10438CE
:103CD00004398445F5D3204610BC704738BF4FF0F7
:103CE000FF34F8D30124F6E740F20003C7F6F0737F
:103CF00001EA0303A3F15073002B02DD19460020F3
:103D000070475B421A15132A07DDA2F114031E2B1C
:103D100009DD012300211846F2E74FF400230020BB
:103D200053FA02F1ECE7C3F11F0201239340F1E7DC
:103D300003692DE9F041043300F114060C4650F8F4
:103D400023709A0085183846FFF75AFF0A28C0F1F9
:103D50002003236017DCAE42C0F10B0239D255F8C4
:103D6000043C33FA02F137FA02F343F07E5500F1D6
:103D7000150317FA03F345F4E00541EA030420466E
:103D80002946BDE8F081AE422CBF4FF0000E55F839
:103D900004EDB0F10B0202BF47F07E5545F4E0059B
:103DA0007446ECD0B542C2F1200114D955F8043C58
:103DB00033FA01F017FA02F32EFA01F143F07E53C1
:103DC0000EFA02F243F4E00340EA020443EA01057A
:103DD000D5E70021C7E70020ECE7C0462DE9F04316
:103DE00083B00C4601A90546FFF7A2FF06460F4621
:103DF00020466946FFF79CFF009A2B698946019986
:103E00008046891A22699B1A5B01C91800290ADDBC
:103E10000B05DF193046394642464B4601F03CFA65
:103E200003B0BDE8F0834B421B059944F2E7C0465E
:103E3000172810B504460FDD40F200010020C3F63C
:103E4000F07140F200030022C4F22403013C01F0AF
:103E5000F9F8002CF5DC10BD4AF26813C200C0F678
:103E600000039B18D3E90001F5E7C0461369013947
:103E700030B40433491102F1140C01319B00D31802
:103E8000154689001A1D441894450ED200215CF88D
:103E90000130435004310CEB01039A42F7D8531B15
:103EA000153B23F003030433C018844204D90023D4
:103EB00040F8043B8442FBD830BC704702694B1188
:103EC00010B49A420446B8BF104612DB10DD11F060
:103ED0001F0C0DD0184604339B00E318596821FAD3
:103EE0000CF202FA0CF28A4203D0012010BC704797
:103EF000184600F1040C04F114014FEA8C03E01899
:103F0000021D91420CD254F82C30002BEDD1024608
:103F1000914205D252F8043D002BE6D19142F9D3EB
:103F20000020E3E770B5456A06460C464DB13CB14A
:103F3000726A6068D16851F82030236041F82040EF
:103F400070BD1020FFF712FB706245608560056050
:103F5000C560ECE770B5446A06460D466CB1E16891
:103F6000A9B151F82520002A1DD0136841F8253049
:103F700000231361D360104670BD1020FFF7F6FADE
:103F8000002304467062436083600360C3600421C1
:103F90003046102200F058FD736AE060D9680029AD
:103FA000DFD10A46E7E70121304611FA05F4621D28
:103FB000920000F049FD02460028DCD04560846094
:103FC000D6E7C046F0B5012183B01D461446FFF781
:103FD000C1FF25F0004225F07F4121F470012B46FE
:103FE000170D00911CBF41F4801300930646002C6E
:103FF0001ED002A840F8044DFFF722FE0546002817
:1040000031D1019B7361009B002B14BF022401245A
:104010003461B361C7B10899A7F58663033BC5F165
:1040200035025B190B60099B1A60304603B0F0BD86
:104030006846FFF705FE009B01223261144673615A
:1040400000F12005002FE6D10899A200B218A5F5CD
:104050008663023B10690B60FFF7D2FD099A63018A
:104060001B1A1360E1E7009BC0F12002019913FACB
:1040700002F2C3400A4372610093C4E72DE9F0479E
:104080000B69904612690E469F1A002F4FD06CDBC9
:10409000002701F114057168FFF75CFF4FF0000E77
:1040A000C7608146376900F114043B1D9B00F3187B
:1040B00008F1140603F1040AD8F8103004339B0009
:1040C000434403F1040C56F8042B55F8040B130475
:1040D000120C0104C2EB10421B0C090CC91AB445A6
:1040E000714402EB2142628024F8041B4FEA224E05
:1040F000E9D855450ED255F8043B1A041B0C120C96
:10410000AA45724403EB2243638024F8042B4FEA50
:10411000234EF0D854F8043C33B9224652F8083CF8
:10412000013F043A002BF9D0C9F8107019E0131DB3
:1041300001F114059B00CA184344111D1C1D51F8C0
:10414000042C54F8043C9A420ED10439043C8D42AC
:10415000F5D30021FFF7FEFE012300228146036113
:1041600042614846BDE8F08795D243460127B046F4
:1041700003F114051E468EE72DE9F0470E46541153
:10418000814633691746496801331D19B3689D425A
:1041900003DD5B0001319D42FBDC4846FFF7DAFEA0
:1041A000002C804600F114000ADD00231A4640F876
:1041B000232001339C42FADC231D9B004344181D3D
:1041C000336906F1140104339B00F31817F01F0440
:1041D00003F1040C08BF22461BD0C4F1200E0022BC
:1041E0000B68A34042EA030340F8043B51F8042B58
:1041F0008C4522FA0EF2F3D8026002B101356B1E33
:104200004846C8F810303146FFF78CFE4046BDE8FE
:10421000F0878B58835004328B189C45EFD98B580C
:10422000835004328B189C45F3D8E8E72DE9F04F12
:104230000E6915690C46174685B0AE42B5BF1346E8
:1042400033461C462E46ACBF1D460F46A36806EB00
:10425000050861689845C8BF0131FFF77BFE08F18A
:1042600004039B00C31800F1140B043300909B451A
:10427000019306D25B460022019943F8042B994230
:10428000FAD82B1D07F1140904F1140203929B00C4
:10429000E31803F1040C331D9B00FB180433029355
:1042A00099454AD24FF0000E59F80E300BEB0E0A2A
:1042B0001F043F0CDFB1039E5446002556F8042B23
:1042C00020681104120C0304000C090C1B0C07FBE2
:1042D000020207FB0131491902EB1142628024F806
:1042E000041B150CB445E9D8256059F80E301F0C95
:1042F0001CD05BF80E305046039D00261C4655F836
:10430000041B03800A04090C120C02FB076202EB77
:104310001442428050F8044F23041B0C01FB073168
:1043200001EB12431E0CAC45E9D803600EF1040EFC
:10433000029909EB0E039942B6D8B8F1000F0BDDD4
:10434000019A52F8043C23B106E052F8083C043AC2
:1043500013B918F1FF38F8D1009B1846C3F8108044
:1043600005B0BDE8F08FC04610B50C460121FFF73F
:10437000F1FD01234461036110BDC0462DE9F04108
:10438000804600200F460E6901F1140494461D4634
:104390000146625801301304120C1B0C02FB0CF294
:1043A00003FB0C5302EB13429BB2150C03EB0243CD
:1043B000635004318642ECDC45B1BB689E4208DAAA
:1043C000331D721C3A619B00FB185D603846BDE8E6
:1043D000F081796840460131FFF7BCFD3A6907F189
:1043E0000C0102329200044600F10C00FBF790FE33
:1043F000394640462746FFF795FDE1E712F00303F3
:104400002DE9F04180460F4615462DD1AE101FD044
:10441000D8F82440002C3FD0A568002D32D016F0EB
:10442000010F08D1761013D02C68A4B120460546A0
:1044300016F0010FF6D039462A464046FFF7F6FE41
:10444000394604464046FFF76DFD76102746EBD10E
:104450003846BDE8F08129462A464046FFF7E6FE89
:10446000286005460460E3E7013B4AF26814C0F6A1
:1044700000049B00E4180023D4F8C820FFF77EFF57
:104480000746C3E7404640F27121FFF76DFF002366
:10449000A06005460360C2E71020FFF767F800231D
:1044A0000446C8F82400436083600360C360B3E738
:1044B0002DE9F0471546984603F1080248F639639E
:1044C0000E46C3F6E303074683FB0213D217C2EB83
:1044D0006302012A34DD002101235B0001319A428D
:1044E000FBDC3846FFF736FD089B0122092D01460B
:1044F0004361026121DD06F109090924335D0A22C5
:1045000038460134303BFFF739FFA5420146F5DC60
:1045100009EB0503A3F10806A8450BDD0024335D74
:104520000A2238460134303BFFF728FF63199845CB
:104530000146F4DC0846BDE8F0870A360925EBE7BA
:104540000021CEE72DE9F04F85B090468A460290D3
:10455000002900F02181FFF74FFB08F10B0116291C
:10456000AAF108078BBF21F007094FF01009CE46CA
:10457000CE4688BF4FEAD9737C6898BF0023224695
:10458000C1452CBF1E4643F00106002E40F0368187
:1045900024F003057545A4BF3C462E464FDA40F291
:1045A000D04B7919C2F2000BDBF808C08C4500F043
:1045B000F880486820F00103CB185A6812F0010F08
:1045C00032D03146304614F0010F40F09F805AF847
:1045D000083CFB1A03935A6822F00302002957D0C3
:1045E000614500F01081521986187645B8BF16460D
:1045F0004FDBCA688B68DA6093602A1F039B242A0A
:104600001846D96850F8083FD9608B6000F2EA80FC
:10461000132A544605466BD9DAF80030211D039859
:104620008360DAF804304CE020F003004619764548
:10463000C9DBCA688B68DA60936022463C46C9EBE6
:1046400006000F2810D802F00103A219334363605B
:10465000536843F00103536002980834FFF7CEFA21
:10466000204605B0BDE8F08F04EB090102F001031C
:1046700040F00102081843EA090363604A60083108
:10468000436843F0010343600298FEF729FCE3E727
:10469000561976453ADB0398C26850F8083FDA604D
:1046A00093602A1F242A00F29D80132A544605464F
:1046B0001ED9DAF80030039903988B60211DDAF8CF
:1046C00004300C1D1B2AC36000F1100510D94B6883
:1046D000211D00F11805036163680C1D242A436144
:1046E00006D14B6800F12005836162680834C2611D
:1046F0002046294650F8042B41F8042B63686B6070
:1047000042684A6003990C464A6898E70298414615
:10471000FEF736FF044600283AD07A68A0F1080177
:1047200022F00103FB18994200F0C0802F1F242FB4
:104730005FD8132F554606461CD95046214650F8DF
:10474000042B051D41F8042B0E1DDAF804301B2F35
:1047500063600FD943682A1D4B60311D6B68151DBE
:1047600073600E1D242F05D153684B606A680835AD
:10477000726008362846314650F8042B41F8042B65
:104780006B68736042684A6002985146FEF7A8FB66
:104790000298FFF733FA63E71146FEF7F1FE04468D
:1047A0005EE7DCF8043023F0030009F1100342193E
:1047B0009A42B8BF6146FFF606AF07EB0903C9EBA3
:1047C000020242F0010202985A6007F10804796877
:1047D000CBF8083001F0010149EA01017960FFF7E7
:1047E0000DFA3DE75146FFF7A7F9039B1C465A68AF
:1047F00025E751463A46FFF79FF9C5E702980C2393
:10480000002403602CE7561909F1100300EB060C95
:104810009C45FFF63EAF03990C46CA6854F8083F22
:10482000DA6093602A1F242A46D8132A5546264662
:104830001DD9DAF8003003988B60291DDAF80430AE
:104840000D1D1B2A00F11006C36010D94B68291DED
:1048500000F1180603616B680D1D242A436106D11F
:104860004B6800F1200683616A680835C2612846FA
:10487000314650F8042B41F8042B6B687360426892
:104880004A600399C9EB0C0242F00102029801EB65
:104890000903CBF808305A600A46496801F0010163
:1048A00049EA01015160FFF7A9F9D9E64B683C4696
:1048B00023F003035E19C2E620465146CDF804C03A
:1048C000FFF73AF9DDF804C0DBE7C0460B4641428A
:1048D000014323F0004040F2000340EAD170C7F6E4
:1048E000F0731B1A58421843C01701307047C04676
:1048F0000B464142014340F2000010B423F0004453
:1049000044EAD174C7F6F070001BC00F10BC7047AA
:1049100070B540F65834C2F200040546084600233C
:10492000236005F09FFAB0F1FF3F00D070BD23680F
:10493000002BFBD02B60F9E710B5B1F90E1000F099
:10494000B1F810BD10B50C46B1F90E1000F04EF9DB
:10495000B0F1FF3F15BF6065A389A38923F480539D
:1049600016BF43F48053A381A38110BD2DE9F0410C
:104970001F468B8905460C46164613F4807F06D0E9
:104980000223B1F90E10002200F030F9A38923F4BC
:1049900080532846A3813246B4F90E103B4600F0FE
:1049A0003DF8BDE8F081C04610B50C46B1F90E10D7
:1049B00000F032F9002803DB636D1B18636510BD3E
:1049C000A38923F48053A381F9E7C04641EA000399
:1049D000024613F0030F04D102680B689A4212D00A
:1049E0000246107820B917E012F8010F013198B192
:1049F0000B788342F8D0C01A704750F8042F51F852
:104A0000043F9A42ECD1A2F10133D243134013F098
:104A1000803FF2D00020EFE70B78ECE770B540F66E
:104A20005834C2F2000405460020206008461146B2
:104A30001A4605F007FAB0F1FF3F00D070BD2368B9
:104A4000002BFBD02B60F9E710B501FB02F1FEF75C
:104A500097FD0446F8B150F8043C23F003031A1FF5
:104A6000242A1AD8132A01460FD9002340F8043B00
:104A7000011D1B2A636008D94360081D4B60011D9E
:104A8000242A02BF43604B6008310B46002243F8E2
:104A9000042B4A605A60204610BD0021FBF784FBBE
:104AA000F9E7C04670B540F65834C2F20004054636
:104AB00008460023236005F0ADF9B0F1FF3F00D0B8
:104AC00070BD2368002BFBD02B60F9E770B506465C
:104AD0000C4600294BD0FEF7ADF816B1B369002B98
:104AE00047D04AF2D003C0F600039C4208BF746866
:104AF0000ED04AF2F003C0F600039C4208BFB4682F
:104B000006D04AF21013C0F600039C4208BFF468B6
:104B1000B4F90C503DB330462146FDF7DDFF236B61
:104B200005463BB13046216A984735EA200528BF43
:104B30004FF0FF35A38913F0800F1ED1616B41B197
:104B400004F14403994202D03046FEF7C9F900232C
:104B50006363A16C21B13046FEF7C2F90023A36460
:104B60004FF00003A381FEF767F8284670BD0D469D
:104B7000FBE73046FEF7F2F8B3E730462169FEF76F
:104B8000AFF9DBE740F2DC330146C2F2000310B5B7
:104B90001868FFF79BFF10BD70B540F65834C2F29D
:104BA00000040546084611460023236005F03CF941
:104BB000B0F1FF3F00D070BD2368002BFBD02B600D
:104BC000F9E7C04670B540F65834C2F20004054615
:104BD00008460023236005F031F9B0F1FF3F00D013
:104BE00070BD2368002BFBD02B60F9E770B540F651
:104BF0005834C2F2000405460020206008461146E1
:104C00001A4605F003F9B0F1FF3F00D070BD2368EC
:104C1000002BFBD02B60F9E770B540F65834C2F298
:104C20000004054600202060084611461A4605F09B
:104C3000E9F8B0F1FF3F00D070BD2368002BFBD036
:104C40002B60F9E7002934D00123002210B48842F8
:104C50002CD301242407A14204D2814202D20901AB
:104C60001B01F8E7E400A14204D2814202D24900CC
:104C70005B00F8E7884201D3401A1A434C08A0426F
:104C800002D3001B5C0822438C08A04202D3001B05
:104C90009C082243CC08A04202D3001BDC0822431C
:104CA000002803D01B0901D00909E3E7101C10BC40
:104CB000704708B14FF0FF3000F00AB80029F8D073
:104CC00003B5FFF7C1FF0EBC4243891A1847C0461F
:104CD0007047C04681F0004102E0C04683F00043C7
:104CE00030B54FEA41044FEA430594EA050F08BF87
:104CF00090EA020F1FBF54EA000C55EA020C7FEA4B
:104D0000645C7FEA655C00F0E2804FEA5454D4EBC7
:104D10005555B8BF6D420CDD2C4480EA020281EA91
:104D2000030382EA000083EA010180EA020281EAC9
:104D30000303362D88BF30BD11F0004F4FEA01311B
:104D40004FF4801C4CEA113102D0404261EB41012A
:104D500013F0004F4FEA03334CEA133302D05242B0
:104D600063EB430394EA050F00F0A780A4F101046C
:104D7000D5F1200E0DDB02FA0EFC22FA05F28018A6
:104D800041F1000103FA0EF2801843FA05F359418C
:104D90000EE0A5F120050EF1200E012A03FA0EFC0B
:104DA00028BF4CF0020C43FA05F3C01851EBE37135
:104DB00001F0004507D54FF0000EDCF1000C7EEB52
:104DC00000006EEB0101B1F5801F1BD3B1F5001F90
:104DD0000CD349085FEA30004FEA3C0C04F10104AF
:104DE0004FEA445212F5800F80F09A80BCF1004FD8
:104DF00008BF5FEA500C50F1000041EB045141EA5A
:104E0000050130BD5FEA4C0C404141EB010111F45A
:104E1000801FA4F10104E9D191F0000F04BF014605
:104E20000020B1FA81F308BF2033A3F10B03B3F1E3
:104E300020020CDA0C3208DD02F1140CC2F10C0273
:104E400001FA0CF021FA02F10CE002F11402D8BFD1
:104E5000C2F1200C01FA02F120FA0CFCDCBF41EA9D
:104E60000C019040E41AA2BF01EB0451294330BD6C
:104E70006FEA04041F3C1CDA0C340EDC04F1140449
:104E8000C4F1200220FA04F001FA02F340EA030020
:104E900021FA04F345EA030130BDC4F10C04C4F166
:104EA000200220FA02F001FA04F340EA0300294646
:104EB00030BD21FA04F0294630BD94F0000F83F490
:104EC000801306BF81F480110134013D4EE77FEA73
:104ED000645C18BF7FEA655C29D094EA050F08BFBF
:104EE00090EA020F05D054EA000C04BF19461046A0
:104EF00030BD91EA030F1EBF0021002030BD5FEAE4
:104F0000545C05D14000494128BF41F0004130BD0B
:104F100014F580043CBF01F5801130BD01F000455F
:104F200045F0FE4141F470014FF0000030BD7FEAD2
:104F3000645C1ABF194610467FEA655C1CBF0B46CD
:104F4000024650EA013406BF52EA033591EA030FE4
:104F500041F4002130BDC04690F0000F04BF002195
:104F6000704730B54FF4806404F132044FF000050F
:104F70004FF0000150E7C04690F0000F04BF002141
:104F8000704730B54FF4806404F1320410F00045EE
:104F900048BF40424FF000013EE7C04642004FEAA2
:104FA000E2014FEA31014FEA02701FBF12F07F4366
:104FB00093F07F4F81F06051704792F0000F14BF63
:104FC00093F07F4F704730B54FF4607401F00045A7
:104FD00021F0004120E7C04650EA010208BF7047B7
:104FE00030B54FF000050AE050EA010208BF7047F3
:104FF00030B511F0004502D5404261EB41014FF45C
:10500000806404F132045FEA915C3FF4DCAE4FF05F
:1050100003025FEADC0C18BF03325FEADC0C18BF46
:10502000033202EBDC02C2F1200300FA03FC20FA97
:1050300002F001FA03FE40EA0E0021FA02F11444E4
:10504000C1E6C04670B54FF0FF0C4CF4E06C1CEAB2
:1050500011541DBF1CEA135594EA0C0F95EA0C0F6E
:1050600000F0DEF82C4481EA030621EA4C5123EAE1
:105070004C5350EA013518BF52EA033541F4801110
:1050800043F4801338D0A0FB02CE4FF00005E1FBC3
:1050900002E506F00042E0FB03E54FF00006E1FB0D
:1050A00003569CF0000F18BF4EF0010EA4F1FF0450
:1050B000B6F5007F64F5407404D25FEA4E0E6D4190
:1050C00046EB060642EAC62141EA55514FEAC520A1
:1050D00040EA5E504FEACE2EB4F1FD0C88BFBCF51D
:1050E000E06F1ED8BEF1004F08BF5FEA500E50F1CE
:1050F000000041EB045170BD06F0004646EA010194
:1051000040EA020081EA0301B4EB5C04C2BFD4EBC5
:105110000C0541EA045170BD41F480114FF0000EBE
:10512000013C00F3AB8014F1360FDEBF002001F02C
:10513000004170BDC4F10004203C35DA0C341BDCA6
:1051400004F11404C4F1200500FA05F320FA04F078
:1051500001FA05F240EA020001F0004221F00041AC
:1051600010EBD37021FA04F642EB06015EEA430E1F
:1051700008BF20EAD37070BDC4F10C04C4F120054F
:1051800000FA04F320FA05F001FA04F240EA020002
:1051900001F0004110EBD37041F100015EEA430ED3
:1051A00008BF20EAD37070BDC4F1200500FA05F2F3
:1051B0004EEA020E20FA04F301FA05F243EA020372
:1051C00021FA04F001F0004121FA04F220EA020081
:1051D00000EBD3705EEA430E08BF20EAD37070BDC7
:1051E00094F0000F0FD101F00046400041EB0101A7
:1051F00011F4801F08BF013CF7D041EA060195F089
:10520000000F18BF704703F00046520043EB030342
:1052100013F4801F08BF013DF7D043EA060370472F
:1052200094EA0C0F0CEA135518BF95EA0C0F0CD03A
:1052300050EA410618BF52EA4306D1D181EA030180
:1052400001F000414FF0000070BD50EA410606BF7A
:105250001046194652EA430619D094EA0C0F02D1BF
:1052600050EA013613D195EA0C0F05D152EA033604
:105270001CBF104619460AD181EA030101F0004122
:1052800041F0FE4141F470014FF0000070BD41F06B
:10529000FE4141F4780170BD70B54FF0FF0C4CF445
:1052A000E06C1CEA11541DBF1CEA135594EA0C0F64
:1052B00095EA0C0F00F0A7F8A4EB050481EA030EB1
:1052C00052EA03354FEA013100F088804FEA033398
:1052D0004FF0805545EA131343EA12634FEA022266
:1052E00045EA111545EA10654FEA00260EF0004127
:1052F0009D4208BF964244F1FD0404F5407402D279
:105300005B084FEA3202B61A65EB03055B084FEA09
:1053100032024FF480104FF4002CB6EB020E75EB06
:10532000030E22BFB61A754640EA0C005B084FEA2E
:105330003202B6EB020E75EB030E22BFB61A7546AB
:1053400040EA5C005B084FEA3202B6EB020E75EBF6
:10535000030E22BFB61A754640EA9C005B084FEA6E
:105360003202B6EB020E75EB030E22BFB61A75467B
:1053700040EADC0055EA060E18D04FEA051545EA6A
:1053800016754FEA06164FEAC30343EA52734FEA13
:10539000C2025FEA1C1CC0D111F4801F0BD141EA8C
:1053A00000014FF000004FF0004CB6E711F4801FF1
:1053B00004BF01430020B4F1FD0C88BFBCF5E06FD1
:1053C0003FF6AFAEB5EB030C04BFB6EB020C5FEAE1
:1053D000500C50F1000041EB045170BD0EF0004E36
:1053E0004EEA113114EB5C04C2BFD4EB0C0541EA68
:1053F000045170BD41F480114FF0000E013C90E665
:1054000045EA060E8DE60CEA135594EA0C0F08BF28
:1054100095EA0C0F3FF43BAF94EA0C0F0AD150EA27
:1054200001347FF434AF95EA0C0F7FF425AF1046BA
:1054300019462CE795EA0C0F06D152EA03353FF4E2
:10544000FDAE1046194622E750EA410618BF52EA5F
:1054500043067FF4C5AE50EA41047FF40DAF52EA33
:1054600043057FF4EBAE12E74FF0FF3C06E0C04689
:105470004FF0010C02E0C0464FF0010C4DF804CC97
:105480004FEA410C7FEA6C5C4FEA430C18BF7FEA9D
:105490006C5C1AD050EA410C0CBF52EA430C91EA02
:1054A000030F02BF90EA020F0020704710F1000FB7
:1054B00091EA030F58BF994208BF90422CBFD817FA
:1054C0006FEAE37040F0010070474FEA410C7FEA59
:1054D0006C5C02D150EA013C07D14FEA430C7FEAF1
:1054E0006C5CD7D152EA033CD4D05DF8040C704711
:1054F0008446104662468C461946634600E0C04624
:1055000001B5FFF7B9FF002848BF10F1000F01BD3A
:105510004DF808EDFFF7F4FF0CBF012000205DF807
:1055200008FBC0464DF808EDFFF7EAFF34BF012045
:1055300000205DF808FBC0464DF808EDFFF7E0FFDE
:1055400094BF012000205DF808FBC0464DF808ED2F
:10555000FFF7CEFF94BF012000205DF808FBC04696
:105560004DF808EDFFF7C4FF34BF012000205DF8BF
:1055700008FBC0464FEA410212F5001215D211D5C0
:105580006FF47873B3EB625212D94FEAC12343F040
:10559000004343EA505311F0004F23FA02F018BFC2
:1055A000404270474FF00000704750EA013005D18B
:1055B00011F0004008BF6FF0004070474FF000004E
:1055C0007047C04680F0004002E0C04681F00041D4
:1055D00042001FBF5FEA410392EA030F7FEA226C99
:1055E0007FEA236C6AD04FEA1262D2EB1363C1BF29
:1055F000D218414048404140B8BF5B42192B88BF98
:10560000704710F0004F40F4000020F07F4018BFBA
:10561000404211F0004F41F4000121F07F4118BFDA
:10562000494292EA030F3FD0A2F1010241FA03FC82
:1056300010EB0C00C3F1200301FA03F100F000436A
:1056400002D5494260EB4000B0F5000F13D3B0F132
:10565000807F06D340084FEA310102F10102FE2AA1
:1056600051D2B1F1004F40EBC25008BF20F0010011
:1056700040EA03007047490040EB000010F4000FBF
:10568000A2F10102EDD1B0FA80FCACF1080CB2EB52
:105690000C0200FA0CF0AABF00EBC25052421843B1
:1056A000BCBFD0401843704792F0000F81F4000156
:1056B00006BF80F400000132013BB5E74FEA410329
:1056C0007FEA226C18BF7FEA236C21D092EA030F95
:1056D00004D092F0000F08BF0846704790EA010F0F
:1056E0001CBF0020704712F07F4F04D1400028BF3C
:1056F00040F00040704712F100723CBF00F500001E
:10570000704700F0004343F0FE4040F40000704753
:105710007FEA226216BF08467FEA236301464202FF
:1057200006BF5FEA412390EA010F40F48000704712
:105730004FF0000304E0C04610F0004348BF404271
:105740005FEA000C08BF704743F0964301464FF0F4
:1057500000001CE050EA010208BF70474FF0000350
:105760000AE0C04650EA010208BF704711F000434A
:1057700002D5404261EB41015FEA010C02BF844661
:105780000146002043F0B64308BFA3F18053A3F5C0
:105790000003BCFA8CF2083AA3EBC25310DB01FA07
:1057A00002FC634400FA02FCC2F12002BCF1004F8B
:1057B00020FA02F243EB020008BF20F0010070471C
:1057C00002F1200201FA02FCC2F1200250EA4C0070
:1057D00021FA02F243EB020008BF20EADC707047B6
:1057E0004FF0FF0C1CEAD0521EBF1CEAD15392EAC4
:1057F0000C0F93EA0C0F6FD01A4480EA010C4002A0
:1058000018BF5FEA41211ED04FF0006343EA5010F9
:1058100043EA5111A0FB01310CF00040B1F5000F3B
:105820003EBF490041EAD3715B0040EA010062F1EA
:105830007F02FD2A1DD8B3F1004F40EBC25008BFD4
:1058400020F00100704790F0000F0CF0004C08BFF2
:1058500049024CEA502040EA51207F3AC2BFD2F1BF
:10586000FF0340EAC250704740F400004FF00003CD
:10587000013A5DDC12F1190FDCBF00F00040704707
:10588000C2F10002410021FA02F1C2F1200200FA45
:1058900002FC5FEA310040F1000053EA4C0308BF0C
:1058A00020EADC70704792F0000F00F0004C02BF5D
:1058B000400010F4000F013AF9D040EA0C0093F0D8
:1058C000000F01F0004C02BF490011F4000F013B32
:1058D000F9D041EA0C018FE70CEAD15392EA0C0FA0
:1058E00018BF93EA0C0F0AD030F0004C18BF31F00B
:1058F000004CD8D180EA010000F00040704790F0E1
:10590000000F17BF90F0004F084691F0000F91F084
:10591000004F14D092EA0C0F01D142020FD193EA4A
:105920000C0F03D14B0218BF084608D180EA0100D2
:1059300000F0004040F0FE4040F40000704740F0AE
:10594000FE4040F4400070474FF0FF0C1CEAD0527C
:105950001EBF1CEAD15392EA0C0F93EA0C0F69D0D8
:10596000A2EB030280EA010C49024FEA402037D043
:105970004FF0805343EA111143EA10130CF000403A
:105980008B4238BF5B0042F17D024FF4000C8B422A
:1059900024BF5B1A40EA0C00B3EB510F24BFA3EB0A
:1059A000510340EA5C00B3EB910F24BFA3EB9103DA
:1059B00040EA9C00B3EBD10F24BFA3EBD10340EA34
:1059C000DC001B0118BF5FEA1C1CE0D1FD2A3FF67A
:1059D00050AF8B4240EBC25008BF20F0010070472F
:1059E0000CF0004C4CEA50207F32C2BFD2F1FF03D2
:1059F00040EAC250704740F400004FF00003013A03
:105A000037E792F0000F00F0004C02BF400010F4A6
:105A1000000F013AF9D040EA0C0093F0000F01F0BA
:105A2000004C02BF490011F4000F013BF9D041EADC
:105A30000C0195E70CEAD15392EA0C0F08D142020F
:105A40007FF47DAF93EA0C0F7FF470AF084676E7E2
:105A500093EA0C0F04D14B023FF44CAF08466EE7BB
:105A600030F0004C18BF31F0004CCAD130F0004289
:105A70007FF45CAF31F000437FF43CAF5FE7C0469A
:105A80004BB942B9002908BF002802D04FF0FF31BE
:105A90000846FFF71DB982B0EC462DE9005000F032
:105AA00005F8DDF804E002B00CBC70472DE9704346
:105AB00016461C468046894600F03AFA00FB04F47C
:105AC00006FB0145069CA0FB0623EB18B8EB020879
:105AD00069EB0309C4E90089BDE870832DE97043CF
:105AE00016461C468046894600F010F800FB04F478
:105AF00006FB0145069CA0FB0623EB18B8EB020849
:105B000069EB0309C4E90089BDE8708300292DE928
:105B1000F04F144687B01D46C0F2F5800026002BDA
:105B20000196C0F2F980834626460F462846002D8E
:105B30005CD18C426AD9B4F5803FC0F0DE81B4F10B
:105B4000807FC0F0E681182208204AF2902336FABE
:105B500002F1C0F600035A5C851A0AD0C5F1200391
:105B600017FA05F22BFA03F3AE4043EA02070BFAE9
:105B700005FB4FEA1649384649464FEA0648FFF703
:105B800061F849464FEA1848824608FB00F5384656
:105B9000FFF794F84FEA1B4343EA0144A54208D9B2
:105BA000A4190AF1FF3A04D2A54284BF0AF1FF3AD0
:105BB000A419641B49462046FFF744F8494608FBF0
:105BC00000F705462046FFF779F84FEA0B431B0C18
:105BD00043EA0142974205D9013D931902D29F42FF
:105BE00088BF013D45EA0A40002103E08D4267D9A4
:105BF00000200146019E02460B4616B1524263EB5D
:105C000043031046194607B0BDE8F08F24B90120C0
:105C10002146FFF717F80646B6F5803FC0F08380AF
:105C2000B6F1807FC0F07881182208204AF29023D4
:105C300036FA02F1C0F600035A5CB0EB020A40F0FB
:105C400085804FEA0648BC1B4FF0010A370C4FEA2B
:105C5000184820463946FEF7F5FF394608FB00F59F
:105C600081462046FFF72AF84FEA1B4343EA0144E6
:105C7000A54208D9A41909F1FF3904D2A54284BF6D
:105C800009F1FF39A419641B39462046FEF7DAFFF3
:105C9000394608FB00F805462046FFF70FF84FEAA3
:105CA0000B431B0C43EA0142904505D9013D931972
:105CB00002D2984588BF013D45EA0940514699E71F
:105CC000B5F5803FC0F09080B5F1807FC0F01E81B7
:105CD000182208244AF2902330FA02F1C0F6000399
:105CE0005A5CB4EB020A40F092805E458CBF002300
:105CF0000123B84238BF43F00103002B3FF478AFD3
:105D00000120514676E7404261EB4101002B4FF004
:105D1000FF360196BFF607AF019CE443019454425D
:105D200063EB4305FFE6B6F5807F4AF2902334BF6C
:105D30000022082234BF20201820C0F6000336FAC3
:105D400002F15A5CB0EB020A3FF47BAF06FA0AF6A6
:105D5000CAF1200337FA03F407FA0AF2370C204697
:105D600039462BFA03F313430393FEF76BFF4FEA15
:105D7000064839464FEA1848029008FB00F52046CD
:105D8000FEF79CFF039A130C43EA0144A54209D98C
:105D9000029B013BA419029304D2A54202D9A41983
:105DA000591E0291641B39462046FEF74BFF3946C7
:105DB00008FB00F905462046FEF780FF039A13040E
:105DC0001B0C43EA0140814506D9013D801903D2ED
:105DD000814501D9013D8019029B0BFA0AFBC9EBF1
:105DE000000445EA034A34E7B5F5807F4AF2902380
:105DF00034BF0022082234BF20241824C0F6000338
:105E000030FA02F15A5CB4EB020A3FF46EAFCAF109
:105E1000200200FA0AF136FA02F337FA02F443EAF2
:105E2000010807FA0AF320462BFA02F24FEA184754
:105E30001A43394606FA0AF605920496FEF702FF5F
:105E40004FEA08463946360C814606FB00F52046E7
:105E5000FEF734FF059C230C43EA0144A54204D914
:105E600014EB080409F1FF395CD3641B3946204662
:105E7000FEF7E8FE394606FB00F605462046FEF72B
:105E80001DFF059A13041B0C43EA0140864207D903
:105E9000013D10EB080003D2864201D9013D404488
:105EA000841B45EA0946049D3204300C2B04120C75
:105EB000290C1B0C01FB00F503FB02F703FB00F3AD
:105EC00001FB023202EB1740834288BF05F58035A3
:105ED00005EB10439C420DD3BBB214BF002101213E
:105EE0000BFA0AF203EB00439A422CBF002201F0A6
:105EF0000102A2B1701E00217CE6B4F5807F34BFA0
:105F00000022082234BF202018201EE6102214464A
:105F1000E0E61022104618E61022104686E63046CB
:105F2000114667E6A54284BF09F1FF3944449CE766
:105F30002DE9F04F0E461C4685B0114615468346A6
:105F40003746002C5ED1B2427ED9B2F5803FC0F018
:105F5000C681B2F1807FC0F0D181182208204AF2B8
:105F6000902335FA02F1C0F600035A5CB0EB020E42
:105F70000BD0CEF1200306FA0EF22BFA03F305FA4A
:105F80000EF543EA02070BFA0EFB4FEA15493846B5
:105F900049464FEA0548FEF755FE49464FEA18487C
:105FA000824608FB00F63846FEF788FE4FEA1B43A0
:105FB00043EA0144A64208D964190AF1FF3A04D21F
:105FC000A64284BF0AF1FF3A6419A41B4946204641
:105FD000FEF738FE494608FB00F706462046FEF766
:105FE0006DFE4FEA0B431B0C43EA0142974205D971
:105FF000013E531902D29F4288BF013E46EA0A443D
:1060000000227CE0B44278D8B4F5803F7CD3B4F170
:10601000807FC0F06D81182208204AF2902334FA64
:1060200002F1C0F600035A5CB0EB020A7ED15D4576
:106030008CBF00230123B44238BF43F00103002B7F
:106040005BD0012452465AE01AB90120FEF7FAFD4E
:106050000546B5F5803FC0F0E180B5F1807FC0F026
:106060004A81182208204AF2902335FA02F1C0F63C
:1060700000035A5CB0EB020A40F0E3804FEA0548A7
:10608000741B2F0C4FF0010A4FEA1848204639467E
:10609000FEF7D8FD394608FB00F681462046FEF79C
:1060A0000DFE4FEA1B4343EA0144A64208D9641996
:1060B00009F1FF3904D2A64284BF09F1FF396419FE
:1060C000A41B39462046FEF7BDFD394608FB00F803
:1060D00006462046FEF7F2FD4FEA0B431B0C43EA4F
:1060E0000142904505D9013E531902D2984588BF17
:1060F000013E46EA0944524601E000242246204679
:10610000114605B0BDE8F08FB4F5807F4AF29023C8
:1061100034BF0022082234BF20201820C0F600031C
:1061200034FA02F15A5CB0EB020A80D0CAF12002C4
:1061300004FA0AF135FA02F336FA02F443EA0108E6
:10614000204606FA0AF32BFA02F24FEA18471A43DE
:106150003946039205FA0AF50295FEF773FD4FEAF8
:1061600008463946360C814606FB00F52046FEF708
:10617000A5FD039A130C43EA0144A54205D914EB8B
:10618000080409F1FF39C0F0BC80641B3946204681
:10619000FEF758FD394606FB00F605462046FEF799
:1061A0008DFD039A13041B0C43EA0140864207D974
:1061B000013D10EB080003D2864201D9013D404465
:1061C000841B45EA0946029D3204300C2B04120C54
:1061D000290C1B0C01FB00F503FB02F703FB00F38A
:1061E00001FB023202EB1740834288BF05F5803580
:1061F00005EB10439C420ED3BBB214BF002101211A
:106200000BFA0AF203EB00439A422CBF002001F084
:10621000010000287BD0741E002270E7B5F5807F56
:106220004AF2902334BF0022082234BF20201820D5
:10623000C0F6000335FA02F15A5CB0EB020A3FF4F3
:106240001DAF05FA0AF5CAF1200336FA03F406FA7F
:106250000AF22F0C204639462BFA03F3134301931D
:10626000FEF7F0FC4FEA054839464FEA184800901F
:1062700008FB00F62046FEF721FD019A130C43EAC5
:106280000144A64209D9009B013B6419009304D242
:10629000A64202D96419591E0091A41B3946204612
:1062A000FEF7D0FC394608FB00F906462046FEF70B
:1062B00005FD019A13041B0C43EA0140814506D9F0
:1062C000013E401903D2814501D9013E4019009B8E
:1062D0000BFA0AFBC9EB000446EA034AD6E6B2F51C
:1062E000807F34BF0022082234BF2020182036E6E9
:1062F0001022104691E610221046B4E610221046F5
:106300002DE6A54284BF09F1FF3944443DE73446F8
:106310000246F4E6062000F02DF8012003F07EFD91
:106320001F2970B504460D461FD8426CA2B152F821
:1063300021308BB1012B0DD0B3F1FF3F06D00024EB
:10634000084642F821409847204670BD1733036045
:106350000120FAE70020F8E7204600F089F82A46F5
:106360000146204600F088F8EFE7162303604FF05F
:10637000FF30EAE740F2DC330146C2F2000310B519
:106380001868FFF7CDFF10BD70B5456C04460DB120
:10639000002070BD8021FDF7F3F8606430B12B461A
:1063A0002A46C2500433802BFBD1F1E70138F0E7D5
:1063B00040F2DC33C2F2000310B51868FFF7E4FFC7
:1063C00010BDC0461F2970B504460D4611D8426C59
:1063D000C2B1AB00D11852F825307BB1B3F1FF3F09
:1063E0000ED0012B08D0002428460C609847204688
:1063F00070BD4FF0FF30FBE70320F9E70120F7E71E
:106400000220F5E7FFF7C0FF0028F2D1626CE0E759
:1064100040F2DC330146C2F2000310B51868FFF702
:10642000D1FF10BD1F2970B505460C46164606D88B
:10643000436C4BB153F8240043F8246070BD16231D
:1064400003604FF0FF30F9E7FFF79EFF08B96B6C70
:10645000F0E74FF0FF30F1E70A4640F2DC31C2F2DC
:106460000001034610B508681946FFF7DBFF10BDB1
:1064700010B503F0DFFC10BD70B540F65834C2F221
:1064800000040546084611460023236003F0C8FCBB
:10649000B0F1FF3F00D070BD2368002BFBD02B6014
:1064A000F9E7C04603460A4610B502481946F9F70F
:1064B000BFFEFEE790A3000803460A4610B5194642
:1064C0000148F9F7B5FE10BDBDA3000803460A4612
:1064D00010B519460148F9F7ABFE10BDDCA3000862
:1064E00003460A4610B519460148F9F7A1FE10BD4A
:1064F000D3A30008014610B50148F9F799FE10BD75
:10650000F5A30008124B10B519680433186804335A
:106510001C68D9B10F4AC1F307231371C1F30743B4
:1065200093710B0E1372C0F307231373C0F3074369
:106530009373030E1374C4F307231375C4F3074353
:106540009375230E917090729474137610BDC046AB
:10655000E8F7FF1F0000002082B00190019A044B71
:106560001A60034B1B68002BFBD102B07047C0467A
:10657000E008002010B56420FFF7EEFF10BDC04614
:1065800010B54FF47A70FFF7E7FF10BD034A1368A8
:1065900013B11368013B13607047C046E008002048
:1065A00070B505462846202102F0AEF80028F9D043
:1065B000284602F0FBF8C4B22146284602F018F93A
:1065C0002846802102F0A0F80028F9D00D2C14BF35
:1065D00020460A2070BDC0460A2810B504460CD1DA
:1065E0000C480D2102F004F90A48802102F08CF8D1
:1065F0000028F9D007480A2101E00648E1B202F07C
:10660000F7F80448802102F07FF80028F9D02046EE
:1066100010BDC046003801402DE977412A4E01AC3B
:106620004FF400734FF00308ADF8043030461823E0
:10663000214604258DF807308DF8068002F0C6FC4F
:106640004FF4806330462146ADF804308DF8075092
:1066500002F0BCFC30462146ADF804808DF80750AE
:1066600002F0B4FC4FF44873ADF804302146102317
:1066700016488DF807308DF8068002F0A7FC4FF41D
:106680008073ADF804303046142321468DF807306E
:106690008DF8068002F09AFC4FF4F85321460C481E
:1066A000ADF804308DF806808DF8075002F08EFCAE
:1066B00008482146ADF804508DF806808DF8075043
:1066C00002F084FCBDE87E8100080140000C01401E
:1066D00000100140001401402DE97043324886B09B
:1066E000FFF708FFDFF8CC80012141F2040002F03F
:1066F000F5FD05AD1020012102F0F0FD03264FF05D
:10670000E0024FF0180940462946ADF81420102445
:106710008DF816608DF8179002F058FC4046294617
:10672000ADF814408DF816608DF8174002F04EFC5D
:106730008DF816601D4E4FF0C0038DF8174030469F
:1067400029461B4CADF8143002F040FC00234FF4F6
:106750008272ADF80230ADF80420ADF806304FF487
:106760000072ADF80830ADF80A30ADF810302046B0
:106770004FF007030DF10201ADF80C20ADF8123017
:10678000ADF80E9002F0EAFE2046012102F0BAFEBA
:106790003046402102F090FB3046802102F08CFB15
:1067A00006B0BDE87083C046B49E000800100140EA
:1067B00000300140000801402DE9774100200146EA
:1067C00002F092FA012500244FF00C08684600956B
:1067D0008DF804408DF805808DF8065002F024FAFB
:1067E0002946204602F080FA0223684600938DF87D
:1067F00004408DF805808DF8065002F015FA4FF42C
:10680000802002F0B7F94FF48023009368460823F4
:106810006E468DF805308DF8065002F005FABDE899
:106820007E81C04610B528B105484FF4807102F052
:1068300013FB04E002484FF4807102F03DFB10BDF1
:106840000008014073B54FF4A06001AD02F052F9A9
:1068500000240126142328468DF804308DF80560A5
:106860008DF806408DF8076002F0FCF82A232846D0
:106870008DF804308DF805408DF806408DF80760DE
:1068800002F0F0F80B2328468DF804308DF805400F
:106890008DF806408DF8076002F0E4F87CBDC04634
:1068A00010B54FF4803002F09BFD02F0DBFC0120BC
:1068B00002F086FD392002F0A1FC0028FAD0022067
:1068C00002F068FD02F046FC0828FBD1044B054AA3
:1068D0009B7A0BB1052300E00123136010BDC04675
:1068E0002C0B0020F0080020044B0322012010B5DF
:1068F0001A60014602F004FC10BDC046F0080020FA
:10690000002010B502F036FD4FF40000012102F026
:10691000BFFC10BD73B500214FF0006002F080F89D
:1069200001AE4FF4E06002F0E5F8002506230124F3
:1069300030468DF804308DF805508DF806508DF8EE
:10694000074002F08FF8072330468DF804308DF8A9
:1069500005508DF806408DF8074002F083F87CBDA5
:1069600010B500F0D3FF0420012102F0B7FC08208D
:10697000012102F0B3FC1020012102F0AFFC202025
:10698000012102F0ABFC01214FF4804002F0A6FC93
:106990000120014602F0A2FC0120014602F0C4FCE5
:1069A00010BDC0461FB50D4C4FF4E1330093A3F565
:1069B000E133ADF80430ADF80630ADF80830ADF88D
:1069C0000C3020464FF00C036946ADF80A3001F058
:1069D0006FFF2046012101F037FF1FBD0038014045
:1069E00010B500F041F80024FFF7C4FD04F00103E6
:1069F000013413B900F040F801E000F019F801216A
:106A00000A4802F089FA012802D100F047F801E0B3
:106A100000F020F80221054802F07EFA012802D198
:106A200000F034F8E0E700F00DF8DDE70008014081
:106A300010B503484FF4807102F03EFA10BDC04615
:106A4000000C014010B50248202102F035FA10BDBB
:106A5000000C014010B503484FF4007102F02CFA0D
:106A600010BDC046000C014010B5FFF7F3FFFFF763
:106A7000E9FFFFF7DDFF10BD10B503484FF480714B
:106A800002F0EAF910BDC046000C014010B5024802
:106A9000202102F0E1F910BD000C014010B50348BF
:106AA0004FF4007102F0D8F910BDC046000C01404F
:106AB00010B5044618E0FFF7CDFFFFF7E7FFFFF73B
:106AC000DBFFFFF75DFDFFF7E9FFFFF7BBFFFFF718
:106AD000D3FFFFF755FDFFF7E1FFFFF7D7FFFFF704
:106AE000A7FFFFF74DFD013C002CE4D110BDC046CF
:106AF00010B5FFF7D3FFFFF7C9FFFFF7BDFF10BDCC
:106B000010B5FFF7F5FFFFF73BFDFFF7ADFFFFF710
:106B100037FD0320FFF7CCFF10BDC04610B5FFF7CF
:106B200091FEFFF7EDFE01F0E9FC10BD10B50C4C35
:106B30000C48FFF7DFFC21680B48F9F779FB616827
:106B40000A48F9F775FBA1680948F9F771FBE16894
:106B50000848F9F76DFB21690748F9F769FB10BD93
:106B6000FC0A0020BE9E0008FDA3000814A4000833
:106B700029A400083FA4000855A4000870B53B4CA8
:106B8000FFF7EEFE204602F0EDFAFFF7C3FEFFF737
:106B900043FDFFF711FEFFF705FF23684FF47A72FC
:106BA000B3FBF2F323F07F43314A013B5360314B97
:106BB0006FF00F0183F8231000200723906013600B
:106BC000FFF730FE4FF4FA70FFF7C6FC2A48F9F7DA
:106BD00089FB2A48F9F786FB2948F9F783FB2948FE
:106BE000F9F780FB2848F9F77DFB2648F9F77AFB8F
:106BF0002648F9F777FB2648F9F774FB2548F9F79B
:106C000071FB2548F9F76EFB1E48F9F76BFB23482B
:106C1000F9F768FB2248FFF7C3FC05462148F9F75E
:106C200061FB6BB2303B042B1CD8DFE803F003069A
:106C3000090C0F00FFF77AFF14E0FFF761FF11E086
:106C4000FFF7CEFE0EE000F0DDFB0BE0164B01245B
:106C50001C70FFF763FF4FF4FA70FFF77DFC2046CE
:106C6000FFF7E0FD782DB1D1002070BDFC0A0020B7
:106C700010E000E000ED00E0D9A600086CA40008D8
:106C800083A40008DAA6000892A40008A8A40008BB
:106C9000B4A40008C0A40008CFA40008DFA4000822
:106CA00000380140E8A40008EC0800207047C04606
:106CB000FEE7C046FEE7C046FEE7C046FEE7C04628
:106CC0007047C0467047C0467047C0467047C046D0
:106CD0007047C0467047C0467047C0467047C046C0
:106CE0007047C0467047C0467047C0467047C046B0
:106CF0007047C0467047C0467047C0467047C046A0
:106D00007047C0467047C0467047C0467047C0468F
:106D10007047C0467047C0467047C0467047C0467F
:106D20007047C0467047C0467047C0467047C0466F
:106D30007047C0467047C0467047C0467047C0465F
:106D40007047C0467047C0467047C0467047C0464F
:106D50007047C0467047C0467047C0467047C0463F
:106D600010B54FF4802001F005FF10BD10B54FF4B1
:106D7000807001F011FF28B102F094FD4FF4807093
:106D800001F0F8FE10BDC04610B500F0CDF810BD02
:106D900070B50F480F4D072303700F4C2B681A096D
:106DA0002368A2EB1313042B0ED942704FF48071A9
:106DB000022201F07DFC0120022100F00FFF0120E2
:106DC00000F084FE2B682360022001F0B3FE70BD4A
:106DD000100B0020E4080020E808002010B5022075
:106DE00001F0DAFE10B31248F9F77CFA114B19786A
:106DF000012918D11048114A0623037013781BB1DA
:106E000000231370417001E0117043700A484FF481
:106E10008071022201F04CFC0120022100F0DEFE14
:106E2000012000F053FE022001F0A4FE10BDC04678
:106E3000F6A40008EC080020100B0020ED0800204C
:106E400010B5012001F0A8FE10B31248F9F74AFA74
:106E5000114B1978012918D11048114A05230370E4
:106E600053781BB100235370417001E0517043709F
:106E70000A484FF48071022201F01AFC012002211D
:106E800000F0ACFE012000F021FE012001F072FEB6
:106E900010BDC0460EA50008EC080020100B002015
:106EA000ED08002010B5FFF771FB10BD10B50248CA
:106EB000FFF720FB10BDC046F89F000810B5174C27
:106EC0001748FFF717FB02224FF48271204601F0AA
:106ED00009FC63782178D3F1010238BF002202292E
:106EE00007D003290AD001290CD10E484FF40071B4
:106EF00001E00C48202101F04DFF08E009484FF463
:106F00008071F8E707484FF6DF4101F019FF0120D3
:106F10004FF4405100F0C4FD10BDC046120B0020DC
:106F200008A00008000C01403649374A0B6810B52C
:106F30009BB21380354B12881B88134013F4806F6B
:106F400005D04FF6FF330B60314B5B6898472E4BF3
:106F50002E4A1B88118801EA030313F4005F03D053
:106F6000284B4DF6FF721A60274B1B8801EA03037A
:106F700013F4805F06D0234B4EF6FF721A60002098
:106F800000F09AF9204B1A88204B1B88134013F409
:106F9000006F0CD01F4B1B7813B100F0D3F902E047
:106FA000022000F089F9174B4FF2FF721A60164B5E
:106FB000164A1B88118801EA030313F4007F08D0E6
:106FC000104B4FF6FF521A60134A13780133DBB2AD
:106FD00013700D4B1B8801EA030313F4807F06D066
:106FE000084B4FF6FF621A60072000F065F9064B68
:106FF0001A88064B1B88134013F4004F01D001F090
:1070000099FA10BD445C0040140B0020500B002086
:1070100094000020EC000020EF080020014B042227
:107020001A607047F00800207047C0467047C0469D
:10703000062810B511D1144B1A68137803F07F039A
:10704000012B0AD1537943B99378222B01D10F4AEE
:107050000DE0212B15D10E4A09E00B4B1B681B7864
:1070600003F07F03212B0CD103280AD1094A064BD8
:107070004FF000011B6800209A6159829047002060
:1070800000E0022010BDC0464C0B00200971000832
:10709000F9700008DD70000801B900B102207047E6
:1070A000034B00201B68DA78024B1A607047C04619
:1070B0004C0B0020180B002010B5074B1B681B78E9
:1070C00003F07F03212B04D10B2802D1FFF7E8FF47
:1070D00000E0022010BDC0464C0B002028B9044B34
:1070E0004FF001011B68198200E002487047C0465A
:1070F0004C0B0020180B002010B5024900F0C0FE18
:1071000010BDC0465400002010B5024900F0B8FE82
:1071100010BDC0465C00002010B5064B1B68DB7834
:10712000042B01D9002004E0034901EBC30100F066
:10713000A7FE10BD4C0B00206400002010B50249D2
:1071400000F09EFE10BDC0468400002010B502492C
:1071500000F096FE10BDC0468C00002010B5064B16
:107160001B689B7A33B1054B05221A600448012144
:1071700002F084FA10BDC0464C0B0020F00800203D
:1071800000240140274B10B51A68274B0024DB79F7
:107190009472D4725372204600F054FC20464FF48F
:1071A000007100F059FC2046102100F063FC2046DD
:1071B000182100F0E7FC5821204600F0D3FC2046BF
:1071C00000F0A0FC194B204693F86C1000F014FD61
:1071D000204600F089FC01204FF4C06100F03CFC27
:1071E00001204FF4807100F0BDFC01204FF482714A
:1071F00000F0C8FC0120022100F0F0FC0120022177
:1072000000F0FAFC01204FF4405100F049FC01204D
:10721000202100F02FFC064B01221A60204600F0CE
:107220003FFE10BD4C0B0020E39E000854000020E0
:10723000F008002010B5FFF765F9084B00241B6823
:107240009C7200F015F8064B4FF43F421C60054B52
:107250001A80054B1A60054B1C6010BD4C0B0020BA
:10726000445C0040500B0020405C0040F0080020CF
:10727000064901230B60064B002008601860054B8F
:107280004FF4E0521A800A607047C046405C0040EC
:10729000445C0040500B002010B5064C4FF6FB73C9
:1072A000226802EA03032360FFF7FAFA4FF43F4330
:1072B000236010BD405C0040072818BF1F4B10B56D
:1072C0001E4C18BF18702378052B33D8DFE803F065
:1072D00003060A0E1621FFF7DFFF2BE0FFF7DCFFA6
:1072E000042328E002236370013324E06378013B28
:1072F000DBB263706378FBB9042218E0104A1368AC
:107300009BB243F01003136005232370DB186370F6
:1073100012E06378013BDBB26370637863B90849BC
:107320004FF6EF730A6802EA03030B600622034B71
:107330001A7001E00623237010BDC0461C0B00200C
:10734000405C0040074B10B51A6892B242F0080248
:107350001A601A6892B242F004021A60FFF7C4FA87
:1073600010BDC046405C004010B5FFF77DFBFFF745
:107370008DFB3220FFF7F0F8FFF764FB3220FFF7B8
:10738000EBF8FFF783FB3220FFF7E6F8FFF75AFB35
:107390003220FFF7E1F8FFF779FB10BD10B5FFF7DA
:1073A00063FBFFF77BFB3220FFF7D6F8FFF752FBBA
:1073B0003220FFF7D1F8FFF771FB3220FFF7CCF84E
:1073C000FFF748FB3220FFF7C7F8FFF767FB10BD58
:1073D00010B5FFF749FBFFF74FFB3220FFF7BCF872
:1073E000FFF726FB3220FFF7B7F8FFF745FB322007
:1073F000FFF7B2F8FFF71CFB3220FFF7ADF8FFF7FD
:107400003BFB10BD2DE9F047B44896B0FFF772F88A
:10741000B348F8F767FFB348F8F764FFB248F8F7E6
:1074200061FFB248F8F75EFFB148F8F75BFFB1487B
:10743000FFF7B6F80446A4F15605AF48F8F752FF37
:10744000613CAE482946F8F7F3FE0F2CAC4C01D84E
:10745000257105E0AB481921F8F7EAFE19232371DD
:10746000A74C4FF41B6240F66511A748F8F7E0FE01
:1074700023790521594301F512610E31A348F8F72C
:10748000D7FE42F20702012362806371FFF724F9FD
:1074900002F086FC02F07EFC01469D48F8F7C8FE2B
:1074A00002F072FC01469B48F8F7C2FE9A48F8F7D2
:1074B00019FF9A48F8F716FF9948F8F713FF99480B
:1074C000F8F710FF9848F8F70DFF9548F8F70AFF0E
:1074D0009648F8F707FF9648F8F704FF9048F8F742
:1074E00001FF9448F8F7FEFE9348F8F7FBFE8C483E
:1074F000F8F7F8FE9148F8F7F5FE7E48FFF750F8E8
:1075000005467D48F8F7EEFE6BB2313B052B00F2E5
:10751000D381DFE813F0080006002A006600A2000D
:107520006501874C1BE0874C09E002F0ABFA14F8C8
:10753000101C83B254F80C2C8348F8F779FE14F829
:10754000080C0834FF28F0D1B6E102F023FB14F850
:10755000101C83B254F80C2C7B48F8F769FE14F821
:10756000080C0834FF28F0D1A6E17848FEF7C2FFE6
:1075700063484BF6EF63038002F06AF9012804D1F7
:1075800072484FF48F71FEF797FF02F0B7F86F481B
:107590004FF49171FEF7A4FF02F09CF80028FBD095
:1075A000574C6A484FF49471FEF79AFFA01D0121D1
:1075B000002202F0BBF860B1A1796548F8F738FE07
:1075C00002F0AAF841B26348F8F732FEFFF7CCFEAA
:1075D000E2E75E4840F23311FEF778FFFFF7DEFE88
:1075E000DAE75D48FEF786FF454842F22052028006
:1075F00002F02EF9012804D157484FF4A871FEF784
:107600005BFF02F06DF83020F72102F025FA3C4BC9
:107610006022DA714FF4FA70FEF79EFF384AD37990
:107620007A2B01D1612300E00133354CD371E1792C
:107630004A48F8F7FDFD4BF6EF60E11D012202F02C
:1076400099F838B1444840F26B11FEF73FFFFFF75D
:10765000A5FEDFE7FFF7BCFEDCE729484BF6EF634A
:10766000038002F0F5F8012804D13D484FF4CF71B2
:10767000FEF722FF002140220DF11600F8F794FDDD
:1076800002F03CF800252F462E46A946A846AA46F9
:107690000AF1010A02F01EF80028FBD0184C6821FC
:1076A00004F108000DF1560202F040F800286ED0F7
:1076B00016AA02EB48034146A06833F842EC4B1C83
:1076C0005FFA83F8B8F1200F08BF4FF00008874237
:1076D000BDF8564046D101374EE0C04619A000081B
:1076E00025A5000839A5000878A50008B7A5000859
:1076F000F6A500080038014035A6000842A600089B
:10770000F40800205AA6000871A600089BA60008ED
:10771000B9A60008C8A60008D8A6000883A40008D7
:10772000DAA60008F0A6000809A7000822A70008AA
:107730002EA700083BA7000853A70008DFA40008F5
:10774000F8000020F00100206EA7000825A0000826
:1077500085A7000895A700082EA00008AFA700087D
:1077600038A0000800F1010203D23318DE1B1746CF
:1077700002E000261746B14616AA02EB410323F8A1
:10778000424C2B19CEEB03039DB209F101091AF00B
:107790000F0F7FF47DAFFFF7E7FD3046FDF7C8FF21
:1077A000044609EB0600FDF7C3FF01462046FEF73D
:1077B000CBF84449FEF714F8FDF7F0FB2BB2CDE906
:1077C0000001202093FBF0F0FDF7B6FFFDF7E6FB8C
:1077D0003246CDE9020149463B48F8F729FD57E713
:1077E0003A4842F22053038002F032F8012804D1D3
:1077F000374840F2F511FEF75FFE3020F72102F026
:107800002BF968213348F8F713FD3348F8F76AFD80
:107810003248F8F767FD3248F8F764FD3148F8F769
:1078200061FD3148F8F75EFD3048FEF7B9FE0446C9
:107830002F48F8F757FD61B2332909D0342909D010
:1078400042F2107332290CBF1E464FF47A7602E0E2
:10785000284E00E0284E31462848F8F7E9FC01F0B0
:107860003FFF1A4B00221A67254B9B181A710132F1
:10787000642AF9D12348F8F735FD1C48FEF790FE3D
:107880000024124D68224BF6EF6005F1700101F003
:1078900071FF2B6F0134013314F00F0F2B6705D1EB
:1078A000FFF796FD1848296FF8F7C2FCB442E8D3F9
:1078B000064B00221A67DDE7782D7FF4F7AD16B08E
:1078C000BDE8F0870000C842C0A70008F408002007
:1078D0004CA00008F3A700081EA8000830A8000864
:1078E00043A8000857A800086CA800080038014009
:1078F00035A60008A086010040420F0082A80008BB
:10790000640900209BA80008C3A800083A4A82B076
:10791000136843F0010313605168384B01EA030315
:107920005360136823F0847323F480331360136867
:1079300023F480231360536823F4FE0353604FF451
:107940001F039360A3F51F0301930093136843F48F
:1079500080331360284B1B6803F400330093019BB2
:1079600001330193009B1BB9019BB3F5A06FF1D1CB
:10797000214B1B6813F4003318BF01230093009BB5
:10798000012B36D11E4A136843F0100313601368AD
:1079900023F003031360136843F002031360A2F59E
:1079A00080525368536053685360536843F4806354
:1079B0005360536823F47C135360536843F4881373
:1079C0005360136843F0807313600B4A136813F01D
:1079D000007FFAD0536823F003035360536843F0E9
:1079E00002035360044B5B6803F00C03082BF9D1CE
:1079F00000E0FEE702B07047001002400000FFF810
:107A000000200240002103E0094B5B584350043141
:107A10000848094B42189A42F6D3084A02E000236C
:107A200042F8043B064B9A42F9D3FFF7A7F8704798
:107A300054B1000800000020E0080020E008002009
:107A40005C0B00204FF6F873024A00EA0303136050
:107A50007047C046505C004010B5054C48F68F1387
:107A600054F8202002EA03030B4344F8203010BDF1
:107A7000005C0040800000F1804000F5B8400368E1
:107A800048F6BF7203EA020211F0100F18BF82F02D
:107A9000100211F0200F18BF82F020020260704720
:107AA000800000F1804000F5B84003684BF68F720B
:107AB00003EA020211F4805F18BF82F4805211F4CD
:107AC000005F18BF82F4005202607047054948F613
:107AD000BF7351F8202002EA030383F0300341F81A
:107AE00020307047005C004005494BF68F7351F819
:107AF000202002EA030383F4405341F8203070470A
:107B0000005C0040044948F68F6351F8202002EAE7
:107B1000030341F820307047005C0040800000F112
:107B2000804000F5B840036813F4804F07D0026826
:107B300048F68F7302EA030343F4804303607047FF
:107B4000800000F1804000F5B840036813F0400F5A
:107B500007D0026848F68F7302EA030343F040033C
:107B600003607047064B49081B6849009BB203EB52
:107B7000C00303F1005303F540535B0019607047E5
:107B8000505C0040054B064A1B6849089BB203EB5A
:107B9000C0039A185200490011607047505C0040C1
:107BA00004300020054B1B689BB203EBC00303F1BC
:107BB000005303F540535B0018887047505C004049
:107BC000044B1A68044B92B202EBC002D3185B005C
:107BD00018887047505C004004300020044B1A683D
:107BE000044B92B202EBC002D3185B0019607047DD
:107BF000505C0040023000200D4B1A680D4B92B2D1
:107C0000D31803EBC0035A003E2909D94B0911F0E0
:107C10001F0F01D1013B9BB29B0243F4004305E0DF
:107C20004B0811F0010F18BF01339B02136070471E
:107C3000505C004006300020C3B2000A40EA032036
:107C40007047C04610B5074C20B923684FF00101BA
:107C5000198206E0044B1B681B689847236803F1F0
:107C60000A0010BD4C0B0020480B002010B50A4B39
:107C70001A680A4BD1785B788B420AD3937843B960
:107C8000948834B9064B91721B685B68984720460C
:107C900000E0022010BDC0464C0B0020C4000020B4
:107CA000480B002010B5074C20B923684FF00101A4
:107CB000198206E0044B1B689B689847236803F110
:107CC0000C0010BD4C0B0020480B002070B50E4B73
:107CD0000E4D1B682A689B695079D17898472A68AD
:107CE000937A7BB170B9137963B9947854B9084B1E
:107CF0001B68DB6898472B6820465A79DA72DA7875
:107D00001A7300E0022070BD240B00204C0B0020F1
:107D1000480B002010B5274B20B91B684FF002011B
:107D2000198246E024484FF0000202801A68137856
:107D300013F07F0313D1527A12F0200F03D003788F
:107D400043F00203037012F0400F1B4A15BF137873
:107D5000137823F0010343F00103137024E0012B97
:107D600027D0022B01D0002023E0537903F00F022B
:107D700013F0800F4FEA820208D002F1804303F52E
:107D8000B8431B6803F03003102B08E002F1804376
:107D900003F5B8431B6803F44053B3F5805F03D188
:107DA000037843F001030370044B1B681B69984779
:107DB000014810BD4C0B00201E0B0020480B00207A
:107DC00010B5234B1A68507920F0800110F0800F15
:107DD0004FEA810307D003F1804303F5B8431B68E2
:107DE00003F0300406E003F1804303F5B8431B6859
:107DF00003F44054174B1B78994227D253882BBB6E
:107E000024B3937A13B310F0800F4FEA81030BD0A1
:107E100003F1804303F5B843196848F6BF7201EADD
:107E2000020282F010020AE003F1804303F5B84336
:107E300019684BF68F7201EA020282F480521A60CE
:107E4000054B1B689B699847002000E0022010BD8D
:107E50004C0B0020C4000020480B002010B5064B3E
:107E60001A68537A43F020035372044B1B68DB6992
:107E70009847002010BDC0464C0B0020480B002046
:107E8000064B10B51A680C46518A18B9A3885B1ABC
:107E9000138201E02368581810BDC0464C0B002027
:107EA00030B50E4B05461C784FF0000C0FE05FFA22
:107EB0008CF0820002F1804202F5B842116848F667
:107EC0008F7301EA0303034313600CF1010CA44513
:107ED000EDD3034B45F080021A6030BDC400002092
:107EE0004C5C00407047C04610B50C4B002093F826
:107EF0002C10FFF781FE0A4B1B68187A082807D15F
:107F0000084B4FF480521A80074B4FF010021A8032
:107F1000092814BF0020012010BDC0469400002095
:107F20004C0B0020520B0020540B002070B52D4B41
:107F30001E68337A032B01D0052B46D1B269338AF0
:107F4000AAB1A3B1B48A9C4228BF1C4620469047E0
:107F5000338A05461B1B3382738A0020E318738221
:107F6000FFF72EFE22460146284600F0BBFB338A6F
:107F70005BB11D4B4FF4405200201A800146FFF7C1
:107F80002DFE1A4B4FF030021A80318AB38A8B4291
:107F900003D8144B1A68032303E0124A19B112687C
:107FA000052313720DE0126806231372104B1A6832
:107FB000104B92B2D3185B0019600C4B4FF030029B
:107FC0001A80084B1B681A7A06E0072B03D10A4B6C
:107FD0001B68DB6898470822024B1B681A72FFF780
:107FE00083FF70BD4C0B0020520B0020540B00206F
:107FF000505C004002300020240B0020254B2DE96E
:10800000F0411E68318A307AC1B9042816D1224D58
:10801000224C2B78012B0CD1214B29701A68214B53
:1080200092B2D3185B004FF03002196022800746ED
:108030002AE04FF010032380072725E0B48AB369B4
:10804000A14294BF042702278C4228BF0C46204639
:10805000984705460020FFF7A5FD22460146284621
:1080600000F026FB21460020FFF7B8FD338A4FF0D1
:1080700030021B1B3382738AE418084B74821A8007
:10808000094B4FF440521A80024B1B681F72BDE827
:10809000F081C0464C0B0020CC090020540B00207E
:1080A000505C004002300020520B002010B5144BF1
:1080B0001A68137A022B01D0042B05D1FFF79EFF1B
:1080C0000F4B1B681A7A14E0062B11D15378052B3D
:1080D0000AD1137813F07F0F06D1D078FFF7E0FEB6
:1080E000084B1B681B6A9847074B1B689B6898479F
:1080F0000822034B1B681A72FFF7F6FE10BDC0463C
:108100004C0B0020480B0020240B002010B5364BF0
:1081100019680B7813F07F0004D14B7A23F0200309
:108120004B7260E002285DD14B88002B5AD10B794D
:10813000002B57D14C7924F0800014F0800F4FEAC7
:10814000800207D002F1804303F5B8431B6803F0B7
:10815000300206E002F1804303F5B8431B6803F4E4
:108160004052224B1B7898423CD2002A3AD08B7A5C
:10817000002B37D014F0800F4FEA800211D002F1AB
:10818000804303F5B8431B6803F03003102B23D161
:10819000C4B22046FFF7D4FC20463021FFF76AFC2A
:1081A0001AE002F1804404F5B844236803F4405314
:1081B000B3F5805F10D128B90D4B93F82C10FFF761
:1081C0001BFD01E0FFF7AAFC22684BF68F7302EA61
:1081D000030383F440532360064B1B685B69984795
:1081E000002000E0022010BD4C0B0020C400002045
:1081F00094000020480B0020874BF7B51A68874F82
:10820000874B92B2D3183D685B001C682B7A092B10
:1082100017D0A4B204F1005404F54054640023784C
:1082200004F10A062B7063786B70A088FFF704FDD9
:10823000688020893D68FFF7FFFCA8803B6876884E
:10824000DE80764D01232A68D18813725478002984
:1082500062D1137813F07F032ED1092C02D1FFF7DE
:1082600005FD3BE0052C0DD192F90330002B4EDBD0
:108270009378002B4BD19388002B48D1937A002B15
:1082800037D044E0032C0BD1D378012B27D193882E
:108290002BBB537A13F0200F21D0FFF7DFFD1DE039
:1082A000012C1CD1D378012B19D19388BBB9537AF7
:1082B00013F0200F13D00AE0012B04D10B2C0ED1A8
:1082C000FFF704FD0AE0022B09D1012C02D1FFF7D0
:1082D0001DFF03E0032C02D1FFF772FD48B1514BA3
:1082E00020461B685B699847032801D109220FE0EB
:1082F00068B9494B4FF030011A684B4B92B2D31812
:108300005B0000221A60494B0632198000E0082207
:10831000424B1B681A72E6E0062C18D1137813F052
:108320007F0F40F098809378012B03D13D4B1B6861
:10833000DA6985E0022B03D13A4B1B681A6A7FE0A9
:10834000032B40F08880374B1B685A6A78E0002C7A
:1083500041D15388002B7ED102297CD1117900298B
:1083600079D1137813F07F0303D19388002B72D156
:108370002FE0012B0BD12B4B50791B689B69984741
:10838000002868D12B689B7A002B64D021E0022B57
:1083900061D1527902F00F0012F0800F4FEA800392
:1083A00007D003F1804303F5B8431B6803F03001A5
:1083B00006E003F1804303F5B8431B6803F4405122
:1083C0001B4B1B78984246D212F0700F43D1002904
:1083D00041D0184A35E0082C05D1137813F07F0FEF
:1083E00039D1154A2DE00A2C35D1137803F07F03DB
:1083F000012B30D1937A002B2DD053885BBB13799E
:108400004BBB012927D1074B50791B6801399B6968
:10841000984700BB094A14E0505C00404C0B002018
:1084200004300020240B002002300020540B0020D8
:10843000C4000020157D0008457C0008A57C0008CC
:108440004AB12A4B4FF000011B68002059829A6103
:10845000904700200CE0264B244C1A6823681269D0
:1084600058789047032803D12268092313723AE011
:108470001E4B1C684FF6FF73218A994201D10923D4
:1084800003E0022800D011B9082323722BE094F9ED
:108490000030002B21DAE2880192019B994202D937
:1084A000019B238211E091420FD2114B1B6893F87C
:1084B0002C20914201D2002205E091FBF2F302FB55
:1084C000131313B901220B4B1A70094B1B6893F855
:1084D0002C30A382FFF792FD05E003232372064BA5
:1084E0004FF440521A80FFF7FFFCFEBD4C0B0020FA
:1084F000240B0020CC090020520B0020074A084B17
:1085000008491A60022310B51372074B074A196015
:10851000074B1A600B68984710BDC0462C0B002013
:108520004C0B002094000020240B0020C8000020E9
:10853000480B002070B59FE047F6FF7313600B886F
:10854000534803F00F030370002B69D1514C524D77
:108550002368524A03F440532B80236803F030030E
:10856000138022684BF68F7302EA030383F40053EF
:108570002360226848F6BF7302EA030383F02003F6
:1085800023600B8813F0100F04D023689BB213F004
:10859000800F08D0236848F60F7203EA02022260B7
:1085A000FFF784FD16E013F4006F08D0236840F64F
:1085B0008F7203EA02022260FFF71EFE0AE013F444
:1085C000004F59D0236840F68F7203EA02022260FE
:1085D000FFF7ACFC23684BF68F7103EA01012B888F
:1085E00048F6BF7213F4805F18BF81F4805113F412
:1085F000005F284B18BF81F4005119601B6803EA23
:108600000202264B1B8813F0100F18BF82F01002D5
:1086100013F0200F1F4B18BF82F020021A6035E0C4
:108620009B0003F1804101F5B8410B689CB214F442
:10863000004F0BD00A6840F68F7302EA03030B6009
:108640000378174A013B52F82330984714F0800F03
:1086500012D00F4848F60F730278920002F1804260
:1086600002F5B842116801EA0303136003780D4A6A
:10867000013B52F8233098470B4A0C4913689BB2D0
:108680000B800B881BB2002BFFF656AF70BDC046A7
:10869000280B0020005C0040520B0020540B0020EF
:1086A000380000201C000020445C0040140B002017
:1086B00001F1005101F54051013210B54FF0000CAD
:1086C0004C0051080BE000EB0C035A7810F80C300A
:1086D000013943EA022324F81C300CF1020C002972
:1086E000F1D110BD01F10051013201F5405110B539
:1086F00049005208002304E031F81340013AC45203
:108700000233002AF8D110BD254B70B598420546BA
:108710000C4614D0A3F57443984210D003F580633F
:1087200098420CD003F58063984208D003F580632B
:10873000984204D01B4840F21331FDF7B3FE012CE0
:1087400023D0802C21D0402C1FD0202C1DD0102CC9
:108750001BD0B4F5807F18D0B4F5007F1BD0082C57
:1087600013D0042C11D0022C0FD00E484FF44571B9
:1087700009E00D4B9D4208D003F580639D4204D073
:1087800008484FF44671FDF78DFE2B881C420CBF44
:108790000020012070BD024B9D42EAD1F5E7C046A2
:1087A00000380140F3AD0008004400400E4B10B506
:1087B0009842044614D0A3F57443984210D003F5B0
:1087C000806398420CD003F58063984208D003F58B
:1087D0008063984204D0054840F24321FDF762FED1
:1087E000A088C005C00D10BD00380140F3AD0008E1
:1087F000134B70B5984204460D4614D0A3F574434C
:10880000984210D003F5806398420CD003F5806342
:10881000984208D003F58063984204D0094840F29A
:108820003221FDF73FFEB5F5007F04D3054840F245
:108830003321FDF737FEEB05DB0DA38070BDC0468D
:1088400000380140F3AD0008174B70B5984204465C
:108850000D4614D0A3F57443984210D003F58063FD
:1088600098420CD003F58063984208D003F58063EA
:10887000984204D00D484FF4A171FDF713FE012D6D
:1088800004D90A4840F24311FDF70CFE25B1A38933
:108890009BB243F4005304E0A38923F400531B0468
:1088A0001B0CA38170BDC04600380140F3AD000829
:1088B00030B5584B87B0984204460D4613D0A3F507
:1088C000744398420FD003F5806398420BD003F5B0
:1088D0008063984207D003F58063984203D04E48E6
:1088E000AD21FDF7DFFD2B684C4A013B934203D9D4
:1088F0004948AE21FDF7D6FDAB8833B1B3F5805FB3
:1089000003D04548AF21FDF7CDFDEB8863B1B3F54A
:10891000805F09D0B3F5005F06D0B3F5405F03D0A8
:108920003D48B021FDF7BEFD2B894BB1B3F5806FFB
:1089300006D0B3F5C06F03D03748B121FDF7B2FDC3
:108940006A894FF6F37302EA030303B91AB932488E
:10895000B221FDF7A7FDAB8963B1B3F5807F09D0E4
:10896000B3F5007F06D0B3F5407F03D02A48B3218A
:10897000FDF798FDAB8973B1264B9C420BD0A3F554
:1089800074439C4207D003F580639C4203D0224885
:10899000B721FDF787FD238AEA8823F440531B049F
:1089A0001B0C13432382A289A9882B8922F4B0527D
:1089B0000B43698922F00C020B431204120C9BB288
:1089C0001343A381A38AAA8923F440731B041B0CBD
:1089D0001343A38201A800F0C5FB0E4B9C420CBFC1
:1089E000049B039B19225A432B6864209B00B2FB13
:1089F000F3F2B2FBF0F109010B0900FB13231B0199
:108A00003233B3FBF0F303F00F030B439BB223812C
:108A100007B030BD00380140F3AD00081FAA440084
:108A2000B0F1005F70B504460D4606D0B0F1006F9E
:108A300003D009489D21FDF735FD084B9D4203D920
:108A400005489E21FDF72EFD25F0604323F07F03AE
:108A5000034A2343936070BD45AE0008FEFF070044
:108A600000ED00E0C37810B5012B044603D91E4881
:108A70007421FDF717FD63780F2B03D91A48752170
:108A8000FDF710FDA3780F2B03D917487621FDF7CA
:108A900009FDE37894F800C0D3B1144B6178DA682B
:108AA000D243C2F30222C2F1040399400F23D34000
:108AB000A27813400B430E4A1B01DBB2624482F8DA
:108AC00000330CF01F0201234FEA5C11934006E0D3
:108AD0000CF01F02012393404FEA5C112031044A3D
:108AE00042F8213010BDC04645AE000800ED00E060
:108AF00000E100E0B0F5E06F10B504460FD0B0F52E
:108B0000C06F0CD0B0F5A06F09D0B0F5806F06D063
:108B1000B0F5407F03D005486221FDF7C3FC44F067
:108B2000BE63034A43F42023D36010BD45AE000862
:108B300000ED00E010F0704F10B5044604D0094B72
:108B400000EA03030BB905E020B907484FF4FD71B3
:108B5000FDF7A8FC14F0805F14BF044B044B5C606D
:108B600010BDC0460000F0EF8CAE000800040240CB
:108B700000000240030D1B0510B5044603B918B9E7
:108B80000348FB21FDF78EFC024B5C6110BDC04623
:108B9000DCAE000800040140431E012B10B5044662
:108BA00033D9042831D008282FD010282DD02028E0
:108BB0002BD0402829D0802827D0B0F5807F24D022
:108BC000B0F5007F21D0B0F5806F1ED0B0F5006FFA
:108BD0001BD0B0F5805F18D0B0F5005F15D0B0F5B0
:108BE000804F12D0B0F5004F0FD0B0F5803F0CD0C1
:108BF000B0F5003F09D0B0F5802F06D0B0F5002FBA
:108C000003D00748E421FDF74DFC064B1A685B6969
:108C100014EA030003D014420CBF0020012010BD51
:108C2000DCAE000800040140037970B505462BB1A5
:108C3000042B03D02A486921FDF734FC6B79082BFB
:108C400007D00C2B05D0102B03D025486A21FDF747
:108C500029FC2A68130D1B0503B91AB920486B219A
:108C6000FDF720FCAB79012B03D91D486C21FDF7E2
:108C700019FCAB792C7928684BB31A49C2430B68AD
:108C800002EA03030B604B681A404A6004F1804219
:108C900002F582321368034313602C688B68E24349
:108CA00002EA03038B60CB6868791A401028CA6017
:108CB00006D18B6823438B60CB682343CB600EE0E7
:108CC00000F1804202F582321368234306E004F18A
:108CD000804202F58232136823EA0003136070BDFC
:108CE000DCAE000800040140062870B505460C46BD
:108CF00004D911484FF41171FDF7D4FB0F2C04D99E
:108D00000D4840F24521FDF7CDFB04F0030292002F
:108D10000F23934015FA02F2A008084C023054F8D1
:108D2000201021EA030144F8201054F820301A439F
:108D300044F8202070BDC0462DAF0008000001405F
:108D4000124B70B5984204460D461CD003F5806363
:108D5000984218D003F58063984214D003F58063DD
:108D6000984210D003F5806398420CD003F58063DD
:108D7000984208D003F58063984204D0044840F23A
:108D8000A311FDF78FFBE56070BDC04600080140F0
:108D90002DAF00082E4B70B5984205460C4616467E
:108DA0001CD003F58063984218D003F58063984285
:108DB00014D003F58063984210D003F58063984285
:108DC0000CD003F58063984208D003F58063984285
:108DD00004D020484FF4C671FDF764FB631E9BB2BC
:108DE000012B28D9042C26D0082C24D0102C22D0DA
:108DF000202C20D0402C1ED0802C1CD0B4F5807F9D
:108E000019D0B4F5007F16D0B4F5806F13D0B4F547
:108E1000006F10D0B4F5805F0DD0B4F5005F0AD0BC
:108E2000B4F5804F07D0B4F5004F04D0094840F2A4
:108E30008D11FDF737FB012E04D906484FF4C77199
:108E4000FDF730FB0EB12C6100E06C6170BDC046D7
:108E5000000801402DAF0008154B70B5984204463C
:108E60000D461CD003F58063984218D003F580634B
:108E7000984214D003F58063984210D003F58063C4
:108E800098420CD003F58063984208D003F58063C4
:108E9000984204D007484FF4BC71FDF703FB25B995
:108EA000044840F27911FDF7FDFA656170BDC046D6
:108EB000000801402DAF0008154B70B598420446DC
:108EC0000D461CD003F58063984218D003F58063EB
:108ED000984214D003F58063984210D003F5806364
:108EE00098420CD003F58063984208D003F5806364
:108EF000984204D007484FF4B471FDF7D3FA25B96E
:108F0000044840F26911FDF7CDFA256170BDC046F5
:108F1000000801402DAF00082A4B70B59842054665
:108F20000C461CD003F58063984218D003F580638B
:108F3000984214D003F58063984210D003F5806303
:108F400098420CD003F58063984208D003F5806303
:108F5000984204D01C4840F21D11FDF7A3FA631E8D
:108F60009BB2012B28D9042C26D0082C24D0102CFD
:108F700022D0202C20D0402C1ED0802C1CD0B4F528
:108F8000807F19D0B4F5007F16D0B4F5806F13D070
:108F9000B4F5006F10D0B4F5805F0DD0B4F5005F6C
:108FA0000AD0B4F5804F07D0B4F5004F04D006487E
:108FB0004FF48F71FDF776FAAB681C420CBF0020AE
:108FC000012070BD000801402DAF0008494B2DE97C
:108FD000F041984204460D461BD003F58063984249
:108FE00017D003F58063984213D003F5806398424D
:108FF0000FD003F5806398420BD003F5806398424D
:1090000007D003F58063984203D03B48B121FDF7B8
:1090100049FAEB788BB1042B0FD0282B0DD0482BBD
:109020000BD0142B09D0102B07D01C2B05D0182BDC
:1090300003D03148B221FDF735FA2B881BB92E48F1
:10904000B321FDF72FFAEB7813F0100F03F00F07A1
:109050000AD0AB78013BDBB2022B03D92648BA21F8
:10906000FDF720FAAB781F432B78EBB12668002080
:10907000012383402A8803EA0201994210D1820029
:109080000F23934017FA02F226EA030343EA02068B
:10909000EB78282B01D1616102E0482B08BF2161E8
:1090A00001300828E4D126602B88FF2B20D9666880
:1090B0000020012300F1080213FA02F12B8801EAD3
:1090C00003038B4210D183000F229A4017FA03F357
:1090D00026EA020242EA0306EB78282BEB7808BF67
:1090E0006161482B08BF216101300828E1D1666029
:1090F000BDE8F081000801402DAF000830BF704787
:10910000012870B504460D4603D90F48D021FDF75C
:10911000C9F96B1EDBB2012B03D90B48D121FDF736
:10912000C1F90A4A012D136823F0030344EA03033B
:109130001360074A136843F00403136002D1FFF77A
:10914000DDFF00E020BF70BD7EAF00080070004072
:1091500010ED00E0024B586800F00C007047C0466C
:109160000010024010B504461E48436803F00C038B
:10917000042B02D0082B14D101E01B4B12E04368F2
:109180004268C3F38343991C12F4803F01D1174B0B
:1091900005E0436813F4003F14BF154B124B4B43DB
:1091A00000E0144B0F48236043681349C3F30313D3
:1091B000CB5C2268DA4062604368C3F30223CB5C75
:1091C00032FA03F3A3604368C3F3C223CB5CDA40F3
:1091D000E2604368C3F38133C9180B7CB2FBF3F23E
:1091E000226110BD00100240001BB70000093D00C5
:1091F000808D5B0000127A0090030020212810B5BA
:10920000044618D0312816D0392814D0412812D05D
:10921000612810D07A280ED07B280CD07C280AD068
:109220007D2808D07E2806D07F2804D00B4840F245
:109230001D51FDF737F96309012B02D1084B1B685B
:1092400005E0022B0BBF064B054B1B6A5B6A04F063
:109250001F0033FA00F000F0010010BDCEAF00088F
:109260000010024007B5002301933120FFF7C6FF2D
:10927000019B01330193019BB3F5A06F01D000283E
:10928000F3D03120FFF7BAFF003818BF01200EBD20
:109290000F4B70B500EA030304460D4603B920B92D
:1092A0000C4840F25541FDF7FDF8012D04D909485D
:1092B00040F25641FDF7F6F825B1074AD36944EA72
:1092C000030303E0044AD36923EA0403D36170BDB6
:1092D000C03701C1CEAF0008001002400F4B70B57F
:1092E00000EA030304460D4603B920B90C4840F2D6
:1092F0003741FDF7D7F8012D04D909484FF48761AC
:10930000FDF7D0F825B1074A936944EA030303E067
:10931000044A936923EA0403936170BD0200FFFFCE
:10932000CEAF00080010024020F4AA6323F0070328
:1093300070B504460D4603B920B90C4840F21A41F5
:10934000FDF7B0F8012D04D9084840F21B41FDF7A4
:10935000A9F825B1064A536944EA030303E0044A25
:10936000536923EA0403536170BDC046CEAF0008C1
:1093700000100240012810B5044604D9034840F209
:10938000D721FDF78FF8024B1C6010BDCEAF00084F
:10939000D8004242022810B5044604D906484FF4CA
:1093A0000D71FDF77FF8054A536823F0030344EA83
:1093B0000303536010BDC046CEAF0008001002404A
:1093C000012810B5044604D903484FF4CA71FDF7CB
:1093D00069F8024B1C6010BDCEAF0008600042422D
:1093E00010B5044650B1B0F5803F07D0B0F5802FDE
:1093F00004D00F4840F21111FDF754F80D4AB4F5AE
:10940000803F136823F480331360136823F48023B0
:10941000136003D0B4F5802F08D103E0136843F440
:10942000803302E0136843F4A023136010BDC046EC
:10943000CEAF000800100240164B70B598420546AA
:109440000C460CD0A3F57843984208D003F580630E
:10945000984204D0104840F20131FDF723F8802CE7
:1094600012D0402C10D0202C0ED0102C0CD0082C58
:109470000AD0042C08D0022C06D0012C04D00648B7
:1094800040F20231FDF70EF82B891C420CBF002080
:10949000012070BD003001401EB000080A4B10B51D
:1094A000984204460CD0A3F57843984208D003F5BF
:1094B0008063984204D0054840F23521FCF7F2FF62
:1094C000A08980B210BDC046003001401EB0000827
:1094D0000A4B70B5984204460D460CD0A3F578436C
:1094E000984208D003F58063984204D0044840F2C3
:1094F0002521FCF7D7FFA58170BDC0460030014093
:109500001EB00008134B70B5984204460D460CD0AF
:10951000A3F57843984208D003F58063984204D0BD
:109520000D4840F2AD11FCF7BDFF012D04D90A48EA
:109530004FF4D771FCF7B6FF25B123889BB243F0F7
:10954000400304E0238823F040031B041B0C23800A
:1095500070BDC046003001401EB00008454B70B5DC
:10956000984205460C460BD0A3F57843984207D0A5
:1095700003F58063984203D03F48A221FCF792FF95
:10958000238863B1B3F5806F09D0B3F5004F06D0DF
:10959000B3F5404F03D03848A521FCF783FF63881B
:1095A000B3F5827F04D01BB13348A621FCF77AFFC4
:1095B000A388B3F5006F04D01BB12F48A721FCF797
:1095C00071FFE3882BB1022B03D02B48A821FCF7B5
:1095D00069FF2389012B03D92748A921FCF762FFE2
:1095E0006389B3F5007F04D01BB12348AA21FCF79F
:1095F00059FFA3898BB1082B0FD0102B0DD0182B3E
:109600000BD0202B09D0282B07D0302B05D0382B9E
:1096100003D01948AB21FCF745FFE3892BB1802B20
:1096200003D01548AC21FCF73DFF238A1BB9124833
:10963000AD21FCF737FF2288638829881343A2886D
:1096400001F441511343E288134322891343628991
:109650001343A2891343E2891343194389B2298032
:10966000AB8B23F400631B041B0CAB83238A2B827C
:1096700070BDC046003001401EB00008114B70B5EF
:10968000984204460D460CD003F58063984208D0FA
:1096900003F5A053984204D00B4840F2CB11FCF7DD
:1096A00001FF012D04D908484FF4E671FCF7FAFEDA
:1096B0001DB1A36843F4A00302E0A36823F4A00350
:1096C000A36070BD002401406EB00008814238BF25
:1096D00008467047014B987B7047C046A4030020A2
:1096E00010B50448FCF706FF034B00229A7000F007
:1096F000D7FA10BD63A00008D009002010B50448B7
:10970000FCF7F8FE034B01229A7000F0CFFA10BD6F
:1097100075A00008D009002010B5034B5C7B00F059
:109720009BFA241A60B210BDA40300202DE9F04179
:10973000164605460F4600F08DFA0D4B39469879CE
:109740009C68FFF7C3FF214602462846F6F7E0FC77
:109750001EB1FFF7E1FF40B23080054C0023A37338
:1097600000F076FAA0793946FFF7B0FFBDE8F08146
:10977000A40300202DE9F041324B07469B78884630
:1097800014460BB9FFF7BAFF67212046FFF79EFF8B
:10979000064600F067FA00F077FA2A4806F10B0354
:1097A000C46F0372657948F6410248F6610300F11F
:1097B0000801002D08BF13464B706FF077038B70C4
:1097C0000378CB706388CF808B8024880C81002144
:1097D00004E018F80130421893720131CBB2B34261
:1097E0001948F6D306F10A01C9B200F0B5FA00F043
:1097F00045FA00F06BFA20B114484FF4E771FCF71A
:1098000065FE104CE36F5B796BB100236370C82079
:10981000FCF7A2FE637833B90C4840F2E711FCF77D
:1098200055FE012400E00024064B9B780BB9FFF79E
:1098300057FF1CB9034A1378013313702046BDE863
:10984000F081C046D0090020D809002086A0000879
:109850002DE9F041074600F0A3FA01281BD000F0E3
:10986000F9F90E4C0E4B002501269D60E767A670A6
:109870006560387900F020FAE36F188800F07CFA10
:10988000E36F588800F070FA882000F013F9304632
:1098900000F09EF82846BDE8F081C046D0090020BF
:1098A000A403002070B5294D00F0EEF905F1800603
:1098B00000F0CEF90121304600F046FA95F88030EC
:1098C000234C03F07F01052985F8801012D105F1A2
:1098D000810000F039FA7378C3F34013237395F9CC
:1098E0008530002B2CDAF2782B789A4228D101238C
:1098F0006B7025E0A1F10B0305F18100A37100F06D
:1099000023FA707894F90620C0F340132373338947
:10991000638005F18A03A36099189B5C637391F9D6
:109920000130002B09DA2278F3789A4205D000F052
:10993000DF03412B01D10123A373F278044B1A708A
:1099400000F088F900F09AF970BDC046D0090020F7
:10995000A403002010B503480121FFF76DFD002886
:10996000F9D010BD0030014010B50248FFF796FD58
:10997000C0B210BD0030014010B5044605480221B8
:10998000FFF75AFD0028F9D002482146FFF7A0FD55
:1099900010BDC0460030014010B520B904488021F8
:1099A000FFF75AFA03E002488021FFF785FA10BD5D
:1099B0000010014010B520B904484021FFF74CFACF
:1099C00003E002484021FFF777FA10BD0010014084
:1099D00030B5054685B04FF4C060FFF78BF8002422
:1099E000172303A88DF80C308DF80D408DF80E402C
:1099F0008DF80F50FFF736F802200821FFF774F9B1
:109A00004FF48070FFF7B6F84FF48073019301A80C
:109A100008238DF808408DF809308DF80A50FFF7BB
:109A200003F905B030BDC04670B505460E460024AA
:109A300007E0305DFFF7A0FFFFF78CFF6B1E0134DE
:109A40009DB2002DF5D170BD10B5FFF795FFFFF762
:109A500081FFFFF789FF10BD70B5094D04460E4622
:109A600028461021FFF7F8F944F0C000FFF7ECFF9B
:109A70003046FFF7E9FF28461021FFF71DFA70BDB9
:109A80000008014070B50A4D102104462846FFF732
:109A9000E3F944F08000FFF7D7FF0020FFF7D4FF81
:109AA000102104462846FFF707FA204670BDC0463D
:109AB0000008014070B5094D102104462846FFF703
:109AC000CBF95820FFF7C0FF06462046FFF7BCFF42
:109AD00028461021FFF7F0F9304670BD000801401C
:109AE0002DE9F0410A4C0646884620461021FFF732
:109AF000B3F93A20FFF7A8FF414605463046FFF785
:109B000093FF20461021FFF7D7F92846BDE8F081E2
:109B1000000801402DE9F0410E4E04460D46304646
:109B20001021FFF799F9200A40F02000FFF78CFF81
:109B30008046E0B2FFF788FFE8B2FFF785FF280A0A
:109B4000FFF782FF30461021FFF7B6F94046BDE827
:109B5000F081C046000801402DE9F0410C4D04465B
:109B6000884628461021FFF777F9200A40F02000A8
:109B7000FFF76AFF0646E0B2FFF766FF4046FFF7D1
:109B800063FF28461021FFF797F93046BDE8F081C2
:109B90000008014070B50C4D102104462846FFF71F
:109BA0005BF9200A40F01000FFF74EFFE0B2FFF72C
:109BB0004BFF0020FFF748FF102104462846FFF71F
:109BC0007BF9204670BDC0460008014070B5084DC5
:109BD000102104462846FFF73FF92046FFF734FFDF
:109BE000102104462846FFF767F9204670BDC0469D
:109BF0000008014070B505460E4600240AE000202A
:109C0000FFF7BAFEFFF7A6FEFFF7AEFE6B1E30555C
:109C10009DB20134002DF2D170BDC0462DE9F04156
:109C20000A4C0646884620461021FFF715F93020D9
:109C3000FFF70AFF414605463046FFF7DBFF2046A7
:109C40001021FFF739F92846BDE8F08100080140EE
:109C50007047C0467047C046014B18787047C046F1
:109C6000B403002010B504484FF40061FFF754F925
:109C70000028F8D110BDC0460010014010B50120E9
:109C8000FFF7A6FE10BDC04610B58820FFF712FFF3
:109C90004FF48070FEF76EFF0020FFF799FE10BDB5
:109CA00010B54520FFF792FF10BDC04610B5422009
:109CB000FFF78CFF10BDC046052141432C3910B57C
:109CC0002E20C9B2FFF7C8FE10BDC04610B51C4813
:109CD0004FF48061FFF720F90028F8D022200221FC
:109CE000FFF7BAFE40F6C4140BE04420FFF76EFF06
:109CF00013484FF40071FFF70FF980B91430FCF7E7
:109D00002BFC631E9CB2002CEFD10E4840F2D31105
:109D1000FCF7DCFB4820FFF759FF01340AE0084854
:109D20004FF48061FFF7F8F80028F8D08120FFF7A2
:109D3000C1FE002422202C21FFF78EFE204610BDFC
:109D40000010014098A00008034610B508461946C7
:109D5000FFF764FF10BDC046034610B5084619461C
:109D6000FFF7BEFE10BDC046014610B540F2F2300E
:109D7000FFF7D0FE10BDC046014610B54FF47D7010
:109D8000FFF7C8FE10BDC04610B54220FFF702FF26
:109D900010BDC04610B54020FFF7FCFE10BDC04608
:109DA00010B51548FCF7A6FB0020FFF711FE0020B8
:109DB000FFF700FE10211148FFF77EF80020FFF7A3
:109DC000EBFD6E20FCF7C8FB0120FFF7E5FDC82086
:109DD000FCF7C2FB0120FFF7EDFDC820FCF7BCFB40
:109DE000074C03E014F8031CFFF7B6FE14F8020C4E
:109DF00002340028F6D110BDA6A0000800080140DA
:109E0000B70300204FF000007047C0464FF000003D
:109E10007047C0464FF0FF307047C046FEE7C0466F
:109E20004FF0FF307047C0464FF400534B604FF087
:109E3000000070474FF0FF307047C0464FF0010000
:109E40007047C04670B50D46161E09DD4FF0000480
:109E500015F9010BFCF7C0FB04F10104B442F7D182
:109E6000304670BD10B540F6F822C2F20002136809
:109E700023B940F65C33C2F20003136040F6F823C6
:109E8000C2F200031A6810446B4698420BD94FF097
:109E900001004BF24811C0F600014FF00802FFF735
:109EA000D1FFFCF737FA40F6F823C2F2000318603E
:109EB000104610BD535049785F496E69740053795C
:109EC0007374656D5F496E666F726D6174696F6EF4
:109ED00000120100020000004083045057000201FC
:109EE00002030109022900010100C0320904000037
:109EF000020300000009211001000122A200070551
:109F0000810302002007050103020020058C0901DE
:109F1000A101850109011500250175089501B1828E
:109F20008501090191828502090215002501750844
:109F30009501B1828502090291828503090315000A
:109F4000250175089501B182850309039182850475
:109F500009041500250175089501B18285040904DD
:109F60009182850509051500250175018182090584
:109F70007501B1827507818385057507B1838506F3
:109F80000906150025017501818209067501B18256
:109F90007507818385067507B18385070907150055
:109FA00026FF007508818285070907B182C0040376
:109FB00009042603530054004D0069006300720039
:109FC0006F0065006C0065006300740072006F0034
:109FD0006E006900630073002003530054004D00BD
:109FE00033003200200043007500730074006D00E0
:109FF00020004800490044004550315F494E5F430E
:10A00000616C6C6261636B004550315F4F55545F0A
:10A0100043616C6C6261636B005A69674265655F9E
:10A0200054657374006170704C6967687400617086
:10A030007053776974636800706572546573745FF8
:10A0400061707052656365697665720070657254FF
:10A050006573745F6170705472616E736D6974744E
:10A060006572006261736963526652656365697601
:10A07000654F666600626173696352665265636527
:10A080006976654F6E006261736963526653656EEF
:10A09000645061636B65740068616C5266547261F0
:10A0A0006E736D69740068616C5266496E69740004
:10A0B00020202020202020202020202020202020A0
:10A0C0003030303030303030303030303030303090
:10A0D0000000000000000000000000000000000080
:10A0E0000000000000000000000000000000000070
:10A0F0000000000000000000000000000000000060
:10A10000000000000000000000000000000000004F
:10A11000000000000000000000000000000000003F
:10A12000000000000000000000000000000000002F
:10A13000E00300203CB1000838B1000850B100082D
:10A1400050B1000850B1000850B1000850B10008EB
:10A1500050B1000850B1000850B1000850B10008DB
:10A16000FFFFFFFFFFFFFFFF000000000000F03FC8
:10A1700000000000000024400000000000005940E2
:10A180000000000000408F40000000000088C34035
:10A1900000000000006AF8400000000080842E41AA
:10A1A00000000000D01263410000000084D79741F6
:10A1B0000000000065CDCD41000000205FA00242FC
:10A1C000000000E876483742000000A2941A6D4271
:10A1D000000040E59C30A2420000901EC4BCD64264
:10A1E00000003426F56B0C430080E03779C341430F
:10A1F00000A0D8855734764300C84E676DC1AB4385
:10A20000003D9160E458E143408CB5781DAF1544A2
:10A2100050EFE2D6E41A4B4492D54D06CFF080447D
:10A22000F64AE1C7022DB544B49DD9794378EA4492
:10A2300005000000190000007D0000000000000083
:10A240000080E03779C34143176E05B5B5B8934632
:10A25000F5F93FE9034F384D321D30F94877825AFE
:10A260003CBF737FDD4F1575BC89D897B2D29C3C3B
:10A2700033A7A8D523F649393DA7F444FD0FA532ED
:10A280009D978CCF08BA5B25436FAC642806C80A3B
:10A29000000102020303030304040404040404048D
:10A2A000050505050505050505050505050505055E
:10A2B000060606060606060606060606060606063E
:10A2C000060606060606060606060606060606062E
:10A2D000070707070707070707070707070707070E
:10A2E00007070707070707070707070707070707FE
:10A2F00007070707070707070707070707070707EE
:10A3000007070707070707070707070707070707DD
:10A3100008080808080808080808080808080808BD
:10A3200008080808080808080808080808080808AD
:10A33000080808080808080808080808080808089D
:10A34000080808080808080808080808080808088D
:10A35000080808080808080808080808080808087D
:10A36000080808080808080808080808080808086D
:10A37000080808080808080808080808080808085D
:10A38000080808080808080808080808080808084D
:10A3900057726F6E6720706172616D65746572735C
:10A3A0002076616C75653A2066696C65202573209E
:10A3B0006F6E206C696E652025640D0A00212121D5
:10A3C00020415353455254204641494C4544202195
:10A3D000212120257328292025640A005B4552523B
:10A3E0004F525D20257328292025640A00257328F3
:10A3F0002920450A002573282920530A0053595360
:10A40000434C4B5F4672657175656E6379203D20E4
:10A4100025640A0048434C4B5F4672657175656E52
:10A420006379203D2025640A0050434C4B315F4640
:10A4300072657175656E6379203D2025640A005050
:10A44000434C4B325F4672657175656E6379203D92
:10A450002025640A00414443434C4B5F46726571BA
:10A4600075656E6379203D2025640A004D616E6735
:10A470006F205A3120746573742073746172742E66
:10A480002E2E005072657373206D656E75206B659E
:10A490007900303E2053797374656D20496E666F84
:10A4A000726D6174696F6E00313E204C45442054DA
:10A4B00065737400323E204B455920546573740017
:10A4C000333E205A696742656520546573740034D1
:10A4D0003E20555342204849442054657374007807
:10A4E0003E20717569740A002069732073656C657C
:10A4F000637465640A0052696768742D5553455248
:10A5000020427574746F6E205072657373004C65D1
:10A5100066742D574B555020427574746F6E2050E1
:10A5200072657373000A2D2053656C656374204354
:10A5300068616E6E656C202D003C613E2063686131
:10A540006E6E656C2031312C203C623E2063686168
:10A550006E6E656C2031322C203C633E2063686156
:10A560006E6E656C2031332C203C643E2063686144
:10A570006E6E656C203134003C653E206368616E10
:10A580006E656C2031352C203C663E206368616E20
:10A590006E656C2031362C203C673E206368616E0E
:10A5A0006E656C2031372C203C683E206368616EFC
:10A5B0006E656C203138003C693E206368616E6EC8
:10A5C000656C2031392C203C6A3E206368616E6ED8
:10A5D000656C2032302C203C6B3E206368616E6ECF
:10A5E000656C2032312C203C6C3E206368616E6EBD
:10A5F000656C203232003C6D3E206368616E6E6592
:10A600006C2032332C203C6E3E206368616E6E6598
:10A610006C2032342C203C6F3E206368616E6E6586
:10A620006C2032352C203C703E206368616E6E6574
:10A630006C203236002069732073656C6563746525
:10A64000640073656C6563746564206368616E6E35
:10A65000656C2069732025640A0064656661756C09
:10A6600074206368616E6E656C2069732025640ACE
:10A67000006672657175656E63792072616E6765DB
:10A680002069732066726F6D202564204D487A2002
:10A69000746F202564204D487A0A0073656C6563E9
:10A6A000746564206672657175656E63792069737F
:10A6B000202564204D487A0A006368697069642027
:10A6C0003A20307825780A0076657273696F6E20BB
:10A6D0003A20307825780A000A0A2D2D2D2D2D2DAF
:10A6E0002D2D2D2D2D2D2D2D2D2D2D2D2D2D2D00C7
:10A6F000313E205072696E742052656769737465CB
:10A7000072733A204652454700323E205072696EBD
:10A7100074205265676973746572733A20535245A9
:10A720004700333E206170704C6967687400343EA6
:10A730002061707053776974636800353E2050451E
:10A740005220546573742061707052656365697638
:10A75000657200363E205045522054657374206166
:10A7600070705472616E736D6974746572003078C4
:10A770002530325820252D323073203A203078256C
:10A780003032580A00705278446174615B305D3A2F
:10A790002025630A006261736963526647657452DB
:10A7A00073736928292076616C3A2025640A007346
:10A7B000656E6420646174612069732025630A00FA
:10A7C000726376503A2025642C206C6F7374503A73
:10A7D0002025642C205045523A25352E32662025FE
:10A7E000252C20525353493A25352E326620644297
:10A7F0006D0A005041434B45545F53495A452073FD
:10A80000697A656F66287065725465737450616308
:10A810006B65745F74292069732025640A00536591
:10A820006C6563742042757273742053697A650095
:10A83000313E2042555253545F53495A45203130DE
:10A84000303000323E2042555253545F53495A45EE
:10A8500020313030303000333E2042555253545F67
:10A8600053495A452031303030303000343E204298
:10A87000555253545F53495A4520313030303030AF
:10A88000300053656C65637465642042757273743F
:10A890002053697A653A2025640A00507265737303
:10A8A00020416E79204B657920746F20737461723A
:10A8B000742073656E64696E672064617461202E14
:10A8C0002E2E00736E74503A2025640A00434332E2
:10A8D0003532305F46524D46494C54300043433286
:10A8E0003532305F46524D46494C54310043433275
:10A8F0003532305F5352434D415443480043433255
:10A900003532305F53524353484F5254454E300016
:10A910004343323532305F53524353484F525445CC
:10A920004E31004343323532305F53524353484F28
:10A930005254454E32004343323532305F53524316
:10A94000455854454E30004343323532305F535200
:10A9500043455854454E31004343323532305F53FE
:10A960005243455854454E32004343323532305FEE
:10A9700046524D4354524C30004343323532305FDF
:10A9800046524D4354524C31004343323532305FCE
:10A990005258454E41424C453000434332353230E7
:10A9A0005F5258454E41424C4531004343323532A7
:10A9B000305F455843464C414730004343323532BF
:10A9C000305F455843464C414731004343323532AE
:10A9D000305F455843464C4147320043433235329D
:10A9E000305F4558434D41534B413000434332356E
:10A9F00032305F4558434D41534B41310043433260
:10AA00003532305F4558434D41534B41320043434B
:10AA1000323532305F4558434D41534B423000434D
:10AA200043323532305F4558434D41534B4231003C
:10AA30004343323532305F4558434D41534B4232E8
:10AA4000004343323532305F45584342494E445803
:10AA500030004343323532305F45584342494E441B
:10AA60005831004343323532305F45584342494EF6
:10AA7000445930004343323532305F4558434249F0
:10AA80004E445931004343323532305F4750494FCD
:10AA90004354524C30004343323532305F475049C3
:10AAA0004F4354524C31004343323532305F4750AC
:10AAB000494F4354524C32004343323532305F47A2
:10AAC00050494F4354524C33004343323532305F88
:10AAD0004750494F4354524C34004343323532308F
:10AAE0005F4750494F4354524C350043433235324F
:10AAF000305F4750494F504F4C41524954590043E1
:10AB000043323532305F4750494F4354524C004333
:10AB100043323532305F445055434F4E0043433249
:10AB20003532305F4450555354415400434332351D
:10AB300032305F465245514354524C004343323504
:10AB400032305F4652455154554E450043433235ED
:10AB500032305F5458504F574552004343323532DC
:10AB6000305F54584354524C004343323532305FC7
:10AB700046534D5354415430004343323532305FD5
:10AB800046534D5354415431004343323532305FC4
:10AB90004649464F504354524C00434332353230BD
:10ABA0005F46534D4354524C004343323532305F7D
:10ABB0004343414354524C30004343323532305FBB
:10ABC0004343414354524C31004343323532305FAA
:10ABD00052535349004343323532305F5253534945
:10ABE00053544154004343323532305F5458464940
:10ABF000464F5F425546004343323532305F52582C
:10AC00004649525354004343323532305F5258461E
:10AC100049464F434E54004343323532305F545817
:10AC20004649464F434E540030784646004343322F
:10AC30003532305F4348495049440043433235324E
:10AC4000305F56455253494F4E0043433235323000
:10AC50005F455854434C4F434B00434332353230E9
:10AC60005F4D444D4354524C3000434332353230F3
:10AC70005F4D444D4354524C3100434332353230E2
:10AC80005F46524551455354004343323532305F9D
:10AC900052584354524C004343323532305F46538E
:10ACA0004354524C004343323532305F46534341A4
:10ACB0004C30004343323532305F465343414C31D0
:10ACC000004343323532305F465343414C320043F8
:10ACD00043323532305F465343414C3300434332B5
:10ACE0003532305F4147434354524C300043433286
:10ACF0003532305F4147434354524C310043433275
:10AD00003532305F4147434354524C320043433263
:10AD10003532305F4147434354524C330043433252
:10AD20003532305F4144435445535430004343323D
:10AD30003532305F4144435445535431004343322C
:10AD40003532305F4144435445535432004343321B
:10AD50003532305F4D444D544553543000434332F7
:10AD60003532305F4D444D544553543100434332E6
:10AD70003532305F444143544553543000434332ED
:10AD80003532305F444143544553543100434332DC
:10AD90003532305F415445535400434332353230ED
:10ADA0005F444143544553543200434332353230BB
:10ADB0005F505445535430004343323532305F5076
:10ADC0005445535431004343323532305F4450557B
:10ADD00042495354004343323532305F4143544279
:10ADE000495354004343323532305F52414D42495A
:10ADF000535400443A5C576B506A742E5372635C30
:10AE00004D53746F7279332E305C4C69627261728B
:10AE10006965735C53544D3332463130785F5374F7
:10AE2000645065726970685F4472697665725C73BC
:10AE300072635C73746D3332663130785F75736141
:10AE400072742E6300443A5C576B506A742E5372CE
:10AE5000635C4D53746F7279332E305C4C6962724F
:10AE600061726965735C53544D3332463130785F9B
:10AE70005374645065726970685F44726976657274
:10AE80005C7372635C6D6973632E6300443A5C5754
:10AE90006B506A742E5372635C4D53746F727933C6
:10AEA0002E305C4C69627261726965735C53544DFB
:10AEB0003332463130785F5374645065726970681C
:10AEC0005F4472697665725C7372635C73746D3330
:10AED00032663130785F646D612E6300443A5C57AE
:10AEE0006B506A742E5372635C4D53746F72793376
:10AEF0002E305C4C69627261726965735C53544DAB
:10AF00003332463130785F537464506572697068CB
:10AF10005F4472697665725C7372635C73746D33DF
:10AF200032663130785F657874692E6300443A5C2C
:10AF3000576B506A742E5372635C4D53746F727901
:10AF4000332E305C4C69627261726965735C535474
:10AF50004D3332463130785F537464506572697096
:10AF6000685F4472697665725C7372635C73746D5A
:10AF70003332663130785F6770696F2E6300443A10
:10AF80005C576B506A742E5372635C4D53746F72CE
:10AF900079332E305C4C69627261726965735C53FF
:10AFA000544D3332463130785F5374645065726962
:10AFB00070685F4472697665725C7372635C737407
:10AFC0006D3332663130785F7077722E6300443AA9
:10AFD0005C576B506A742E5372635C4D53746F727E
:10AFE00079332E305C4C69627261726965735C53AF
:10AFF000544D3332463130785F5374645065726912
:10B0000070685F4472697665725C7372635C7374B6
:10B010006D3332663130785F7263632E6300443A79
:10B020005C576B506A742E5372635C4D53746F722D
:10B0300079332E305C4C69627261726965735C535E
:10B04000544D3332463130785F53746450657269C1
:10B0500070685F4472697665725C7372635C737466
:10B060006D3332663130785F7370692E6300443A15
:10B070005C576B506A742E5372635C4D53746F72DD
:10B0800079332E305C4C69627261726965735C530E
:10B09000544D3332463130785F5374645065726971
:10B0A00070685F4472697665725C7372635C737416
:10B0B0006D3332663130785F6164632E6300000067
:10B0C0000A000000303132333435363738394142E6
:10B0D0004344454600000000696E6600494E460044
:10B0E0006E616E004E414E003031323334353637AA
:10B0F000383961626364656600000000286E756C13
:10B100006C29000062756720696E2076667072692E
:10B110006E74663A206261642062617365000000AB
:10B1200030000000496E66696E69747900000000A5
:10B130004E614E00430000002E00000049534F2D89
:10B14000383835392D31000048265320636F6C0A9A
:04B1500000000000FB
:10B154001A03530054004D00330032003100300014
:10B16400000000000000000000000000AD6E0008B8
:10B17400E57E0008E57E0008E57E0008E57E00081F
:10B18400E57E0008E57E0008BD6E0008E57E000847
:10B19400E57E0008E57E0008E57E0008E57E0008FF
:10B1A400E57E0008F59E0008090000000C9F0008D9
:10B1B400A2000000AE9F000804000000B29F000837
:10B1C40026000000D89F0008200000000000002096
:10B1D4001A000000E39E000829000000D19E000828
:10B1E40012000000357200088571000829700008FB
:10B1F4002D70000831700008B970000899700008BB
:10B204004D7100083D71000819710008000000002C
:10B214004000000002010000E57E00085D710008A6
:10B22400E57E0008E57E0008E57E0008E57E00086E
:10B23400E57E0008E57E00081D700008010000009E
:10B24400400000002DAC0008420000003BAC0008A8
:10B25400440000004AAC0008460000005AAC000854
:10B26400470000006AAC0008480000007AAC0008FF
:10B274004A00000089AC00084C00000097AC0008AC
:10B284004E000000A5AC00084F000000B3AC00085D
:10B2940050000000C1AC000851000000CFAC000811
:10B2A40052000000DDAC000853000000EDAC0008C3
:10B2B40054000000FDAC0008550000000DAD00086E
:10B2C400560000001DAD0008570000002DAD000819
:10B2D400580000003DAD00085A0000004DAD0008C4
:10B2E4005B0000005DAD00085C0000006DAD00086F
:10B2F4005D0000007DAD00085E0000008DAD00081B
:10B304005F0000009AAD000860000000AAAD0008CC
:10B3140061000000B8AD00087A000000C6AD000866
:10B324007C000000D5AD00087E000000E4AD0008FC
:10B33400FF00000028AC000800000000CDA80008B1
:10B3440001000000DDA8000802000000EDA80008CC
:10B3540004000000FDA800080500000010A9000872
:10B364000600000023A900080800000036A9000810
:10B374000900000047A900080A00000058A90008B5
:10B384000C00000069A900080D00000079A900085C
:10B394000E00000089A900080F0000009AA9000807
:10B3A40010000000ABA9000811000000BBA90008B0
:10B3B40012000000CBA9000814000000DBA900085B
:10B3C40015000000ECA9000816000000FDA9000803
:10B3D400180000000EAA0008190000001FAA0008A7
:10B3E4001A00000030AA00081C00000041AA00084E
:10B3F4001D00000052AA00081E00000063AA0008F5
:10B404001F00000074AA00082000000085AA00089C
:10B414002100000096AA000822000000A7AA000844
:10B4240023000000B8AA000824000000C9AA0008EC
:10B4340025000000DAAA000826000000EBAA000894
:10B4440028000000FFAA00082A0000000FAB000833
:10B454002C0000001DAB00082E0000002CAB0008DF
:10B464002F0000003CAB0008300000004CAB00088B
:10B47400310000005BAB00083200000069AB00083B
:10B484003300000079AB00083400000089AB0008E9
:10B49400350000009AAB000836000000A9AB000894
:10B4A40037000000B9AB000838000000C9AB000841
:10B4B40039000000D5AB00083A000000E5AB0008F5
:10B4C4003C000000F7AB00083E00000006AC00089A
:10B4D4003F00000017AC0008FF00000028AC000883
:10B4E4000000000001020304010203040607080926
:10B4F40002040608FF000000000000000000000035
:10B50400000000004C303236F8468547144A3F4C60
:10B514005A4F2B53115610570E58030C6020092113
:10B524002D222C232A24322531000000E0030020A0
:10B5340000000000D0A00008F0A0000810A100083E
:10B5440000000000000000000000000000000000F7
:10B5540034B10008000000000000000000000000FA
:10B5640000000000000000000000000000000000D7
:10B5740000000000000000000000000000000000C7
:10B5840000000000000000000000000000000000B7
:10B5940000000000000000000000000000000000A7
:10B5A4000000000000000000000000000000000097
:10B5B4000000000000000000000000000000000087
:10B5C4000000000000000000000000000000000077
:10B5D4000000000000000000000000000000000067
:10B5E4000000000000000000000000000000000057
:10B5F4000000000000000000000000000000000047
:10B604000000000000000000000000000000000036
:10B614000000000000000000000000000000000026
:10B624000000000000000000D0040020D00400202E
:10B63400D8040020D8040020E0040020E004002006
:10B64400E8040020E8040020F0040020F0040020B6
:10B65400F8040020F8040020000500200005002064
:10B664000805002008050020100500201005002012
:10B6740018050020180500202005002020050020C2
:10B684002805002028050020300500203005002072
:10B694003805002038050020400500204005002022
:10B6A40048050020480500205005002050050020D2
:10B6B4005805002058050020600500206005002082
:10B6C4006805002068050020700500207005002032
:10B6D40078050020780500208005002080050020E2
:10B6E4008805002088050020900500209005002092
:10B6F4009805002098050020A0050020A005002042
:10B70400A8050020A8050020B0050020B0050020F1
:10B71400B8050020B8050020C0050020C0050020A1
:10B72400C8050020C8050020D0050020D005002051
:10B73400D8050020D8050020E0050020E005002001
:10B74400E8050020E8050020F0050020F0050020B1
:10B75400F8050020F805002000060020000600205F
:10B76400080600200806002010060020100600200D
:10B7740018060020180600202006002020060020BD
:10B78400280600202806002030060020300600206D
:10B79400380600203806002040060020400600201D
:10B7A40048060020480600205006002050060020CD
:10B7B400580600205806002060060020600600207D
:10B7C400680600206806002070060020700600202D
:10B7D40078060020780600208006002080060020DD
:10B7E400880600208806002090060020900600208D
:10B7F4009806002098060020A0060020A00600203D
:10B80400A8060020A8060020B0060020B0060020EC
:10B81400B8060020B8060020C0060020C00600209C
:10B82400C8060020C8060020D0060020D00600204C
:10B83400D8060020D8060020E0060020E0060020FC
:10B84400E8060020E8060020F0060020F0060020AC
:10B85400F8060020F806002000070020000700205A
:10B864000807002008070020100700201007002008
:10B8740018070020180700202007002020070020B8
:10B884002807002028070020300700203007002068
:10B894003807002038070020400700204007002018
:10B8A40048070020480700205007002050070020C8
:10B8B4005807002058070020600700206007002078
:10B8C4006807002068070020700700207007002028
:10B8D40078070020780700208007002080070020D8
:10B8E4008807002088070020900700209007002088
:10B8F4009807002098070020A0070020A007002038
:10B90400A8070020A8070020B0070020B0070020E7
:10B91400B8070020B8070020C0070020C007002097
:10B92400C8070020C8070020D0070020D007002047
:10B93400D8070020D8070020E0070020E0070020F7
:10B94400E8070020E8070020F0070020F0070020A7
:10B95400F8070020F8070020000800200008002055
:10B964000808002008080020100800201008002003
:10B9740018080020180800202008002020080020B3
:10B984002808002028080020300800203008002063
:10B994003808002038080020400800204008002013
:10B9A40048080020480800205008002050080020C3
:10B9B4005808002058080020600800206008002073
:10B9C4006808002068080020700800207008002023
:10B9D40078080020780800208008002080080020D3
:10B9E4008808002088080020900800209008002083
:10B9F4009808002098080020A0080020A008002033
:10BA0400A8080020A8080020B0080020B0080020E2
:10BA1400B8080020B8080020C0080020C008002092
:10BA2400C8080020C8080020FFFFFFFF0000020034
:0400000508000110DE
:00000001FF
