:020000040800F2
:10000000005000206D6F0008C9680008CD68000826
:10001000D1680008D5680008D96800080000000011
:10002000000000000000000000000000DD68000883
:10003000E168000800000000E5680008A96A0008FF
:10004000E9680008ED680008F1680008F568000834
:10005000F9680008FD680008456A0008E1690008C1
:100060000169000805690008096900089569000828
:100070000D69000811690008156900081969000870
:100080001D69000821690008256900082969000820
:100090008D6900082D69000831690008356900087C
:1000A000396900083D690008416900084569000890
:1000B000496900084D690008516900085569000840
:1000C000596900085D6900086169000865690008F0
:1000D000696900086D6900087169000875690008A0
:1000E000796900087D690008816900080000000046
:1000F0000000000000000000000000000000000000
:0C01000000000000000000005FF808F1A3
:100110000FB440F20013C2F2000310B51C6882B0A5
:1001200024B1A36913B9204602F088FD05AB20462F
:10013000A168049A019300F077F802B0BDE810407E
:1001400004B070470EB410B5044683B018B183698B
:100150000BB902F073FD06AB2046A168059A019326
:1001600000F062F803B0BDE8104003B07047C0462D
:1001700030B5054689B008460C4600F02DF801223E
:1001800049F22033C0F600030492039301AB0194BB
:100190000593029080189218079006920DB1AB69F2
:1001A0005BB12846A96805AA02F0D0FE002814BF5A
:1001B0004FF0FF300A2009B030BD284602F03EFD66
:1001C000EFE7C04640F200130146C2F2000310B54B
:1001D0001868FFF7CDFF10BD10F0030F014618BFE0
:1001E00000460BD108460B6801E050F8043FA3F12C
:1001F0000132DB431A4012F0803FF6D003781BB186
:1002000010F8013F002BFBD1401A7047936810B5DE
:10021000144613B91846536010BD02F097FE002330
:10022000A3606360F8E7C0462DE9F04FADF5AC6D13
:1002300081B014461F460B900A9103F059F80068EC
:1002400012900B9818B18369002B00F0358348F6A3
:100250001C430A99C0F60003994200F0378348F620
:100260003C430A98C0F60003984200F044870A9A7B
:1002700048F65C43C0F600039A4202BF0B9BDB6862
:100280000A930A9881898AB212F0080F00F0EB866F
:100290000369002B00F0E78602F01A030A2B00F036
:1002A000CA820DF59861A3460C3100230E46CDF8A5
:1002B0003415CDF83C35CDF83835089307930F93B6
:1002C0001493189315939BF80020B2F1250318BFDF
:1002D0000123002A0CBF002303F0010343B35C4653
:1002E00014F8012FB2F1250318BF0123002A0CBF17
:1002F000002303F00103002BF2D1B4EB0B0508BF80
:10030000A34615D07560DDF83825DDF83C3501329F
:10031000C6F800B05B19072ACDF83C35CDF8382572
:1003200000F3678208360F9AA34652190F9222787B
:10033000002A00F06A824FF000030BF101048DF8EF
:100340005F352B259BF801204FF000091B972027D4
:100350004FF0FF30CDF840901190924604F1010B20
:10036000AAF12003582B00F23284DFE813F0430493
:1003700030043004510430043004300430043004BC
:1003800030047704650430046E04F602300416036A
:100390001E031E031E031E031E031E031E031E0355
:1003A0001E033004300430043004300430043004C0
:1003B000300430043004B40031033004310330041D
:1003C000300430043004670330043004710030041A
:1003D00030043004300430045900300430046F031A
:1003E000300430043004300430043004300430046D
:1003F000300430049403B600310331033103CA03DF
:10040000B60030043004A9033004BB0373000204B7
:10041000D2033004DA0330045B00300430041A04E1
:1004200049F0100919F0200F40F0FB8319F0100F6C
:1004300040F0258419F0400F00F021841B98012220
:100440001B9B04331A9303881C464FF0000511E0F0
:1004500049F0100919F0200240F0748219F01001DF
:1004600000F0D0861B981B9B04331A9303681C462C
:100470004FF0000511984FF000038DF85F3500280C
:1004800042DA012A0DF5A66808F1040853D11DB916
:10049000092C98BF474615D94746204629460A22C7
:1004A000002305F08FF8204629460023303207F854
:1004B000012D0A2205F086F804460D460029ECD1EC
:1004C0000928EAD87A1E04F130030E92C2EB08081C
:1004D00007F8013C20E249F0100919F0200F40F024
:1004E000258219F0100F00F07E861B981B9A0432AB
:1004F0001A9203681C464FEAE475002DC0F2B883D7
:10050000119801220028BCDB54EA050111984FF034
:1005100000030DF5A66818BF0123002818BF43F09B
:10052000010313F0FF0F29F0800908F1040800F01F
:100530002B84012AABD038BFCDF83880C0F0CA81F7
:10054000022A00F0118549F26430C0F60000FFF77E
:1005500043FE11991A9A49F26433C0F600030E93D0
:1005600016911B92804611988045A8BF404617906F
:100570009DF85F3513B117980130179019F00201FB
:100580000C9102D0179A0232179219F084030D933E
:1005900044D110981799441A002C3FDD102CDCBF71
:1005A00048F6FB35C0F6000528DD48F6FB350DF5AD
:1005B000A667C0F60005043703E0103C0836102C8F
:1005C0001CDD10227260DDF83C3535609B18DDF8CB
:1005D0003825CDF83C350132CDF83825072AECDD39
:1005E0000B983A460A99FFF711FE002840F0158152
:1005F0000DF59866103C0C36102CE2DC7460DDF8CA
:100600003825DDF83C35013235601B19072ACDF855
:100610003C35CDF8382500F3328508369DF85F3536
:100620009BB10DF5AA630F33336001237360DDF8CE
:100630003825DDF83C350132CDF838250133072A5D
:10064000CDF83C3500F3728408360C9898B102223C
:100650000DF5AA6372600D333360DDF83C359B18ED
:10066000DDF83825CDF83C350132CDF83825072A9C
:1006700000F36B8408360D99802900F09383169956
:10068000C8EB0104002C39DD102CD8BFAC4D25DDA2
:100690000DF5A667AA4D043703E0103C0836102C70
:1006A0001CDD10227260DDF83C3535609B18DDF8EA
:1006B0003825CDF83C350132CDF83825072AECDD58
:1006C0000B983A460A99FFF7A1FD002840F0A58053
:1006D0000DF59866103C0C36102CE2DC7460DDF8E9
:1006E0003825DDF83C35013235601B19072ACDF875
:1006F0003C35CDF8382500F30A84083619F4807F9C
:1007000040F0D282C6F80480DDF83C050E9B00EB79
:1007100008023360DDF83835CDF83C250133CDF8DB
:100720003835072BD8BF06F1080100F3818319F093
:10073000040F49D0109A179BD41A002C44DD102CBA
:10074000DCBF48F6FB35C0F6000527DD48F6FB3573
:100750000DF5A666C0F60005043603E0103C08312E
:10076000102C1BDD10204860DDF83825DDF83C3505
:1007700001320D601B18072ACDF83C35CDF838251D
:10078000ECDD0B9832460A99FFF740FD002844D172
:100790000DF59861103C0C31102CE3DC4C60DDF859
:1007A0003835DDF83C0501330D600019072BCDF815
:1007B0003C05CDF8383509DD0DF5A6620B980A9990
:1007C0000432FFF723FD40BBDDF83C050F99179A73
:1007D000109B9A42ACBF8918C9180F91002840F0AD
:1007E00035830DF5986600201B9F0C36CDF8380533
:1007F00069E50DF5A6620B980A990432FFF706FD2C
:1008000058B90DF598660C368DE5DDF83C35002BB2
:1008100040F057870023CDF838350A998B8913F0BB
:10082000400F02D04FF0FF320F920F9859B00DF5E4
:10083000806DBDE8F08F0A98B0F90E30002BFFF6FE
:1008400030AD826A21F00203C1890DF58E65ADF8E5
:100850007C34036AADF87E142946CDF898244FF411
:100860008062CDF890341CABCDF87824CDF870348C
:10087000CDF880340023CDF884242246CDF8883486
:100880003B460B98FFF7D0FC00280F9009DB0B9834
:10089000294602F091F80F9A002818BF4FF0FF3256
:1008A0000F92BDF87C3413F0400FBED00A988389B4
:1008B00043F040038381B8E702F0C0F948F61C43D7
:1008C0000A99C0F6000399427FF4C9AC0B9A5268AA
:1008D0000A92D6E40E9904F0070303F13007E30807
:1008E000E80801F8017D0E9143EA457151EA0002E2
:1008F0000C460546EED119F0010F00F04883302F69
:1009000004BF0E98C0EB080806D00E99302301F8FA
:10091000013DC1EB08080E91119A1A9B119916928C
:100920008845A8BF41461B93179121E61B98C31D1C
:1009300023F0070303F108011A91D3E90045DCE530
:100940000B8C00081B980022C31D23F0070303F142
:1009500008011A91D3E900458CE55C4614F801AB17
:10096000BAF12A0F00F08A87AAF13001092900F2B2
:10097000C2860BF102000022530010F801ACD20035
:1009800004469B1801305A18AAF130010929F3D9FD
:1009900042EAE272A3461192E2E41B9B49F080090D
:1009A0009BF800205C461B93D7E40022AAF130019B
:1009B00000E0A3465C465300D20014F801AB9B183C
:1009C000CA18AAF130010929F3D91092A346C7E445
:1009D0001B99CB1D23F0070303F108021B92186833
:1009E00008905B68089A07931046079B194603F026
:1009F0006DFF0446002800F0C784089A079B104644
:100A000000221946002304F08DFD002840F01F86C7
:100A100049F23C3249F23833C0F60002C0F6000316
:100A2000BAF1470FC8BF1A4600214FF003080E92D3
:100A300029F080091691CDF85C8099E51B9B49F05F
:100A400008099BF800205C461B9386E419F0200FF0
:100A500049F22432C0F60002189200F0AB801B98D5
:100A6000C31D23F0070303F108011A91D3E90045E0
:100A700054EA050109F001024FF0000318BF0123F9
:100A80001A4206D049F0020930238DF85EA58DF890
:100A90005D350222EEE41B994FF000024FF0010891
:100AA000CDF85C800B6804318DF85F251B918DF8C3
:100AB0000C350DF5A0630C330E93002116915DE506
:100AC0009BF800206C2A03BF0BF1010449F02009B8
:100AD0001B9B49F010091ABF1B9B5C469BF8012029
:100AE0001B933AE419F0200F00F05C831B990F98D8
:100AF0000F1D096802464FEAE273C1E90023FFF7C0
:100B0000E2BB1B9B49F040099BF800205C461B930D
:100B100023E41B9B49F020099BF800205C461B93B3
:100B20001BE41B9B4FF000008DF85F05191D1B9106
:100B30001B680E93002B00F09F8511980028C0F2CF
:100B4000A9800E980021119A02F026FF002800F0DB
:100B5000AF850E9A119BC2EB0008984540F39E802A
:100B6000119A0023DDF8448022EAE272169317926C
:100B7000FEE41B9A49F002091B991368782204319C
:100B80008DF85E251C464FF0000530238DF85D354D
:100B900049F248339246C0F600031A91763A189308
:100BA00068E419F0200F49F24833C0F600031893A7
:100BB0007FF455AF19F0100F00F008831B981B9AB3
:100BC00004321A9203681C464FF0000550E7BAF150
:100BD000000F3FF41AAE0DF5A0614FF000000C318C
:100BE0004FF001088DF80CA58DF85F050E91CDF83A
:100BF0005C8062E79DF85F35002B40F0CC821B9B48
:100C00005C468DF85F759BF800201B93FFF7A5BB32
:100C10001B9B49F001099BF800205C461B93FFF7E2
:100C20009CBB1B9AD31D012223F0070303F108008C
:100C30001A90D3E900451DE41B9B5C468DF85F5577
:100C40009BF800201B93FFF788BB1B9B49F004090E
:100C50009BF800205C461B93FFF77FBB1B98031D8E
:100C6000016800291091F3DA109A52421092EDE7D0
:100C70002D23644265EB45058DF85F3540E41B9AF2
:100C80001B9904311A91136801221C464FF000058C
:100C9000FFF7F0BB0E98FFF79FFA804628EAE8704E
:100CA00000211790169163E4BAF1650F40F3D980E3
:100CB000089A079B104600221946002304F028FCDE
:100CC000002800F06881012049F280337060C0F68E
:100CD00000033360DDF83835DDF83C050133CDF82D
:100CE0003835421C072BCDF83C25D8BF06F108014A
:100CF00000F3DC82DDF85835159A934203DB19F0D6
:100D0000010F3FF414AD129B01204860DDF83C0553
:100D10000B60DDF83835421CCDF83C250133CDF8A9
:100D20003835072B00F35D840831159A541E002CCA
:100D30007FF7FDAC102CD8BFAD4D40F372820DF59E
:100D4000A666AB4D043604E00831103C102C40F38D
:100D5000688210234B60DDF83825DDF83C35013220
:100D60000D601033072ACDF83C35CDF83825EBDD82
:100D70000B9832460A99FFF749FA00287FF44DADE7
:100D80000DF598610C31E0E7002A4CD119F0010F04
:100D900049D008F1FF3030230E9008F8013C4FF0A5
:100DA0000108B9E5109A179BD41A002C7FF767AC9D
:100DB000102CD8BF8E4D25DD0DF5A6678C4D043760
:100DC00003E0103C0836102C1CDD10207060DDF8AC
:100DD0003825DDF83C35013235601B18072ACDF87F
:100DE0003C35CDF83825ECDD0B983A460A99FFF7EB
:100DF0000DFA00287FF411AD0DF59866103C0C3605
:100E0000102CE2DC7460DDF83825DDF83C35013269
:100E100035601B19072ACDF83C35CDF8382500F38D
:100E2000898108362BE4CDF838804FF0000873E54F
:100E30000DF5A6620B980A990432FFF7E7F900282E
:100E40007FF4EBAC0DF598610C3170E40DF5A66202
:100E50000B980A990432FFF7D9F900283FF4C1AC86
:100E6000DBE41598012840F34B8101227260DDF824
:100E70003C350E999B18DDF83825CDF83C3501320C
:100E80003160072ACDF83825D8BF06F1080100F3F4
:100E90004381129B01204860DDF838250B60DDF8A6
:100EA0003C351218CDF838251B18072ACDF83C35EB
:100EB000D8BF01F1080600F34C81089A079B104641
:100EC00000221946002304F023FB002840F0E680AE
:100ED0000E994B1C3360159B5A1E7260DDF83C3531
:100EE0009B18DDF83825CDF83C350132CDF8382592
:100EF000072A00F33C81083614980DF5A86414996C
:100F0000093434607060DDF83C05421802E40DF5E8
:100F1000A6620B980A990432FFF778F900287FF44B
:100F20007CAC0DF598660C36FFF7E8BB0DF5A662B4
:100F30000B980A990432FFF769F900287FF46DAC29
:100F40000DF598660C36FFF780BB0DF5A6620B9881
:100F50000A990432FFF75AF900287FF45EAC0DF5C8
:100F600098660C36FFF787BBCDF83880189804F0E8
:100F70000F030E99C25C2309280901F8012D0E9177
:100F800043EA057151EA00020C460546EED10E9B7C
:100F9000C3EB0808C0E4DDF85825002A40F394812B
:100FA00015988242C0F24F817060DDF83C05159BB8
:100FB0000E99C218DDF83835CDF83C250133316083
:100FC000072BCDF83835D8BF06F1080100F3ED82C4
:100FD000DDF8583515981C1A002C38DD102CD8BFB8
:100FE000034D40F323830DF5A666014D043606E05C
:100FF0000B8C00080831103C102C40F31783102292
:101000004A60DDF83C350D609B18DDF83825CDF8D9
:101010003C350132CDF83825072AEBDD0B983246F6
:101020000A99FFF7F3F800287FF4F7AB0DF5986104
:101030000C31E0E70DF5A6620B980A990432FFF730
:10104000E5F800287FF4E9AB0DF598610C3119F053
:10105000010F3FF46CAB0120129B4860DDF83C05AA
:101060000B60421CE2E00B980A9900F04DFC00284E
:101070007FF4D8AB0A9A91898AB2FFF70DB90DF5C2
:10108000A6620B980A990432FFF7C0F800287FF493
:10109000C4AB0DF598660C36FFF7C0BA1598441E20
:1010A000002C7FF729AF102CD8BFB64D6DDD0DF5A4
:1010B000A667B44D043703E00836103C102C64DDFD
:1010C00010217160DDF83825DDF83C3501323560DE
:1010D0005B18072ACDF83C35CDF83825ECDD0B98A8
:1010E0003A460A99FFF792F800287FF496AB0DF57F
:1010F00098660C36E1E70B9989680A91FFF7C1B849
:1011000019F0010F7FF4B1AE01230E9A7360DDF880
:101110003C3532600133E4E60DF5A6620B980A997E
:101120000432FFF773F800287FF477AB0DF5986170
:101130000C31AEE60DF5A6620B980A990432FFF762
:1011400065F800287FF469AB0DF598660C36FFF75B
:1011500096BA0DF5A6620B980A990432FFF756F875
:1011600000287FF45AAB0DF598660C36A5E60DF510
:10117000A6620B980A990432FFF748F800287FF41A
:101180004CAB0DF598660C36B6E67460DDF83C3570
:1011900035601B19A5E61B9B5C469BF800201B9342
:1011A000FFF7DBB819F0100F09D119F0400F06D086
:1011B0001B9B0F981F1D1B681880FFF784B81B9995
:1011C0000F9A0F1D0B681A60FFF77DB819F0400FDA
:1011D00000F092811B9A1B99138804311A911C46C6
:1011E0004FF0000544E419F0400F00F099811B9A7C
:1011F0001B99B2F9003004311A911C464FEAE4758C
:10120000FFF77BB919F0400200F080811B981B9A10
:10121000038804321A920A461C464FF00005FFF775
:1012200029B94C60DDF83C050D600219DDF8383550
:10123000CDF83C250133CDF83835072B3FF7F8AD15
:101240000831FFF774BA7260DDF83C350E999B18CF
:10125000DDF83825CDF83C3501323160072ACDF86C
:101260003825D8BF06F1080100F39181129A0123B5
:10127000DDF858454B600A60DDF83825DDF83C356F
:101280000132CDF838250133072ACDF83C3500F37B
:10129000708108310E98DDF8582503190B60159BF5
:1012A0009A1A4A60DDF83C058218BFE70DF5A66280
:1012B0000B980A990432FEF7A9FF00287FF4ADAA23
:1012C0000DF598610C3115E5012049F2803370600D
:1012D000C0F600033360DDF83835DDF83C05013336
:1012E000CDF83835421C072BCDF83C25D8BF06F188
:1012F000080100F36881DDF85835002B00F01A81F1
:10130000129B01204860DDF838250B60DDF83C3584
:101310001218CDF838251B18072ACDF83C3500F3F4
:10132000DC810831DDF858355C42002C40F37581D2
:10133000102CD8BF134D40F38F810DF5A666114DCB
:10134000043604E00831103C102C40F38581102253
:101350004A60DDF83C350D609B18DDF83825CDF886
:101360003C350132CDF83825072AEBDD0B983246A3
:101370000A99FEF74BFF00287FF44FAA0DF59861FC
:101380000C31E0E70B8C0008089A079B10461946C1
:1013900003F0AEFA002840F0D680119AB2F1FF3F78
:1013A00000F01D82BAF1470F14BF00230123BAF1E8
:1013B000670F08BF43F0010323B11198002808BF4D
:1013C00001201190079B49F48079002BC0F2FE8127
:1013D000079A0023DDF8208013930992BAF1460F93
:1013E00014BF00230123BAF1660F08BF43F00103C5
:1013F0001993002B00F0AD81119F0323099D0DF57A
:10140000AA62009304320DF5AB6303920293424645
:101410000DF5AA630B9804932B46019700F09CFBF3
:10142000BAF1470318BF01234446BAF1670F0CBF56
:10143000002303F001030E902BB919F0010F08BF30
:10144000DDF8502521D00E9B1998DC1930B11B789E
:10145000302B00F02182DDF858156418099B4046B6
:1014600000221946002304F053F8002840F0A78119
:10147000DDF85035A3421A4607D2302203F8012B7B
:101480009C42CDF85035F9D81A460E99BAF1470F5B
:1014900014BF00230123BAF1670F08BF43F0010313
:1014A000521A1592002B00F02B81DDF8581511F11E
:1014B000030FC0F25D81119A8A42A8BF4FF0670AFC
:1014C000C0F25681159A88469142C0F2BE8119F049
:1014D000010F18BF01F1010840F0B38128EAE87359
:1014E0001793139B002B00F02D812D2300208DF8E6
:1014F0005F351690FFF73FB81B981B9B04331A9378
:1015000003681C464FF00005FFF7B2BA1B981B9901
:1015100004311A9103681C464FF00005FEF7AABF7C
:101520001B981B9B04331A9303681C464FEAE4750F
:10153000FEF7E3BF159A002A7FF4E2AE19F0010F1F
:101540003FF4F5A8DCE649F2443249F24033C0F6F4
:101550000002C0F60003BAF1470FC8BF1A464FF0A9
:1015600003080E9229F080091694CDF85C80FEF7EE
:10157000FFBF0DF5A6620B980A990432FEF746FEEE
:1015800000287FF44AA90DF598610C3182E60DF52B
:10159000A6620B980A990432FEF738FE00287FF401
:1015A0003CA90DF598610C3160E60DF5A6620B982B
:1015B0000A990432FEF72AFE00287FF42EA90DF5C1
:1015C00098610C3104E50DF5A6620B980A99043276
:1015D000FEF71CFE00287FF420A90DF598610C3160
:1015E00089E60DF5A6620B980A990432FEF70EFE05
:1015F00000287FF412A90DF598610C31FFF795BB17
:101600000DF5A6620B980A990432FEF7FFFD00283B
:101610007FF403A90DF598610C3115980E9B486075
:101620000B60DDF83C05159BC218FFE54C60DDF84A
:101630003835DDF83C0501330D600219072BCDF874
:101640003C25CDF838353FF7F5AC0831FFE42D23C4
:101650008DF85F35FFF7DCB94C60DDF83825DDF833
:101660003C3501320D601B19072ACDF83C35CDF809
:101670003825C5DC0831D0E7119A062A81BF49F226
:101680005C334FF00608C0F60003CDF85C8088BFDD
:101690000E933FF612AA119B49F25C30C0F600008F
:1016A000DDF8448023EAE3730E901793FFF705BA41
:1016B0001199DDF8448021EAE17116901791FEF747
:1016C00057BF0DF5A6620B980A990432FEF79EFDEE
:1016D00000287FF4A2A8FFF79DB80DF5A6620B982D
:1016E0000A990432FEF792FD00287FF496A80DF5C2
:1016F00098610C3116E60023A3461193FEF730BE25
:10170000BAF1650F40F3D780BAF1660F18BFDDF864
:1017100058157FF4D7AEDDF85885B8F1000F40F3C7
:10172000D180119B1BB919F0010F00F08A8011992B
:1017300008F101034FF0660A03EB010828EAE8729A
:101740001792CEE6139B28EAE87217921693FEF7DB
:101750000FBFBAF1450F14BF00230123BAF1650F83
:1017600008BF43F0010373B3119A0223571C45E6E7
:10177000AAF1020A481E8DF849A50028CDF858059F
:1017800077DB2B238DF84A3509282BDC30230DF528
:10179000A864C2188DF84B350DF5A86309340D33D4
:1017A0008DF84C2515981C1B1494012804EB000897
:1017B00058DD08F1010828EAE872179291E6CDF8A1
:1017C0005045224661E6119F023317E607982D2106
:1017D000DDF8208000F1004013910990FEE506231A
:1017E0001193EFE50DF5A86E46F267670EF1090E4D
:1017F000C6F266677446754687FB0032C117C1EBB7
:10180000A2014B00CA009B18C31A084630330929AD
:1018100005F8013DF0DC6A1E01F130039645D9B2AE
:1018200005F8011C4AD90DF5A8602A460C3001E0E4
:1018300012F8011B00F8011C034601309645F7D849
:10184000B0E728EAE87017904BE60029D8BFC1F14D
:1018500002001599C8BF012000EB010828EAE872D0
:1018600017923EE619F0010FA3D128EAE87117910B
:1018700037E62D2340428DF84A3585E71B98031D36
:10188000016800291191BBBF4FF0FF302278227808
:1018900011901B93FEF761BD099B4046002219463B
:1018A000002303F035FE00287FF4D5ADC7F1010316
:1018B000CDF85835CFE5DDF858155BE70DF5A86391
:1018C0000B336FE7119B43B919F0010F04BF4FF0C1
:1018D0000108CDF85C803FF404AE11984FF0660A21
:1018E00000F1020828EAE8711791FAE5134640F280
:1018F0000012C2F2000270B504460D46106821467F
:101900002A46FEF791FC70BD70B540F20015C2F298
:10191000000506460C46286810B18369002B31D0BB
:1019200048F61C43C0F600039C4233D048F63C43C3
:10193000C0F600039C4244D048F65C43C0F6000366
:101940009C4204BF2B68DC68A289104693B213F056
:10195000080F18BF216937D0002925D013F00102E4
:1019600007D063690022A2605B42A361A9B1002095
:1019700070BD13F0020F14BF13466369A360002902
:10198000F5D10AE001F05AF948F61C43C0F600030D
:101990009C42CBD12B685C68D6E7A38913F0800FFB
:1019A000E5D04FF0FF30E3E713F4007F02D013F0EF
:1019B000800FD3D02146304601F0CEFCA3892169A7
:1019C000CCE72B689C68BFE713F0100FE9D013F049
:1019D000040F08BF216913D0616B49B104F14403BE
:1019E000994203D0304601F0EBF9A28900236363EA
:1019F00022F0240321690022A38198B26260216051
:101A000040F00803A3819BB2A6E7C0460000000097
:101A10000A6903692DE9F04F9A4283B080468A46ED
:101A200000F39880D31C571E01F1140500F1140433
:101A30009B0001EB0302034402F1040B5B68516855
:101A400018460131019303F0FDF8814600283FD18B
:101A50003E464046514602F027F9002834DB4FF05D
:101A6000000C09F10109E64655F80E2054F80E0065
:101A70001304120C0104C2EB10421B0C090CC91A0E
:101A800004EB0E03614402EB21425A8024F80E104D
:101A90000EF1040E05EB0E034FEA224C9B45E3D2F8
:101AA000391D8B0043445A6872B99C421A4609D2C8
:101AB00058F8213013B105E013681BB9043A013E10
:101AC0009442F9D3C8F81060484603B0BDE8F08FDF
:101AD0004FF0000C6646E64655F80E3054F80E00FE
:101AE0001A041B0C0104120C03FB09F3090C02FB82
:101AF0000962614403EB124312041E0C1B04120C16
:101B0000891A1B0C04EB0E02C3EB104303EB2143B9
:101B1000538024F80E100EF1040E4FEA234C05EB0F
:101B20000E039B45D8D2019B002B91D1391D8B0010
:101B300008EB0302A24209D958F8213013B105E09D
:101B400013681BB9043A013F9442F9D33E46C8F8E2
:101B500010707EE70020B8E72DE9F04F446A9DB091
:101B6000904699460590299D002C00F0C08222687D
:101B70007AB163685360059B5A6A01231168506803
:101B8000834005988B6002F0CDF905980023426AE6
:101B90001360B9F10004C0F2BE8100232B6040F253
:101BA000000340F20002C7F6F073C7F6F07204EAD1
:101BB0000303934200F098814046494600220023E7
:101BC000CDE9128903F0A4FC80B1289801232A9959
:101BD0000360002900F09682034B2A9A581E136076
:101BE0001DB0BDE8F08FC046819300081AAB1BAA58
:101BF000009301920598DDE9122302F0E3F9230D29
:101C00005A05520D1090002A40F096811B9F1A9B96
:101C1000FB1803F586650235202DDCBFC5F12003D6
:101C200008FA03F009DDC5F14002A5F1200314FA1A
:101C300002F228FA03F342EA030003F08DF9A5F556
:101C40008666033E01220F92A1F1F87140F2000373
:101C50000022C3F6F87303F041F89DA3D3E90023F3
:101C600003F0F0F99CA3D3E9002303F039F804460C
:101C700030460D4603F080F999A3D3E9002303F021
:101C8000E1F902460B462046294603F029F80446AE
:101C90000D4603F06FFC29460022002315902046D4
:101CA00003F040FC002840F0D1821598162840F23D
:101CB0000B8201210B917B1E9A1B00F1DE820D929B
:101CC0000022069215980028C0F2CE820D990022BB
:101CD0000E90091807920D91269B092B40F2E08186
:101CE00001270020269000234FF0FF301D460121E0
:101CF0002793169009900C91059900234C6A636014
:101D00006168059802F026F905993D424B6A20600A
:101D10001B68179300F02381159A002A40F38984E9
:101D2000159848F6B842C0F6000200F00F030511FE
:101D3000DB00D21815F0100FD2E9006700F0A8827E
:101D400048F69054DDE91201C0F6000405F00F05D5
:101D50004FF00308D4E9082303F09EFA82468B462D
:101D60009DB148F69054C0F6000415F0010F09D05B
:101D700030463946D4E9002308F1010803F062F93E
:101D800006460F4608346D10EFD15046594632468C
:101D90003B4603F081FACDE918010B9B002B00F0C4
:101DA0002A8340F20003DDE918010022C3F6F07334
:101DB0004FF0000403F0B6FB08B14FF00104169891
:101DC0000028D4BF002304F00103002B00F013838C
:101DD0000999002940F3C180159A40F20003DDE91A
:101DE0001801C4F22403013A0A92002208F1010802
:101DF00003F028F9099B0893CDE91801404603F048
:101E0000BBF8DDE9182303F01DF940F200030022BE
:101E1000C4F21C0302F064FF089A0646A1F1507751
:101E2000002A40F0ED8240F200030022C4F21403C5
:101E3000DDE9180102F052FFB04642463B463E46FD
:101E400082468B4603F08CFB002840F07C8407F12F
:101E5000004250461546594642462B4603F062FB67
:101E600000287AD00026354617983446279B4FF035
:101E7000000ADB43119015930598294602F052F8A9
:101E8000002C00F00A81BAEB040318BF0123BAF159
:101E9000000F0CBF002303F00103002B40F0488328
:101EA0000598214602F03EF815980A900598109979
:101EB00002F038F8119A0023137028980A9B2A9987
:101EC0005A1C026011B1119B2A9A1360179887E679
:101ED00061436F63A787D23FB3C8608B288AC63F30
:101EE000FB799F501344D33F289942F20F730B6044
:101EF000B8F1000F15D049F29030C0F600002A9AD0
:101F0000002A3FF46DAEC378C21C0BB100F1080289
:101F10002A9B1A6064E624F000440123A1462B604A
:101F20003DE624F07F4323F47003002BE3D149F214
:101F30008430C0F60000E2E7DDE91201A2F57E760A
:101F4000073E1B9F21F07F4323F4700343F07E5133
:101F5000002341F4E0010F9378E6DDE9128915983A
:101F60001A990E28CCBF00230123CA4313EAD2706A
:101F700000F0CD80159948F6B843C0F600032798C5
:101F8000CA009B18D3E900AB169B002BCCBF0022E4
:101F9000012212EAD07040F09E8152465B464046D4
:101FA000494603F079F9444603F0E4FA804602F02A
:101FB000E3FF52465B4603F045F802460B462046D7
:101FC000494602F08BFE179A08F1300302F8013BF4
:101FD000169B1192012B04460D4642D040F200039D
:101FE0000022C4F2240303F02DF80022002304464B
:101FF0000D4603F08DFA00284FD1179901278E1C4A
:102000000FE040F200030022C4F22403013603F083
:1020100019F80022002304460D4603F079FA00283F
:102020003BD152465B462046294603F035F901373D
:1020300003F0A0FA804602F09FFF52465B4603F091
:1020400001F802460B462046294602F047FE08F1F9
:10205000300306F8013C169A1196BA4204460D4622
:10206000CFD122462B462046294602F039FE0446AF
:102070000D465046594622462B4603F053FA002897
:1020800040F0A4815046594622462B4603F040FAC0
:1020900018B118F0010F40F0998115990A9105E7E0
:1020A0002699052940F37C84269A0021043A269239
:1020B000269B052B00F24281DFE813F085018501A4
:1020C00082017F016F015D01159A48F6B844C0F6A0
:1020D0000004DDE91201D300E418D4E9002303F081
:1020E00021FA002840F0CE8000230B93E3E5102076
:1020F00001F0ACF90599446084600460C460044652
:10210000486234E549F28030C0F6000068E50C9B77
:10211000002B40F0C280069F1E46079D0D990029A6
:10212000D4BF00230123002FD4BF002303F00103F9
:102130004BB10B46069ABB42A8BF3B46FF1AD21AC8
:10214000C91A06920D91079B002B1ADD0C980028E6
:1021500000F08B83002D10DD31462A46059802F0F1
:102160004DF9109A06460598314602F05FF810992D
:102170000446059801F0D6FE109407994A1B40F0DA
:102180008D830121059802F0EFF80E9A002A05468A
:1021900004DD2946059802F031F90546269B012BFE
:1021A00040F3B08000240E9A002A40F00E830123F1
:1021B0000D981B1813F01F0340F02D821C23069866
:1021C000FF180D99C0180690C9180D91069A002A9B
:1021D00004DD0598109901F0CFFF10900D9B002BA6
:1021E00005DD294605981A4601F0C6FF05460B98FD
:1021F000002840F0F4822699169A0229D4BF0023C1
:102200000123002ACCBF002303F00103002B00F0C0
:102210009481002A7FF428AE29460532169B059842
:1022200002F0ACF805461098294601F03DFD002863
:102230007FF71AAE179A312334464FF0000A02F89E
:10224000013B159B11920133159315E6159802F089
:1022500093FE22462B4603F05BF900287FF425AD60
:10226000159B013B159320E5069B002215980E92C5
:102270001B1A4142069307912EE552420023069213
:102280000D931FE5159800210B910138159012E56B
:10229000DDE912AB4FF0020862E5269A012A40F30D
:1022A000F4821699079B4A1E9342C0F2E5829D1A5A
:1022B000169B002BA4BF1A46069FC0F2F5820D980C
:1022C0000121069B80180D9005989B18069302F03B
:1022D0004BF8064622E7169800287FF4C3AD40F27B
:1022E00000030022C4F214035046594602F0AAFE2D
:1022F00042464B4603F02AF900287FF4B3AD169E00
:10230000354697E7B8F1000F7FF44CAF29F07F43D3
:1023100023F47003002B7FF445AF40F20003C7F6AF
:10232000F07309EA0303002B3FF43CAF0698012445
:102330000D990130069001310D9134E74FF0FF33D4
:102340000120169309930C90059A0023172E546AC6
:10235000636040F2288304226368520001336360A3
:1023600002F11403B342F7D916980F460E288CBF1A
:1023700000250125C4E401220C92159A279BD2184E
:102380000992561C002EC8BF1696DDDC0E2E8CBF9F
:10239000002501250F461696AEE401200C90279BE0
:1023A000002BC2BF1E4616930996CDDC01200F46B6
:1023B00027900546169009909EE400200C90DCE7DB
:1023C00000220C92EBE70F468DE41192119B5A1EEE
:1023D00013F8013C392B09D1179B9A42F5D1179973
:1023E00030231598013015900B70179A0133137034
:1023F00015980A905AE51698159908900A91FDE4E7
:102400000C9B002B00F02B818046089848F6B844BE
:1024100040F20001431EC0F600040020C3F6E07144
:10242000DB00B946E418D4E9002302F035FF324658
:102430003B4602F053FC82468B46DDE9180103F06F
:1024400099F8044602F098FD303402460B46DDE967
:10245000180102F043FC0F46179906463B465046CA
:10246000324601F8014B1191594603F079F80028E2
:102470007FF41CAD40F2000132463B460020C3F61B
:10248000F07102F02BFC52465B4603F04BF800283B
:102490004BD1089A012A7FF760AD012504E0089B23
:1024A0000135AB427FF759AD40F200035046594623
:1024B0000022C4F2240302F0C5FD40F20003002212
:1024C000C4F2240382468B463046394602F0BAFDF8
:1024D0008946804603F04EF8044602F04DFD303444
:1024E00002460B464046494602F0F8FB52465B4620
:1024F000064617980F4644553046119901311191FF
:10250000394603F00FF800287FF4D0AC40F2000108
:1025100032463B460020C3F6F07102F0DFFB524624
:102520005B4602F0FFFF0028B9D00A9A15924DE7EA
:102530000598514601F0F6FCB2E40C98002800F032
:102540000781002F05DD314605983A4601F014FE5B
:102550000646002C40F0D3813446179908F0010B51
:10256000B2464A420392119129461098FFF750FA59
:10257000514600F13009109801F096FB2946224699
:102580008046059801F07AFDC3680646002B3CD0D2
:1025900001270598314601F0C5FC269B3B4303D13A
:1025A000BBF1000F00F0DB81B8F1000FC0F28181B8
:1025B000269958EA010103D1BBF1000F00F079819F
:1025C000002F00F3BB81119A02F8019B0398169922
:1025D000131811928B4200F0D9800A22002305982B
:1025E000109901F0CBFEA24510902FD051460A223F
:1025F0000023059801F0C2FE21460A2200238246EC
:10260000059801F0BBFE0446AEE71098314601F094
:102610004BFB0746BDE7C3F12003042B40F3BC810D
:102620000699043B0D9AFF18C9180691D2180D920D
:10263000CCE515994D42002D40F0E980DDE91223EB
:102640004FF00208CDE91823FFF7A7BB51460598C4
:102650000A22002301F092FE8246044684E7089A8B
:1026600048F6B844C0F60004013A0492D30002468A
:10267000E4183B46D4E9000102F0E4FC82468B46B4
:10268000DDE9180102F076FF044602F075FC3034F3
:102690000B460246DDE9180102F020FB179B03F808
:1026A000014B1193064608980F46012823D00125B7
:1026B00040F200030022C4F224033046394602F0FF
:1026C000C1FC8946804602F055FF044602F054FCE6
:1026D000303402460B464046494602F0FFFA0F46A8
:1026E000179906464C550135089AAA42E0D1119B2C
:1026F00004981B18119340F200030022C3F6E07304
:102700005046594602F0ECFA32463B4602F00AFFC8
:1027100000287FF40AAF40F2000152465B460020D9
:10272000C3F6E07102F0DAFA32463B4602F018FFD7
:1027300000283FF412AC119A119212F8013D302B8F
:10274000FAD0FFF7B3BB0A99089E1591354671E59B
:10275000179A0C9C119206E005980A221099002302
:1027600001F00CFE109029461098FFF751F9179BC5
:1027700000F1300903F804901198013416990130E2
:102780001190A142E8DC34464FF0000A0122109972
:10279000059801F0F1FC2946109001F085FA002817
:1027A00001DC9FE01192119B5A1E13F8013C392B5A
:1027B00040F0C080179B9A42F4D1179931231598A5
:1027C000013015900B70FFF757BB2B6903339B004B
:1027D000EB18586801F014FAC0F12003E8E41098EF
:1027E000294601F061FA0028BFF605AD15990A22C5
:1027F0000598002301391591109901F0BFFD0C9A3D
:102800001090002A40F0B980099B1693F3E405F07C
:102810000F0348F6B844C0F60004DDE91201DB00FE
:10282000E418D4E9002302F00DFC2C1108BF4FF08E
:102830000208CDE918013FF4B0AA48F690554FF0D0
:102840000208C0F6000514F0010F09D0DDE91801F7
:1028500008F10108D5E9002302F0F4FBCDE91801E5
:1028600008356410EFD1FFF798BA05981099079AC8
:1028700001F0C4FD109084E407990546531A0E9A9E
:10288000C9180791D2180E9212E50F9B002B4BD05E
:1028900001F58662069F0332079D10E505981099A1
:1028A00001F0ACFD10906CE4069800221699471ACE
:1028B00005E5002F4E460FDD01221099059801F025
:1028C0005BFC2946109001F0EFF900285FDDB9F1BB
:1028D000390F3ED009F10106119A02F8016B1192ED
:1028E000FFF7CABA03D119F0010F7FF45CAF119A58
:1028F000119212F8013D302BFAD0FFF7BDBA716882
:10290000059801F027FB326906F10C0102329200B2
:10291000044600F10C0001F07FF8214605980122E1
:1029200001F02AFC044618E61B9B069FC3F1360201
:10293000079DC4E401331370FFF79EBAB9F1390F54
:1029400007D0119909F1010301F8013B1191FFF73B
:1029500093BA1198392300F8013B119023E7B9F19C
:10296000390FF6D01198B8F1000FC8BF09F101096D
:1029700000F8019B1190FFF77FBA314605980A22B3
:10298000002301F0FBFC06460998169033E4A3D11E
:1029900019F0010FA0D09AE73FF418AC1C330EE4F5
:1029A0000121FFF785BB169B0F460E2B8CBF002520
:1029B0000125FFF7A5B9C0460B692DE9F041804616
:1029C0000F46002B70D010B18369002B6FD048F6F2
:1029D0001C43C0F600039F4208BFD8F8047010D013
:1029E00048F63C43C0F600039F4208BFD8F8087081
:1029F00007D048F65C43C0F600039F4208BFD8F8F2
:102A00000C70BB891AB212F0080F21D03E69002E5B
:102A10004AD03B683E609D1B12F0030F0CBF7B69E0
:102A20000023002DBB6004DC3EE02D1A002D3BDDB1
:102A30003618BC6A4046396A32462B46A047002801
:102A4000F3DCBB894FF0FF3043F04003BB812CE047
:102A500043F400627B68BA81002B2BDDFD6A1DB355
:102A600012F4805218BF7C6D28D0BB8913F0040F7C
:102A700005D07B687A6BE41A0AB13B6CE41A002338
:102A80004046396A2246A847A042DAD1BB890020D5
:102A9000786023F40063BB81BA893B6912F4805FDC
:102AA00018BF7C653B6000D10020BDE8F08100F0DC
:102AB000C5F88CE73B6C002BD0DCF5E701234046E2
:102AC000396AA847B0F1FF3F044618BFFD6ACCD170
:102AD000D8F800301D2BE7D0BB8943F04003BB8101
:102AE000E3E7C04610B5014638B140F20013C2F228
:102AF00000031868FFF760FF10BD48F67C4342F6FC
:102B0000B911C0F60003C0F60001186800F092FB8E
:102B1000F2E7C0467047C0467047C0467047C0469F
:102B20007047C046002070470020704740F20013F5
:102B300042F62931C2F20003C0F6000110B5186850
:102B400000F0A4FB10BDC04640F2001342F6253150
:102B5000C2F20003C0F6000110B5186800F096FB41
:102B600010BDC04644F6853110B5C0F6000100F036
:102B70008DFB10BD48F67C4344F68531C0F600035A
:102B8000C0F6000110B5186800F080FB10BDC0460B
:102B9000CA004B019B1A5B1A70B59E000D4606F1E8
:102BA0000C0100F05DFC044640B100F10C00002176
:102BB000656032462160A06000F0DAFF204670BDFB
:102BC00048F67C43C0F6000370B51C680546A26950
:102BD000002A24D0D8346368A06813F1FF3204D5EA
:102BE00019E012F1FF3216D45C30B0F90C30002B32
:102BF000F7D14FF0FF33C3814FF0010383810023EE
:102C00000360836043600361436183614363836363
:102C10008364C36470BD206828B10446DBE72046A6
:102C200000F00CF8D6E728460421FFF7B1FF20603A
:102C30000028F2D10C232B60ECE7C0462DE9F042CE
:102C4000876982B0002F62D142F665334FF00109E7
:102C5000C0F60003C0F81890836244F6A916C0F8C5
:102C6000D87044F66D15C0F8DC7044F64514C0F811
:102C7000E070C0F600060190FFF7A2FF0199C0F6D0
:102C80000005C0F6000448600846FFF799FF019967
:102C900088600846FFF794FF01994FF0040344F65B
:102CA000391EC0F6000E4A6893818B681760576022
:102CB0009760D7811761576197611262566295627A
:102CC000D462C2F830E04FF009021F605F609F607D
:102CD0009A814FF00202A3F80E901F615F619F611D
:102CE0001B625E629D62DC62C3F830E04FF012034B
:102CF000C8600760476087608381C2810761476160
:102D00008761006246628562C462C0F830E002B04A
:102D1000BDE8F0822DE9F04140F2F415C2F2000561
:102D20000C46074600F068FFAB685A6822F00306BD
:102D300006F57E630F331B1B1B0B013B1C03B4F515
:102D4000805F07DB0021384601F0E2FDAB689B198C
:102D5000984205D0384600F051FF0020BDE8F081D0
:102D60006142384601F0D4FDB0F1FF3F10D0A968B0
:102D700040F22062C2F20002331B43F001033846E6
:102D80004B6013681B1B136000F038FF0120E5E760
:102D90000021384601F0BCFDAD68441B0F2CD9DD85
:102DA00040F2FC5340F22061C2F20003C2F2000183
:102DB0001A6844F00103821A0A606B60CAE7C046D1
:102DC0002DE9F04180460C46002947D0A4F10805C2
:102DD00000F012FF40F2F4176A68C2F2000722F016
:102DE00001016818436823F00306BB68834259D089
:102DF00012F0010E466033D0002483195A6812F095
:102E0000010F09D18919002C4AD182684E4B9A4290
:102E100078D0C368D3609A6041F0010369506B6059
:102E2000CCB9B1F5007F29D34A0A042A5CD88B09B2
:102E30003833DA00BA18906890425BD0436823F0C8
:102E40000303994202D280688242F7D1C368EB60E3
:102E5000A860C5609D60404600F0D0FEBDE8F081EE
:102E600054F8083CED1AC91807F10803AA689A42F9
:102E700038D0EB687446D3609A60BEE7C908012277
:102E80007B688810C9007918824013437B608B6887
:102E90004046E960AB60DD608D6000F0AFFEDDE7CD
:102EA0008268B6E7711812F0010F07D154F8083C98
:102EB000ED1AC918EA68AB68DA60936041F0010363
:102EC0006B6040F20063BD60C2F200031A68914279
:102ED000C1D340F21C634046C2F200031968FFF7F9
:102EE00019FFB8E7012488E7142A14D802F15B031C
:102EF000DA009FE7012299107B688A4013437B60C8
:102F00000346A4E7D56041F001039560EA60AA603A
:102F10006B6069509FE7542A03D80B0B6E33DA00BD
:102F200088E7B2F5AA7F03D8CB0B7733DA0081E7C5
:102F300040F254539A4203D97E234FF47C7279E7CE
:102F40008B0C7C33DA0075E7FC0100202DE9F04F93
:102F5000936885B00E4602900192002B2DD08F8988
:102F600017F0080F2DD00B69002B2AD0019A17F00B
:102F70000200D2F800A032D000273D46B5B1B5F529
:102F8000806F34BF2B464FF48063B46A02983A4690
:102F9000316AA047002840F39B80019A93681B1A6E
:102FA000936053B12D1A3F18002DE8D1DAF8007064
:102FB000DAF804500AF1080AE0E7002005B0BDE89D
:102FC000F08F02983146FEF79FFC002840F02781E1
:102FD000B789019A17F00200D2F800A0CCD117F0FF
:102FE000010104BF8846454640F0A180002D52D023
:102FF00017F4007FB46855D0A54238BF2C4633D3B0
:1030000017F4906F30D0726933683169C1EB030BEC
:1030100053009B1803EBD3734FEA63090BF10103D1
:103020005B194A4699453CBF99464A4617F4806F5A
:103030006FD00298114600F013FA0446002872D0AF
:1030400031695A4600F0E8FCB38923F4906343F0F9
:103050008003B38104EB0B0334612C463360C6F864
:103060001490CBEB0903B36022463068414600F070
:103070001FFDB36832681B1BB36012192C46326007
:10308000019A93681B1B9360002B96D02D1BA044C4
:10309000B789002DACD1DAF80080DAF804500AF1D3
:1030A000080AA3E73068AC422CBF00230123326931
:1030B000904294BF002303F00103E3B973699D427A
:1030C0000DD3B46A42460298316AA047041ED7DC89
:1030D000B3894FF0FF3043F04003B3816EE72A46D7
:1030E000414600F0E5FCB36832682C465B1BB360D8
:1030F00052193260C4E74146224600F0D9FC3368D9
:10310000029831461B193360FFF756FC0028B7D0F0
:10311000DEE7029801F016FA044600289AD10298D8
:103120003169FFF74DFE029A0C231360D0E7834606
:10313000814680460390B8F1000F30D0039A002AF0
:103140005CD0B368C14534BF4F46474675693068A7
:10315000EC183269A742D4BF00230123904294BFE8
:10316000002303F00103002B3AD1AF4220DBB46A05
:103170005A4602982B46316AA047041EA8DDB9EBD7
:10318000040923D0019A93681B1B9360002B3FF422
:1031900014AFC4EB0808A344B8F1000FCED1DAF89D
:1031A00000B00023DAF804800AF1080A0393C2E7AA
:1031B0003A46594600F07CFCB36832683C46DB1B5B
:1031C000B360D219B9EB04093260DBD10298314601
:1031D000FFF7F2FB00287FF47BAFCDF80C90D1E72E
:1031E0005946224600F064FC3368029831461B19A8
:1031F0003360FFF7E1FB0028C1D069E758460A2198
:10320000424600F0C9FB28B1431CCBEB0309012364
:10321000039396E7012208F10109039291E7B3892C
:1032200009224FF0FF3043F04003B381029B1A6044
:10323000C4E6C0462DE9F04781468A46FFF76AFC9E
:1032400019F1D80708BFB8461BD04FF000087E68B8
:10325000BD68002E12DD002400E05C35B5F90C30AD
:103260004BB1B5F90E30B3F1FF3F04D048462946C3
:10327000D04748EA00080134B442EED13F68002F3D
:10328000E5D1FFF749FC4046BDE8F0872DE9F0475E
:1032900004468946FFF73EFC14F1D80708BFB8463C
:1032A0001AD04FF000087E68BD68002E11DD0024A2
:1032B00000E05C35B5F90C3043B1B5F90E30B3F12F
:1032C000FF3F03D02846C84748EA00080134B4420B
:1032D000EFD13F68002FE6D1FFF71EFC4046BDE866
:1032E000F087C04648F68043C0F600031868704770
:1032F00000487047848C000800487047848C0008A0
:1033000070B505460E4614464AB149F2943110464E
:10331000C0F6000101F05AFB30B9EE612C6249F2AF
:103320009430C0F6000070BD49F2B0312046C0F6BE
:10333000000101F04BFB0028EFD00020F3E7C0466E
:103340000A4640F20011C2F20001034610B50868B7
:103350001946FFF7D5FF10BD8B89F0B506469AB226
:1033600091B012F0020F0C4621D1B1F90E100029D4
:1033700027DB01AA01F010FC002820DB029B03F4EC
:103380007043B3F5005F14BF00270127B3F5004F6A
:1033900041D0A3894FF4806543F40063A3811AE010
:1033A000A38913F4007F08D143F00203A38104F141
:1033B0004702012322602261636111B0F0BDA3893D
:1033C0009AB212F0800F43F400630CBF4FF4806593
:1033D00040250027A3813046294600F041F8002807
:1033E000DED0A28942F66533C0F60003206042F0C9
:1033F0008002B362A28120616561002FDDD030467A
:10340000B4F90E1001F0DEFB0028D6D0A38943F0FA
:103410000103A381D1E744F64513E26AC0F6000335
:103420009A42B6D1A3894FF480621546226543F4CF
:103430008063A381CFE7C04640F200130146C2F289
:10344000000310B51868FFF7BBFC10BD40F2001375
:103450000146C2F2000310B5186800F001F810BD73
:1034600001F10B020B46162A2DE9F04F804683B07E
:1034700000F2A380102500219D422CBF0B4641F095
:103480000103002B40F0B381404600F0B5FBB5F5D9
:10349000FC7FC0F096806A0A40F0B280EA08D30050
:1034A00040F2F417C2F20007F818C468A04206D12F
:1034B0000CE0002B80F27681E468A04206D06368BD
:1034C00023F003014B1B0F2BF3DD013A02F1010E38
:1034D00040F2F412C2F2000202F1080CDCF80840DB
:1034E000A44508BF914620D0636823F00301481B20
:1034F0000F2800F366810028CCF80CC0CCF808C077
:1035000080F28680B1F5007F80F07681C90891460F
:1035100001227B688810C9004944824013437B60C4
:103520008B68E160A360DC608C6001234FEAAE022F
:10353000D9F8041013FA02F68E4270D80E420BD15D
:1035400076002EF003030E4203F1040E04D1760040
:103550000EF1040E0E42FAD04FEACE03F24609EB0A
:1035600003010A46D068824207D17BE1002C80F239
:103570008081C068824200F07581436823F00303B4
:103580005C1B0F2CF2DD421945F001030546C168B2
:103590004360404655F8083F1451D9608B6044F0B1
:1035A0000103CCF80C20CCF80820C2F80CC0C2F8FB
:1035B00008C0536000F022FB1EE022F00705E90F6F
:1035C0005AE740F2F417EA08C2F200077B19DC68F8
:1035D0009C4200F033816268E168A36822F0030234
:1035E000A218D9608B605368404604F1080543F087
:1035F0000103536000F002FB284603B0BDE8F08FE2
:10360000042A07D9142A00F223815B32D30047E74A
:103610006218E8E7AB0903F13802D30040E7D9F8B4
:103620000840636823F0030CC5EB0C010F29CCBFE5
:1036300000230123654588BF43F00103002B00F000
:10364000A28040F21C6BD7F80824C2F2000BDBF812
:10365000003010335E19B2F1FF3F06D006F57E63ED
:103660001F3323F47E6626F01F0640463146CDF810
:1036700004C001F04DF9DDF804C0B0F1FF3F82460F
:1036800070D004EB0C01814240F223814C4569D19A
:10369000DBF80430F018CBF80400D7F8083440F217
:1036A000F412C2F20002B3F1FF3F08BFC2F808A44F
:1036B00004D0C1EB0A031B18CBF804301AF007033F
:1036C000404617BFC3F108034FF480519A4403F5F5
:1036D00080510AEB0603CDF804C01B051B0DCE1A62
:1036E000314601F015F9DDF804C0B0F1FF3F00F0FC
:1036F0003381CAEB00039B1943F00100DBF804306F
:10370000C9F808A0F3184C45CBF80430CAF80400F7
:1037100014D0BCF10F0F40F20381ACF10C01052273
:1037200021F0070160180F2942608260636803F08E
:10373000010341EA0303636000F20881DBF804102F
:1037400040F21C62DBF82C30C2F20002994288BFC2
:10375000D16240F21C62DBF83030C2F200029942C2
:1037600088BF1163D9F80840626822F00302511B38
:103770000F29CCBF00230123954288BF43F00103EA
:10378000002B40F0FF80621945F00103C9F80820C2
:103790004046636041F00103536004F1080500F006
:1037A0002DFA29E7A3686118E268404604F108058C
:1037B000DA6093604B6843F001034B6000F01EFA3F
:1037C0001AE7631945F00102CCF80C3004F1080542
:1037D000626040F00102CCF8083018504046C3F84F
:1037E0000CC0C3F808C05A6000F008FA04E70C23C4
:1037F0000025C8F80030FFE64A0A042A48D9142AEE
:1038000000F2928002F15B03DA00B81840F2F4197A
:10381000C2F200098668864218BF324676D05368E5
:1038200023F00303994202D292689042F7D1D36801
:103830001646E360A660F4609C6076E604F1080337
:10384000DC68A34208BF02F1020E3FF441AEC2E6BB
:10385000542A21D9B2F5AA7F50D8EB0B03F1770295
:10386000D3001DE60AF1010A1AF0030F19D008323D
:1038700078E6C2180546C1684046536843F0010324
:10388000536055F8083FD9608B6000F0B7F9B3E694
:103890008B093833DA00B8E72B0B03F16E02D30043
:1038A000FEE5724600E0013A12F0030F5FD00B46CE
:1038B00053F808199942F6D0D9F8043076009E42A0
:1038C0003FF6ADAE002E3FF4AAAE1E425FD0D64604
:1038D00042E6DBF8043006EB0300CBF804007FF48B
:1038E000DCAE0B051B0D002B7FF4D7AED9F80820FA
:1038F00006EB0C0343F0010353601FE740F25453FF
:103900009A4217D97E22A3F5B273C9E50122991014
:10391000D9F804308A401343C9F80430334688E7A5
:103920000123CAF804301DE7542A08D80B0B6E3364
:10393000DA006AE7AB0C03F17C02D300B0E5B2F524
:10394000AA7F0CD8CB0B7733DA005EE7404604F150
:103950000801FFF735FAF1E600260230CEE640F224
:1039600054539A420AD97E234FF47C724DE7D9F81A
:103970000430F2431340C9F804309DE78B0C7C33CC
:10398000DA0042E74046002500F038F934E60AF153
:10399000040A760099E7C046032A844630B4C9B2C7
:1039A000144627D91CF0030325D11D461A462B02C5
:1039B00001325D18042AFAD16046036885EA0303E0
:1039C000A3F10132DB431A4012F0803F0ED003789E
:1039D0008B421ED04378421C8B421BD08378821CC2
:1039E0008B4217D0C378C21C8B4213D0043C0430E6
:1039F000032CE2D85CB103788B4206D0621E32B150
:103A000010F8013F013A8B42F9D130BC70470020D9
:103A1000FBE702461046F8E770B414460F2C064642
:103A20000D4604D945EA060313F0030F0DD04AB141
:103A30004FF0000C11F80C3000F80C300CF1010CB8
:103A40009445F7D1304670BC7047A4460B68ACF182
:103A5000100C03604A6842608B688360CA6810314A
:103A6000C2601030BCF10F0FF0D8A4F1100303F0C6
:103A70000F0223F00F031033EC18F118032A13D9A7
:103A80004FF0000C54F80C3041F80C300CF1040CE1
:103A9000CCEB0203032BF5D8131F03F0030223F032
:103AA00003030433E418C91808462146BFE7C0469B
:103AB000F0B406460D461446AE4211D92F19BE4247
:103AC0000ED254B13219634202EB030C611EFA1894
:103AD000535C0CF801300139FAD23046F0BC704723
:103AE0000F2C0CD8002AF8D04FF0000C11F80C3035
:103AF00000F80C300CF1010C9445F7D1EDE745EAE4
:103B0000060313F0030FEDD130462946A4460B6897
:103B1000ACF1100C03604A6842608B688360CA682D
:103B20001031C2601030BCF10F0FF0D8A4F11003B7
:103B300003F00F0223F00F031033E918F418032ADF
:103B400013D94FF0000C51F80C3044F80C300CF144
:103B5000040CCCEB0203032BF5D8131F03F0030274
:103B600023F003030433C918E4182046BAE7C0461B
:103B7000032A844630B40446CDB231D910F0030F85
:103B80002FD145EA05230F2A88BF944643EA034113
:103B900088BF234612D9ACF1100C196059609960A6
:103BA000D9601033BCF10F0FF5D8103A22F00F0393
:103BB00002F00F021033E018032A10D94FF0000C66
:103BC00040F80C100CF1040CCCEB0203032BF7D8DB
:103BD000131F03F0030223F003030433C0188446C9
:103BE00032B1E9B200230CF8031001339A42FAD142
:103BF000204630BC7047C0467047C0467047C0463C
:103C0000030C1B04BBB1002310F07F4F01D108331C
:103C1000000210F0704F01D10433000110F0404F4A
:103C200001D102338000002803DB10F0804F05D063
:103C300001331846704700041023E5E72023F8E716
:103C40000268014612F0070009D012F0010F22D1DC
:103C500012F0020F23D1930802200B601CE0130422
:103C60001B0C0BB9120C102012F0FF0F01D1083001
:103C7000120A12F00F0F01D10430120912F0030FD3
:103C800001D10230920812F0010F02D1520804D083
:103C900001300A6000E0002070472020FCE7530854
:103CA00001200B60F8E7C04603690A6910B49C1A4A
:103CB00011D1131D00F1140C9B00C218CB18101D5C
:103CC000191D50F8042C51F8043C9A4206D10438CE
:103CD00004398445F5D3204610BC704738BF4FF0F7
:103CE000FF34F8D30124F6E740F20003C7F6F0737F
:103CF00001EA0303A3F15073002B02DD19460020F3
:103D000070475B421A15132A07DDA2F114031E2B1C
:103D100009DD012300211846F2E74FF400230020BB
:103D200053FA02F1ECE7C3F11F0201239340F1E7DC
:103D300003692DE9F041043300F114060C4650F8F4
:103D400023709A0085183846FFF75AFF0A28C0F1F9
:103D50002003236017DCAE42C0F10B0239D255F8C4
:103D6000043C33FA02F137FA02F343F07E5500F1D6
:103D7000150317FA03F345F4E00541EA030420466E
:103D80002946BDE8F081AE422CBF4FF0000E55F839
:103D900004EDB0F10B0202BF47F07E5545F4E0059B
:103DA0007446ECD0B542C2F1200114D955F8043C58
:103DB00033FA01F017FA02F32EFA01F143F07E53C1
:103DC0000EFA02F243F4E00340EA020443EA01057A
:103DD000D5E70021C7E70020ECE7C0462DE9F04316
:103DE00083B00C4601A90546FFF7A2FF06460F4621
:103DF00020466946FFF79CFF009A2B698946019986
:103E00008046891A22699B1A5B01C91800290ADDBC
:103E10000B05DF193046394642464B4601F03CFA65
:103E200003B0BDE8F0834B421B059944F2E7C0465E
:103E3000172810B504460FDD40F200010020C3F63C
:103E4000F07140F200030022C4F22403013C01F0AF
:103E5000F9F8002CF5DC10BD48F6B843C200C0F6F6
:103E600000039B18D3E90001F5E7C0461369013947
:103E700030B40433491102F1140C01319B00D31802
:103E8000154689001A1D441894450ED200215CF88D
:103E90000130435004310CEB01039A42F7D8531B15
:103EA000153B23F003030433C018844204D90023D4
:103EB00040F8043B8442FBD830BC704702694B1188
:103EC00010B49A420446B8BF104612DB10DD11F060
:103ED0001F0C0DD0184604339B00E318596821FAD3
:103EE0000CF202FA0CF28A4203D0012010BC704797
:103EF000184600F1040C04F114014FEA8C03E01899
:103F0000021D91420CD254F82C30002BEDD1024608
:103F1000914205D252F8043D002BE6D19142F9D3EB
:103F20000020E3E770B5456A06460C464DB13CB14A
:103F3000726A6068D16851F82030236041F82040EF
:103F400070BD1020FFF782FA7062456085600560E1
:103F5000C560ECE770B5446A06460D466CB1E16891
:103F6000A9B151F82520002A1DD0136841F8253049
:103F700000231361D360104670BD1020FFF766FA6E
:103F8000002304467062436083600360C3600421C1
:103F90003046102200F058FD736AE060D9680029AD
:103FA000DFD10A46E7E70121304611FA05F4621D28
:103FB000920000F049FD02460028DCD04560846094
:103FC000D6E7C046F0B5012183B01D461446FFF781
:103FD000C1FF25F0004225F07F4121F470012B46FE
:103FE000170D00911CBF41F4801300930646002C6E
:103FF0001ED002A840F8044DFFF722FE0546002817
:1040000031D1019B7361009B002B14BF022401245A
:104010003461B361C7B10899A7F58663033BC5F165
:1040200035025B190B60099B1A60304603B0F0BD86
:104030006846FFF705FE009B01223261144673615A
:1040400000F12005002FE6D10899A200B218A5F5CD
:104050008663023B10690B60FFF7D2FD099A63018A
:104060001B1A1360E1E7009BC0F12002019913FACB
:1040700002F2C3400A4372610093C4E72DE9F0479E
:104080000B69904612690E469F1A002F4FD06CDBC9
:10409000002701F114057168FFF75CFF4FF0000E77
:1040A000C7608146376900F114043B1D9B00F3187B
:1040B00008F1140603F1040AD8F8103004339B0009
:1040C000434403F1040C56F8042B55F8040B130475
:1040D000120C0104C2EB10421B0C090CC91AB445A6
:1040E000714402EB2142628024F8041B4FEA224E05
:1040F000E9D855450ED255F8043B1A041B0C120C96
:10410000AA45724403EB2243638024F8042B4FEA50
:10411000234EF0D854F8043C33B9224652F8083CF8
:10412000013F043A002BF9D0C9F8107019E0131DB3
:1041300001F114059B00CA184344111D1C1D51F8C0
:10414000042C54F8043C9A420ED10439043C8D42AC
:10415000F5D30021FFF7FEFE012300228146036113
:1041600042614846BDE8F08795D243460127B046F4
:1041700003F114051E468EE72DE9F0470E46541153
:10418000814633691746496801331D19B3689D425A
:1041900003DD5B0001319D42FBDC4846FFF7DAFEA0
:1041A000002C804600F114000ADD00231A4640F876
:1041B000232001339C42FADC231D9B004344181D3D
:1041C000336906F1140104339B00F31817F01F0440
:1041D00003F1040C08BF22461BD0C4F1200E0022BC
:1041E0000B68A34042EA030340F8043B51F8042B58
:1041F0008C4522FA0EF2F3D8026002B101356B1E33
:104200004846C8F810303146FFF78CFE4046BDE8FE
:10421000F0878B58835004328B189C45EFD98B580C
:10422000835004328B189C45F3D8E8E72DE9F04F12
:104230000E6915690C46174685B0AE42B5BF1346E8
:1042400033461C462E46ACBF1D460F46A36806EB00
:10425000050861689845C8BF0131FFF77BFE08F18A
:1042600004039B00C31800F1140B043300909B451A
:10427000019306D25B460022019943F8042B994230
:10428000FAD82B1D07F1140904F1140203929B00C4
:10429000E31803F1040C331D9B00FB180433029355
:1042A00099454AD24FF0000E59F80E300BEB0E0A2A
:1042B0001F043F0CDFB1039E5446002556F8042B23
:1042C00020681104120C0304000C090C1B0C07FBE2
:1042D000020207FB0131491902EB1142628024F806
:1042E000041B150CB445E9D8256059F80E301F0C95
:1042F0001CD05BF80E305046039D00261C4655F836
:10430000041B03800A04090C120C02FB076202EB77
:104310001442428050F8044F23041B0C01FB073168
:1043200001EB12431E0CAC45E9D803600EF1040EFC
:10433000029909EB0E039942B6D8B8F1000F0BDDD4
:10434000019A52F8043C23B106E052F8083C043AC2
:1043500013B918F1FF38F8D1009B1846C3F8108044
:1043600005B0BDE8F08FC04610B50C460121FFF73F
:10437000F1FD01234461036110BDC0462DE9F04108
:10438000804600200F460E6901F1140494461D4634
:104390000146625801301304120C1B0C02FB0CF294
:1043A00003FB0C5302EB13429BB2150C03EB0243CD
:1043B000635004318642ECDC45B1BB689E4208DAAA
:1043C000331D721C3A619B00FB185D603846BDE8E6
:1043D000F081796840460131FFF7BCFD3A6907F189
:1043E0000C0102329200044600F10C00FFF714FBAE
:1043F000394640462746FFF795FDE1E712F00303F3
:104400002DE9F04180460F4615462DD1AE101FD044
:10441000D8F82440002C3FD0A568002D32D016F0EB
:10442000010F08D1761013D02C68A4B120460546A0
:1044300016F0010FF6D039462A464046FFF7F6FE41
:10444000394604464046FFF76DFD76102746EBD10E
:104450003846BDE8F08129462A464046FFF7E6FE89
:10446000286005460460E3E7013B48F6B844C0F61F
:1044700000049B00E4180023D4F8C820FFF77EFF57
:104480000746C3E7404640F27121FFF76DFF002366
:10449000A06005460360C2E71020FEF7D7FF0023A7
:1044A0000446C8F82400436083600360C360B3E738
:1044B0002DE9F0471546984603F1080248F639639E
:1044C0000E46C3F6E303074683FB0213D217C2EB83
:1044D0006302012A34DD002101235B0001319A428D
:1044E000FBDC3846FFF736FD089B0122092D01460B
:1044F0004361026121DD06F109090924335D0A22C5
:1045000038460134303BFFF739FFA5420146F5DC60
:1045100009EB0503A3F10806A8450BDD0024335D74
:104520000A2238460134303BFFF728FF63199845CB
:104530000146F4DC0846BDE8F0870A360925EBE7BA
:104540000021CEE72DE9F04F85B090468A460290D3
:10455000002900F02181FFF74FFB08F10B0116291C
:10456000AAF108078BBF21F007094FF01009CE46CA
:10457000CE4688BF4FEAD9737C6898BF0023224695
:10458000C1452CBF1E4643F00106002E40F0368187
:1045900024F003057545A4BF3C462E464FDA40F291
:1045A000F41B7919C2F2000BDBF808C08C4500F04F
:1045B000F880486820F00103CB185A6812F0010F08
:1045C00032D03146304614F0010F40F09F805AF847
:1045D000083CFB1A03935A6822F00302002957D0C3
:1045E000614500F01081521986187645B8BF16460D
:1045F0004FDBCA688B68DA6093602A1F039B242A0A
:104600001846D96850F8083FD9608B6000F2EA80FC
:10461000132A544605466BD9DAF80030211D039859
:104620008360DAF804304CE020F003004619764548
:10463000C9DBCA688B68DA60936022463C46C9EBE6
:1046400006000F2810D802F00103A219334363605B
:10465000536843F00103536002980834FFF7CEFA21
:10466000204605B0BDE8F08F04EB090102F001031C
:1046700040F00102081843EA090363604A60083108
:10468000436843F0010343600298FEF799FBE3E7B8
:10469000561976453ADB0398C26850F8083FDA604D
:1046A00093602A1F242A00F29D80132A544605464F
:1046B0001ED9DAF80030039903988B60211DDAF8CF
:1046C00004300C1D1B2AC36000F1100510D94B6883
:1046D000211D00F11805036163680C1D242A436144
:1046E00006D14B6800F12005836162680834C2611D
:1046F0002046294650F8042B41F8042B63686B6070
:1047000042684A6003990C464A6898E70298414615
:10471000FEF7A6FE044600283AD07A68A0F1080108
:1047200022F00103FB18994200F0C0802F1F242FB4
:104730005FD8132F554606461CD95046214650F8DF
:10474000042B051D41F8042B0E1DDAF804301B2F35
:1047500063600FD943682A1D4B60311D6B68151DBE
:1047600073600E1D242F05D153684B606A680835AD
:10477000726008362846314650F8042B41F8042B65
:104780006B68736042684A6002985146FEF718FBF6
:104790000298FFF733FA63E71146FEF761FE04461D
:1047A0005EE7DCF8043023F0030009F1100342193E
:1047B0009A42B8BF6146FFF606AF07EB0903C9EBA3
:1047C000020242F0010202985A6007F10804796877
:1047D000CBF8083001F0010149EA01017960FFF7E7
:1047E0000DFA3DE75146FFF763F9039B1C465A68F3
:1047F00025E751463A46FFF75BF9C5E702980C23D7
:10480000002403602CE7561909F1100300EB060C95
:104810009C45FFF63EAF03990C46CA6854F8083F22
:10482000DA6093602A1F242A46D8132A5546264662
:104830001DD9DAF8003003988B60291DDAF80430AE
:104840000D1D1B2A00F11006C36010D94B68291DED
:1048500000F1180603616B680D1D242A436106D11F
:104860004B6800F1200683616A680835C2612846FA
:10487000314650F8042B41F8042B6B687360426892
:104880004A600399C9EB0C0242F00102029801EB65
:104890000903CBF808305A600A46496801F0010163
:1048A00049EA01015160FFF7A9F9D9E64B683C4696
:1048B00023F003035E19C2E620465146CDF804C03A
:1048C000FFF7F6F8DDF804C0DBE7C0460B464142CF
:1048D000014323F0004040F2000340EAD170C7F6E4
:1048E000F0731B1A58421843C01701307047C04676
:1048F0000B464142014340F2000010B423F0004453
:1049000044EAD174C7F6F070001BC00F10BC7047AA
:1049100070B540F2B464C2F20004054608460023B4
:10492000236004F095F8B0F1FF3F00D070BD23681C
:10493000002BFBD02B60F9E710B5B1F90E1000F099
:10494000B1F810BD10B50C46B1F90E1000F04EF9DB
:10495000B0F1FF3F15BF6065A389A38923F480539D
:1049600016BF43F48053A381A38110BD2DE9F0410C
:104970001F468B8905460C46164613F4807F06D0E9
:104980000223B1F90E10002200F030F9A38923F4BC
:1049900080532846A3813246B4F90E103B4600F0FE
:1049A0003DF8BDE8F081C04610B50C46B1F90E10D7
:1049B00000F032F9002803DB636D1B18636510BD3E
:1049C000A38923F48053A381F9E7C04641EA000399
:1049D000024613F0030F04D102680B689A4212D00A
:1049E0000246107820B917E012F8010F013198B192
:1049F0000B788342F8D0C01A704750F8042F51F852
:104A0000043F9A42ECD1A2F10133D243134013F098
:104A1000803FF2D00020EFE70B78ECE770B540F272
:104A2000B464C2F200040546002020600846114626
:104A30001A4603F0FDFFB0F1FF3F00D070BD2368C0
:104A4000002BFBD02B60F9E710B501FB02F1FEF75C
:104A500007FD0446F8B150F8043C23F003031A1F85
:104A6000242A1AD8132A01460FD9002340F8043B00
:104A7000011D1B2A636008D94360081D4B60011D9E
:104A8000242A02BF43604B6008310B46002243F8E2
:104A9000042B4A605A60204610BD0021FFF768F8D9
:104AA000F9E7C04670B540F2B464C2F200040546AE
:104AB00008460023236003F0A3FFB0F1FF3F00D0BE
:104AC00070BD2368002BFBD02B60F9E770B506465C
:104AD0000C4600294BD0FEF71DF816B1B369002B28
:104AE00047D048F61C43C0F600039C4208BF7468D8
:104AF0000ED048F63C43C0F600039C4208BFB468A1
:104B000006D048F65C43C0F600039C4208BFF46838
:104B1000B4F90C503DB330462146FDF74DFF236BF1
:104B200005463BB13046216A984735EA200528BF43
:104B30004FF0FF35A38913F0800F1ED1616B41B197
:104B400004F14403994202D03046FEF739F90023BC
:104B50006363A16C21B13046FEF732F90023A364F0
:104B60004FF00003A381FDF7D7FF284670BD0D4627
:104B7000FBE73046FEF762F8B3E730462169FEF7FF
:104B80001FF9DBE740F200130146C2F2000310B543
:104B90001868FFF79BFF10BD70B540F2B464C2F215
:104BA00000040546084611460023236003F032FF47
:104BB000B0F1FF3F00D070BD2368002BFBD02B600D
:104BC000F9E7C04670B540F2B464C2F2000405468D
:104BD00008460023236003F027FFB0F1FF3F00D019
:104BE00070BD2368002BFBD02B60F9E770B540F255
:104BF000B464C2F200040546002020600846114655
:104C00001A4603F0F9FEB0F1FF3F00D070BD2368F3
:104C1000002BFBD02B60F9E770B540F2B464C2F210
:104C20000004054600202060084611461A4603F09D
:104C3000DFFEB0F1FF3F00D070BD2368002BFBD03A
:104C40002B60F9E7002934D00123002210B48842F8
:104C50002CD301242407A14204D2814202D20901AB
:104C60001B01F8E7E400A14204D2814202D24900CC
:104C70005B00F8E7884201D3401A1A434C08A0426F
:104C800002D3001B5C0822438C08A04202D3001B05
:104C90009C082243CC08A04202D3001BDC0822431C
:104CA000002803D01B0901D00909E3E7101C10BC40
:104CB000704708B14FF0FF3000F00AB80029F8D073
:104CC00003B5FFF7C1FF0EBC4243891A1847C0461F
:104CD0007047C04681F0004102E0C04683F00043C7
:104CE00030B54FEA41044FEA430594EA050F08BF87
:104CF00090EA020F1FBF54EA000C55EA020C7FEA4B
:104D0000645C7FEA655C00F0E2804FEA5454D4EBC7
:104D10005555B8BF6D420CDD2C4480EA020281EA91
:104D2000030382EA000083EA010180EA020281EAC9
:104D30000303362D88BF30BD11F0004F4FEA01311B
:104D40004FF4801C4CEA113102D0404261EB41012A
:104D500013F0004F4FEA03334CEA133302D05242B0
:104D600063EB430394EA050F00F0A780A4F101046C
:104D7000D5F1200E0DDB02FA0EFC22FA05F28018A6
:104D800041F1000103FA0EF2801843FA05F359418C
:104D90000EE0A5F120050EF1200E012A03FA0EFC0B
:104DA00028BF4CF0020C43FA05F3C01851EBE37135
:104DB00001F0004507D54FF0000EDCF1000C7EEB52
:104DC00000006EEB0101B1F5801F1BD3B1F5001F90
:104DD0000CD349085FEA30004FEA3C0C04F10104AF
:104DE0004FEA445212F5800F80F09A80BCF1004FD8
:104DF00008BF5FEA500C50F1000041EB045141EA5A
:104E0000050130BD5FEA4C0C404141EB010111F45A
:104E1000801FA4F10104E9D191F0000F04BF014605
:104E20000020B1FA81F308BF2033A3F10B03B3F1E3
:104E300020020CDA0C3208DD02F1140CC2F10C0273
:104E400001FA0CF021FA02F10CE002F11402D8BFD1
:104E5000C2F1200C01FA02F120FA0CFCDCBF41EA9D
:104E60000C019040E41AA2BF01EB0451294330BD6C
:104E70006FEA04041F3C1CDA0C340EDC04F1140449
:104E8000C4F1200220FA04F001FA02F340EA030020
:104E900021FA04F345EA030130BDC4F10C04C4F166
:104EA000200220FA02F001FA04F340EA0300294646
:104EB00030BD21FA04F0294630BD94F0000F83F490
:104EC000801306BF81F480110134013D4EE77FEA73
:104ED000645C18BF7FEA655C29D094EA050F08BFBF
:104EE00090EA020F05D054EA000C04BF19461046A0
:104EF00030BD91EA030F1EBF0021002030BD5FEAE4
:104F0000545C05D14000494128BF41F0004130BD0B
:104F100014F580043CBF01F5801130BD01F000455F
:104F200045F0FE4141F470014FF0000030BD7FEAD2
:104F3000645C1ABF194610467FEA655C1CBF0B46CD
:104F4000024650EA013406BF52EA033591EA030FE4
:104F500041F4002130BDC04690F0000F04BF002195
:104F6000704730B54FF4806404F132044FF000050F
:104F70004FF0000150E7C04690F0000F04BF002141
:104F8000704730B54FF4806404F1320410F00045EE
:104F900048BF40424FF000013EE7C04642004FEAA2
:104FA000E2014FEA31014FEA02701FBF12F07F4366
:104FB00093F07F4F81F06051704792F0000F14BF63
:104FC00093F07F4F704730B54FF4607401F00045A7
:104FD00021F0004120E7C04650EA010208BF7047B7
:104FE00030B54FF000050AE050EA010208BF7047F3
:104FF00030B511F0004502D5404261EB41014FF45C
:10500000806404F132045FEA915C3FF4DCAE4FF05F
:1050100003025FEADC0C18BF03325FEADC0C18BF46
:10502000033202EBDC02C2F1200300FA03FC20FA97
:1050300002F001FA03FE40EA0E0021FA02F11444E4
:10504000C1E6C04670B54FF0FF0C4CF4E06C1CEAB2
:1050500011541DBF1CEA135594EA0C0F95EA0C0F6E
:1050600000F0DEF82C4481EA030621EA4C5123EAE1
:105070004C5350EA013518BF52EA033541F4801110
:1050800043F4801338D0A0FB02CE4FF00005E1FBC3
:1050900002E506F00042E0FB03E54FF00006E1FB0D
:1050A00003569CF0000F18BF4EF0010EA4F1FF0450
:1050B000B6F5007F64F5407404D25FEA4E0E6D4190
:1050C00046EB060642EAC62141EA55514FEAC520A1
:1050D00040EA5E504FEACE2EB4F1FD0C88BFBCF51D
:1050E000E06F1ED8BEF1004F08BF5FEA500E50F1CE
:1050F000000041EB045170BD06F0004646EA010194
:1051000040EA020081EA0301B4EB5C04C2BFD4EBC5
:105110000C0541EA045170BD41F480114FF0000EBE
:10512000013C00F3AB8014F1360FDEBF002001F02C
:10513000004170BDC4F10004203C35DA0C341BDCA6
:1051400004F11404C4F1200500FA05F320FA04F078
:1051500001FA05F240EA020001F0004221F00041AC
:1051600010EBD37021FA04F642EB06015EEA430E1F
:1051700008BF20EAD37070BDC4F10C04C4F120054F
:1051800000FA04F320FA05F001FA04F240EA020002
:1051900001F0004110EBD37041F100015EEA430ED3
:1051A00008BF20EAD37070BDC4F1200500FA05F2F3
:1051B0004EEA020E20FA04F301FA05F243EA020372
:1051C00021FA04F001F0004121FA04F220EA020081
:1051D00000EBD3705EEA430E08BF20EAD37070BDC7
:1051E00094F0000F0FD101F00046400041EB0101A7
:1051F00011F4801F08BF013CF7D041EA060195F089
:10520000000F18BF704703F00046520043EB030342
:1052100013F4801F08BF013DF7D043EA060370472F
:1052200094EA0C0F0CEA135518BF95EA0C0F0CD03A
:1052300050EA410618BF52EA4306D1D181EA030180
:1052400001F000414FF0000070BD50EA410606BF7A
:105250001046194652EA430619D094EA0C0F02D1BF
:1052600050EA013613D195EA0C0F05D152EA033604
:105270001CBF104619460AD181EA030101F0004122
:1052800041F0FE4141F470014FF0000070BD41F06B
:10529000FE4141F4780170BD70B54FF0FF0C4CF445
:1052A000E06C1CEA11541DBF1CEA135594EA0C0F64
:1052B00095EA0C0F00F0A7F8A4EB050481EA030EB1
:1052C00052EA03354FEA013100F088804FEA033398
:1052D0004FF0805545EA131343EA12634FEA022266
:1052E00045EA111545EA10654FEA00260EF0004127
:1052F0009D4208BF964244F1FD0404F5407402D279
:105300005B084FEA3202B61A65EB03055B084FEA09
:1053100032024FF480104FF4002CB6EB020E75EB06
:10532000030E22BFB61A754640EA0C005B084FEA2E
:105330003202B6EB020E75EB030E22BFB61A7546AB
:1053400040EA5C005B084FEA3202B6EB020E75EBF6
:10535000030E22BFB61A754640EA9C005B084FEA6E
:105360003202B6EB020E75EB030E22BFB61A75467B
:1053700040EADC0055EA060E18D04FEA051545EA6A
:1053800016754FEA06164FEAC30343EA52734FEA13
:10539000C2025FEA1C1CC0D111F4801F0BD141EA8C
:1053A00000014FF000004FF0004CB6E711F4801FF1
:1053B00004BF01430020B4F1FD0C88BFBCF5E06FD1
:1053C0003FF6AFAEB5EB030C04BFB6EB020C5FEAE1
:1053D000500C50F1000041EB045170BD0EF0004E36
:1053E0004EEA113114EB5C04C2BFD4EB0C0541EA68
:1053F000045170BD41F480114FF0000E013C90E665
:1054000045EA060E8DE60CEA135594EA0C0F08BF28
:1054100095EA0C0F3FF43BAF94EA0C0F0AD150EA27
:1054200001347FF434AF95EA0C0F7FF425AF1046BA
:1054300019462CE795EA0C0F06D152EA03353FF4E2
:10544000FDAE1046194622E750EA410618BF52EA5F
:1054500043067FF4C5AE50EA41047FF40DAF52EA33
:1054600043057FF4EBAE12E74FF0FF3C06E0C04689
:105470004FF0010C02E0C0464FF0010C4DF804CC97
:105480004FEA410C7FEA6C5C4FEA430C18BF7FEA9D
:105490006C5C1AD050EA410C0CBF52EA430C91EA02
:1054A000030F02BF90EA020F0020704710F1000FB7
:1054B00091EA030F58BF994208BF90422CBFD817FA
:1054C0006FEAE37040F0010070474FEA410C7FEA59
:1054D0006C5C02D150EA013C07D14FEA430C7FEAF1
:1054E0006C5CD7D152EA033CD4D05DF8040C704711
:1054F0008446104662468C461946634600E0C04624
:1055000001B5FFF7B9FF002848BF10F1000F01BD3A
:105510004DF808EDFFF7F4FF0CBF012000205DF807
:1055200008FBC0464DF808EDFFF7EAFF34BF012045
:1055300000205DF808FBC0464DF808EDFFF7E0FFDE
:1055400094BF012000205DF808FBC0464DF808ED2F
:10555000FFF7CEFF94BF012000205DF808FBC04696
:105560004DF808EDFFF7C4FF34BF012000205DF8BF
:1055700008FBC0464FEA410212F5001215D211D5C0
:105580006FF47873B3EB625212D94FEAC12343F040
:10559000004343EA505311F0004F23FA02F018BFC2
:1055A000404270474FF00000704750EA013005D18B
:1055B00011F0004008BF6FF0004070474FF000004E
:1055C0007047C0464BB942B9002908BF002802D035
:1055D0004FF0FF310846FFF77BBB82B0EC462DE968
:1055E000005000F005F8DDF804E002B00CBC704794
:1055F0002DE9704316461C468046894600F03AFA6B
:1056000000FB04F406FB0145069CA0FB0623EB18F7
:10561000B8EB020869EB0309C4E90089BDE87083AF
:105620002DE9704316461C468046894600F010F866
:1056300000FB04F406FB0145069CA0FB0623EB18C7
:10564000B8EB020869EB0309C4E90089BDE870837F
:1056500000292DE9F04F144687B01D46C0F2F580B1
:105660000026002B0196C0F2F980834626460F469D
:105670002846002D5CD18C426AD9B4F5803FC0F039
:10568000DE81B4F1807FC0F0E6811822082048F660
:10569000E05336FA02F1C0F600035A5C851A0AD0CC
:1056A000C5F1200317FA05F22BFA03F3AE4043EAE3
:1056B00002070BFA05FB4FEA1649384649464FEAFE
:1056C0000648FFF7BFFA49464FEA1848824608FBEA
:1056D00000F53846FFF7F2FA4FEA1B4343EA01446C
:1056E000A54208D9A4190AF1FF3A04D2A54284BF01
:1056F0000AF1FF3AA419641B49462046FFF7A2FAB3
:10570000494608FB00F705462046FFF7D7FA4FEA5F
:105710000B431B0C43EA0142974205D9013D931903
:1057200002D29F4288BF013D45EA0A40002103E0C2
:105730008D4267D900200146019E02460B4616B1F4
:10574000524263EB43031046194607B0BDE8F08FA1
:1057500024B901202146FFF775FA0646B6F5803FC9
:10576000C0F08380B6F1807FC0F0788118220820D5
:1057700048F6E05336FA02F1C0F600035A5CB0EB8B
:10578000020A40F085804FEA0648BC1B4FF0010A30
:10579000370C4FEA184820463946FFF753FA394686
:1057A00008FB00F581462046FFF788FA4FEA1B43C5
:1057B00043EA0144A54208D9A41909F1FF3904D2EA
:1057C000A54284BF09F1FF39A419641B394620465C
:1057D000FFF738FA394608FB00F805462046FFF780
:1057E0006DFA4FEA0B431B0C43EA0142904505D981
:1057F000013D931902D2984588BF013D45EA094011
:10580000514699E7B5F5803FC0F09080B5F1807FB3
:10581000C0F01E811822082448F6E05330FA02F145
:10582000C0F600035A5CB4EB020A40F092805E4579
:105830008CBF00230123B84238BF43F00103002B83
:105840003FF478AF0120514676E7404261EB4101D9
:10585000002B4FF0FF360196BFF607AF019CE443E3
:105860000194544263EB4305FFE6B6F5807F48F6AA
:10587000E05334BF0022082234BF20201820C0F695
:10588000000336FA02F15A5CB0EB020A3FF47BAF38
:1058900006FA0AF6CAF1200337FA03F407FA0AF205
:1058A000370C204639462BFA03F313430393FFF7D3
:1058B000C9F94FEA064839464FEA1848029008FBF2
:1058C00000F52046FFF7FAF9039A130C43EA014466
:1058D000A54209D9029B013BA419029304D2A54217
:1058E00002D9A419591E0291641B39462046FFF7BC
:1058F000A9F9394608FB00F905462046FFF7DEF90D
:10590000039A13041B0C43EA0140814506D9013D6B
:10591000801903D2814501D9013D8019029B0BFA00
:105920000AFBC9EB000445EA034A34E7B5F5807F7A
:1059300048F6E05334BF0022082234BF2024182444
:10594000C0F6000330FA02F15A5CB4EB020A3FF4ED
:105950006EAFCAF1200200FA0AF136FA02F337FA02
:1059600002F443EA010807FA0AF320462BFA02F28E
:105970004FEA18471A43394606FA0AF60592049682
:10598000FFF760F94FEA08463946360C814606FBB8
:1059900000F52046FFF792F9059C230C43EA0144E9
:1059A000A54204D914EB080409F1FF395CD3641B48
:1059B00039462046FFF746F9394606FB00F605460C
:1059C0002046FFF77BF9059A13041B0C43EA0140BC
:1059D000864207D9013D10EB080003D2864201D967
:1059E000013D4044841B45EA0946049D3204300CC5
:1059F0002B04120C290C1B0C01FB00F503FB02F716
:105A000003FB00F301FB023202EB1740834288BF25
:105A100005F5803505EB10439C420DD3BBB214BF96
:105A2000002101210BFA0AF203EB00439A422CBF3A
:105A3000002201F00102A2B1701E00217CE6B4F543
:105A4000807F34BF0022082234BF202018201EE6A9
:105A500010221446E0E61022104618E610221046E6
:105A600086E63046114667E6A54284BF09F1FF3954
:105A700044449CE72DE9F04F0E461C4685B0114684
:105A8000154683463746002C5ED1B2427ED9B2F528
:105A9000803FC0F0C681B2F1807FC0F0D181182272
:105AA000082048F6E05335FA02F1C0F600035A5CCC
:105AB000B0EB020E0BD0CEF1200306FA0EF22BFA59
:105AC00003F305FA0EF543EA02070BFA0EFB4FEA61
:105AD0001549384649464FEA0548FFF7B3F84946A5
:105AE0004FEA1848824608FB00F63846FFF7E6F80A
:105AF0004FEA1B4343EA0144A64208D964190AF15C
:105B0000FF3A04D2A64284BF0AF1FF3A6419A41BEB
:105B100049462046FFF796F8494608FB00F7064637
:105B20002046FFF7CBF84FEA0B431B0C43EA014238
:105B3000974205D9013E531902D29F4288BF013EC8
:105B400046EA0A4400227CE0B44278D8B4F5803FAB
:105B50007CD3B4F1807FC0F06D811822082048F614
:105B6000E05334FA02F1C0F600035A5CB0EB020ACB
:105B70007ED15D458CBF00230123B44238BF43F082
:105B80000103002B5BD0012452465AE01AB90120D0
:105B9000FFF758F80546B5F5803FC0F0E180B5F154
:105BA000807FC0F04A811822082048F6E05335FA79
:105BB00002F1C0F600035A5CB0EB020A40F0E38049
:105BC0004FEA0548741B2F0C4FF0010A4FEA1848A2
:105BD00020463946FFF736F8394608FB00F681467D
:105BE0002046FFF76BF84FEA1B4343EA0144A64205
:105BF00008D9641909F1FF3904D2A64284BF09F11A
:105C0000FF396419A41B39462046FFF71BF83946B3
:105C100008FB00F806462046FFF750F84FEA0B4312
:105C20001B0C43EA0142904505D9013E531902D2AB
:105C3000984588BF013E46EA0944524601E00024E7
:105C400022462046114605B0BDE8F08FB4F5807FAE
:105C500048F6E05334BF0022082234BF2020182029
:105C6000C0F6000334FA02F15A5CB0EB020A80D0AD
:105C7000CAF1200204FA0AF135FA02F336FA02F404
:105C800043EA0108204606FA0AF32BFA02F24FEA29
:105C900018471A433946039205FA0AF50295FEF7AA
:105CA000D1FF4FEA08463946360C814606FB00F51F
:105CB0002046FFF703F8039A130C43EA0144A54278
:105CC00005D914EB080409F1FF39C0F0BC80641B4E
:105CD00039462046FEF7B6FF394606FB00F6054674
:105CE0002046FEF7EBFF039A13041B0C43EA014026
:105CF000864207D9013D10EB080003D2864201D944
:105D0000013D4044841B45EA0946029D3204300CA3
:105D10002B04120C290C1B0C01FB00F503FB02F7F2
:105D200003FB00F301FB023202EB1740834288BF02
:105D300005F5803505EB10439C420ED3BBB214BF72
:105D4000002101210BFA0AF203EB00439A422CBF17
:105D5000002001F0010000287BD0741E002270E7B3
:105D6000B5F5807F48F6E05334BF0022082234BFE7
:105D700020201820C0F6000335FA02F15A5CB0EB7F
:105D8000020A3FF41DAF05FA0AF5CAF1200336FAFC
:105D900003F406FA0AF22F0C204639462BFA03F3D5
:105DA00013430193FEF74EFF4FEA054839464FEA89
:105DB0001848009008FB00F62046FEF77FFF019A86
:105DC000130C43EA0144A64209D9009B013B641924
:105DD000009304D2A64202D96419591E0091A41B53
:105DE00039462046FEF72EFF394608FB00F90646E5
:105DF0002046FEF763FF019A13041B0C43EA01409F
:105E0000814506D9013E401903D2814501D9013EA1
:105E10004019009B0BFA0AFBC9EB000446EA034A4F
:105E2000D6E6B2F5807F34BF0022082234BF20209E
:105E3000182036E61022104691E610221046B4E6ED
:105E4000102210462DE6A54284BF09F1FF394444D3
:105E50003DE734460246F4E6062000F02DF8012026
:105E600002F0D2FD1F2970B504460D461FD8426CC2
:105E7000A2B152F821308BB1012B0DD0B3F1FF3F0D
:105E800006D00024084642F821409847204670BDBD
:105E9000173303600120FAE70020F8E7204600F0FE
:105EA00089F82A460146204600F088F8EFE71623D5
:105EB00003604FF0FF30EAE740F200130146C2F200
:105EC000000310B51868FFF7CDFF10BD70B5456C25
:105ED00004460DB1002070BD8021FDF7C1FA606459
:105EE00030B12B462A46C2500433802BFBD1F1E758
:105EF0000138F0E740F20013C2F2000310B5186851
:105F0000FFF7E4FF10BDC0461F2970B504460D46DB
:105F100011D8426CC2B1AB00D11852F825307BB118
:105F2000B3F1FF3F0ED0012B08D0002428460C60AF
:105F30009847204670BD4FF0FF30FBE70320F9E79C
:105F40000120F7E70220F5E7FFF7C0FF0028F2D1B4
:105F5000626CE0E740F200130146C2F2000310B5A4
:105F60001868FFF7D1FF10BD1F2970B505460C4614
:105F7000164606D8436C4BB153F8240043F824600E
:105F800070BD162303604FF0FF30F9E7FFF79EFF67
:105F900008B96B6CF0E74FF0FF30F1E70A4640F2CA
:105FA0000011C2F20001034610B508681946FFF758
:105FB000DBFF10BD10B502F033FD10BD70B540F22F
:105FC000B464C2F20004054608461146002323606B
:105FD00002F01CFDB0F1FF3F00D070BD2368002B24
:105FE000FBD02B60F9E7C046064901230B60064B46
:105FF000002008601860054B4FF4E0521A800A60D8
:106000007047C046405C0040445C0040AC06002045
:1060100010B5064C4FF6FB73226802EA03032360B7
:1060200000F0B4F94FF43F43236010BD405C0040E2
:10603000072818BF1F4B10B51E4C18BF18702378C7
:10604000052B33D8DFE803F003060A0E1621FFF70D
:10605000DFFF2BE0FFF7DCFF042328E0022363705F
:10606000013324E06378013BDBB263706378FBB9F2
:10607000042218E0104A13689BB243F01003136027
:1060800005232370DB18637012E06378013BDBB2F9
:106090006370637863B908494FF6EF730A6802EAE0
:1060A00003030B600622034B1A7001E006232370E2
:1060B00010BDC04654060020405C0040074B10B5A0
:1060C0001A6892B242F008021A601A6892B242F05C
:1060D00004021A6000F07EF910BDC046405C00402A
:1060E00003460A4610B502481946FAF711F8FEE7CA
:1060F000E08E0008014610B50148FAF709F810BD16
:10610000458F0008124B10B5196804331868043322
:106110001C68D9B10F4AC1F307231371C1F30743B8
:1061200093710B0E1372C0F307231373C0F307436D
:106130009373030E1374C4F307231375C4F3074357
:106140009375230E917090729474137610BDC046AF
:10615000E8F7FF1F0100002082B00190019A044B74
:106160001A60034B1B68002BFBD102B07047C0467E
:106170000806002010B56420FFF7EEFF10BDC046F2
:1061800010B54FF47A70FFF7E7FF10BD034A1368AC
:1061900013B11368013B13607047C0460806002026
:1061A00070B505462846202101F062FD0028F9D08F
:1061B000284601F0AFFDC4B22146284601F0CCFDCF
:1061C0002846802101F054FD0028F9D00D2C14BF81
:1061D00020460A2070BDC0460A2810B504460CD1DE
:1061E0000C480D2101F0B8FD0A48802101F040FD66
:1061F0000028F9D007480A2101E00648E1B201F081
:10620000ABFD0448802101F033FD0028F9D0204681
:1062100010BDC046003801402DE9774100200146FD
:1062200002F03EF8012500244FF00C086846009566
:106230008DF804408DF805808DF8065001F0D0FFF0
:106240002946204602F02CF80223684600938DF878
:1062500004408DF805808DF8065001F0C1FF4FF421
:10626000802001F063FF4FF48023009368460823E9
:106270006E468DF805308DF8065001F0B1FFBDE88F
:106280007E81C0462DE977411F4E01AD4FF400736A
:106290004FF00308ADF804303046182329468DF836
:1062A000073004248DF8068002F06CF94FF4806307
:1062B00030462946ADF804308DF8074002F062F907
:1062C00030462946ADF804808DF8074002F05AF9AF
:1062D0004FF44873ADF80430294610230B488DF86D
:1062E00007308DF8068002F04DF94FF48073ADF859
:1062F00004303046142329468DF806808DF8073087
:1063000002F040F9BDE87E8100080140000C014028
:1063100010B528B105484FF4807102F079F804E017
:1063200002484FF4807102F0A3F810BD000801404C
:1063300073B54FF4A06001AD01F090FE002401267A
:10634000142328468DF804308DF805608DF806403A
:106350008DF8076001F03AFE2A2328468DF80430B4
:106360008DF805408DF806408DF8076001F02EFE8F
:106370000B2328468DF804308DF805408DF8064033
:106380008DF8076001F022FE7CBDC04610B54FF4C9
:10639000803002F0D5FA02F015FA012002F0C0FABE
:1063A000392002F0DBF90028FAD0022002F0A2FA2C
:1063B00002F080F90828FBD1044B054A9B7A0BB107
:1063C000052300E00123136010BDC04688060020AD
:1063D00004060020044B0322012010B51A60014678
:1063E00002F0DCFA10BDC04604060020002010B503
:1063F00002F070FA4FF40000012102F0F9F910BD2B
:1064000073B500214FF0006001F0BEFD01AE4FF406
:10641000E06001F023FE00250623012430468DF8BC
:1064200004308DF805508DF806508DF8074001F0C6
:10643000CDFD072330468DF804308DF805508DF8DA
:1064400006408DF8074001F0C1FD7CBD10B500F09D
:1064500011FD0420012102F0F1F90820012102F0D0
:10646000EDF91020012102F0E9F92020012102F0CC
:10647000E5F901214FF4804002F0E0F901200146E6
:1064800002F0DCF90120014602F0FEF910BDC04621
:106490001FB50D4C4FF4E1330093A3F5E133ADF894
:1064A0000430ADF80630ADF80830ADF80C302046B9
:1064B0004FF00C036946ADF80A3001F0ADFC204600
:1064C000012101F075FC1FBD0038014010B500F03E
:1064D00041F80024FFF74EFE04F00103013413B924
:1064E00000F040F801E000F019F801210A4801F03D
:1064F000EFFF012802D100F047F801E000F020F89A
:106500000221054801F0E4FF012802D100F034F82F
:10651000E0E700F00DF8DDE70008014010B50348A2
:106520004FF4807101F0A4FF10BDC046000C014083
:1065300010B50248202101F09BFF10BD000C014066
:1065400010B503484FF4007101F092FF10BDC04632
:10655000000C014010B5FFF7F3FFFFF7E9FFFFF76D
:10656000DDFF10BD10B503484FF4807101F050FFFE
:1065700010BDC046000C014010B50248202101F0BA
:1065800047FF10BD000C014010B503484FF40071E7
:1065900001F03EFF10BDC046000C014010B504469E
:1065A00018E0FFF7CDFFFFF7E7FFFFF7DBFFFFF78F
:1065B000E7FDFFF7E9FFFFF7BBFFFFF7D3FFFFF7AB
:1065C000DFFDFFF7E1FFFFF7D7FFFFF7A7FFFFF7BB
:1065D000D7FD013C002CE4D110BDC04610B5FFF73B
:1065E000D3FFFFF7C9FFFFF7BDFF10BD10B5FFF7E1
:1065F000F5FFFFF7C5FDFFF7ADFFFFF7C1FD032076
:10660000FFF7CCFF10BDC04610B5FFF791FEFFF7B6
:10661000EDFE01F027FA10BD10B50C4C0C48FFF749
:1066200069FD21680B48F9F773FD61680A48F9F7BD
:106630006FFDA1680948F9F76BFDE1680848F9F7B3
:1066400067FD21690748F9F763FD10BD5806002072
:10665000A08A00084D8F0008648F0008798F000819
:106660008F8F0008A58F000870B53B4CFFF7EEFE3A
:10667000204602F027F8FFF7C3FEFFF703FEFFF7FF
:10668000CBFDFFF705FF23684FF47A72B3FBF2F3FB
:1066900023F07F43314A013B5360314B6FF00F01D0
:1066A00083F823100020072390601360FFF730FE6B
:1066B0004FF4FA70FFF750FD2A48F9F783FD2A4896
:1066C000F9F780FD2948F9F77DFD2948F9F77AFDAA
:1066D0002848F9F777FD2648F9F774FD2648F9F7B9
:1066E00071FD2648F9F76EFD2548F9F76BFD254841
:1066F000F9F768FD1E48F9F765FD2348F9F762FDD3
:106700002248FFF74DFD05462148F9F75BFD6BB2C6
:10671000303B042B1CD8DFE803F00306090C0F0004
:10672000FFF77AFF14E0FFF761FF11E0FFF7CEFEFD
:106730000EE000F073F80BE0164B01241C70FFF71D
:1067400063FF4FF4FA70FFF707FD2046FFF7E0FD07
:10675000782DB1D1002070BD5806002010E000E077
:1067600000ED00E0BC8F0008D38F0008EB8F00081D
:10677000BD8F0008FA8F0008109000081C900008D8
:10678000289000083A9000084A900008003801401C
:106790005390000814060020024A536943F48073A2
:1067A0005361704700100140024B5A691043586111
:1067B0007047C04600100140024B1A69104318612F
:1067C0007047C0460010014010B5FF20FFF7F4FFEE
:1067D00010BDC04610B50446FFF7F6FF092C1BD8C4
:1067E000DFE804F00507090B0D0F111315173F2003
:1067F00010E006200EE09B200CE08F200AE0A6208F
:1068000008E0AD2006E0BD2004E0272002E0BF2024
:1068100000E0AF20FFF7C8FF10BDC04613B5274802
:10682000F9F7D0FC264A01A99369264843F01003E2
:10683000936140F2FF131024ADF8043003238DF868
:1068400006308DF8074001F09DFEFFF7A5FFFFF72A
:1068500097FCFFF7B9FF0120FFF7A6FFFFF790FCB9
:106860000220FFF7A1FFFFF78BFC0420FFF79CFF3E
:10687000FFF786FC0820FFF797FFFFF781FC204613
:10688000FFF792FFFFF77CFC2020FFF78DFFFFF75B
:1068900077FC8020FFF788FFFFF772FC4020FFF7AE
:1068A00083FFFFF76DFC002420460134FFF792FFC1
:1068B000FFF766FC0A2CF7D11CBDC04661900008AA
:1068C00000100240001001407047C046FEE7C0467D
:1068D000FEE7C046FEE7C046FEE7C0467047C0463A
:1068E0007047C0467047C0467047C0467047C046B4
:1068F0007047C0467047C0467047C0467047C046A4
:106900007047C0467047C0467047C0467047C04693
:106910007047C0467047C0467047C0467047C04683
:106920007047C0467047C0467047C0467047C04673
:106930007047C0467047C0467047C0467047C04663
:106940007047C0467047C0467047C0467047C04653
:106950007047C0467047C0467047C0467047C04643
:106960007047C0467047C0467047C0467047C04633
:106970007047C0467047C0467047C0467047C04623
:1069800010B54FF4802001F0D1FB10BD10B500F020
:10699000CDF810BD70B50F480F4D072303700F4C95
:1069A0002B681A092368A2EB1313042B0ED942702B
:1069B0004FF48071022201F02FF90120022100F032
:1069C000C1FB012000F036FB2B682360022001F0A0
:1069D0008DFB70BD6C0600200C0600201006002008
:1069E00010B5022001F0B4FB10B31248F9F7EAFB2E
:1069F000114B1978012918D11048114A0623037048
:106A000013781BB100231370417001E011704370C3
:106A10000A484FF48071022201F0FEF801200221A1
:106A200000F090FB012000F005FB022001F07EFB4E
:106A300010BDC04674900008140600206C060020AB
:106A40001506002010B5012001F082FB10B312489A
:106A5000F9F7B8FB114B1978012918D11048114AE0
:106A60000523037053781BB100235370417001E07C
:106A7000517043700A484FF48071022201F0CCF843
:106A80000120022100F05EFB012000F0D3FA01207A
:106A900001F04CFB10BDC0468C900008140600208D
:106AA0006C0600201506002010B5FFF76FFB10BD27
:106AB00010B50248FFF71EFB10BDC046DA8B000878
:106AC00010B5174C1748FFF715FB02224FF48271DF
:106AD000204601F0BBF863782178D3F1010238BF7A
:106AE0000022022907D003290AD001290CD10E481F
:106AF0004FF4007101E00C48202101F027FC08E070
:106B000009484FF48071F8E707484FF6DF4101F07C
:106B1000F3FB01204FF4405100F076FA10BDC0465F
:106B20006E060020EA8B0008000C01403649374A07
:106B30000B6810B59BB21380354B12881B8813402D
:106B400013F4806F05D04FF6FF330B60314B5B6859
:106B500098472E4B2E4A1B88118801EA030313F431
:106B6000005F03D0284B4DF6FF721A60274B1B883D
:106B700001EA030313F4805F06D0234B4EF6FF7245
:106B80001A600020FFF754FA204B1A88204B1B880C
:106B9000134013F4006F0CD01F4B1B7813B1FFF799
:106BA0008DFA02E00220FFF743FA174B4FF2FF7213
:106BB0001A60164B164A1B88118801EA030313F466
:106BC000007F08D0104B4FF6FF521A60134A13781B
:106BD0000133DBB213700D4B1B8801EA030313F47E
:106BE000807F06D0084B4FF6FF621A600720FFF740
:106BF0001FFA064B1A88064B1B88134013F4004FEC
:106C000001D000F04BFF10BD445C00407006002036
:106C1000AC06002094000020000000201706002091
:106C2000014B04221A607047040600207047C046DA
:106C30007047C046062810B511D1144B1A68137856
:106C400003F07F03012B0AD1537943B99378222BA8
:106C500001D10F4A0DE0212B15D10E4A09E00B4B53
:106C60001B681B7803F07F03212B0CD103280AD16A
:106C7000094A064B4FF000011B6800209A615982B7
:106C80009047002000E0022010BDC046A80600206A
:106C90000D6D0008FD6C0008E16C000801B900B141
:106CA00002207047034B00201B68DA78024B1A6001
:106CB0007047C046A80600207406002010B5074B98
:106CC0001B681B7803F07F03212B04D10B2802D112
:106CD000FFF7E8FF00E0022010BDC046A806002034
:106CE00028B9044B4FF001011B68198200E00248EB
:106CF0007047C046A80600207406002010B502495F
:106D000000F072FB10BDC0465400002010B50249CF
:106D100000F06AFB10BDC0465C00002010B5064BB9
:106D20001B68DB78042B01D9002004E0034901EB48
:106D3000C30100F059FB10BDA8060020640000202C
:106D400010B5024900F050FB10BDC0468400002081
:106D500010B5024900F048FB10BDC0468C00002071
:106D600010B5064B1B689B7A33B1054B05221A60A0
:106D70000448012101F092F910BDC046A806002088
:106D80000406002000240140274B10B51A68274B49
:106D90000024DB799472D4725372204600F006F915
:106DA00020464FF4007100F00BF92046102100F04E
:106DB00015F92046182100F099F95821204600F0D5
:106DC00085F9204600F052F9194B204693F86C10D3
:106DD00000F0C6F9204600F03BF901204FF4C061F5
:106DE00000F0EEF801204FF4807100F06FF90120FF
:106DF0004FF4827100F07AF90120022100F0A2F92B
:106E00000120022100F0ACF901204FF4405100F0C4
:106E1000FBF80120202100F0E1F8064B01221A6066
:106E2000204600F0F1FA10BDA8060020C58A00082F
:106E3000540000200406002010B5FFF763F9084B4A
:106E400000241B689C72FFF7CFF8064B4FF43F42BB
:106E50001C60054B1A80054B1A60054B1C6010BD69
:106E6000A8060020445C0040AC060020405C0040C6
:106E7000040600203A4A82B0136843F0010313600D
:106E80005168384B01EA03035360136823F084739D
:106E900023F480331360136823F480231360536852
:106EA00023F4FE0353604FF41F039360A3F51F0305
:106EB00001930093136843F480331360284B1B68DD
:106EC00003F400330093019B01330193009B1BB932
:106ED000019BB3F5A06FF1D1214B1B6813F4003374
:106EE00018BF01230093009B012B36D11E4A136863
:106EF00043F010031360136823F003031360136857
:106F000043F002031360A2F5805253685360536844
:106F10005360536843F480635360536823F47C13D5
:106F20005360536843F488135360136843F08073CD
:106F300013600B4A136813F0007FFAD0536823F0F4
:106F400003035360536843F002035360044B5B68D0
:106F500003F00C03082BF9D100E0FEE702B0704704
:106F6000001002400000FFF800200240002103E072
:106F7000094B5B58435004310848094B42189A4268
:106F8000F6D3084A02E0002342F8043B064B9A423B
:106F9000F9D3FFF769FB7047B493000800000020A5
:106FA0000406002004060020B80600204FF6F873FF
:106FB000024A00EA030313607047C046505C004079
:106FC00010B5054C48F68F1354F8202002EA03034D
:106FD0000B4344F8203010BD005C0040800000F1FD
:106FE000804000F5B840036848F6BF7203EA020229
:106FF00011F0100F18BF82F0100211F0200F18BF0F
:1070000082F0200202607047800000F1804000F5AD
:10701000B84003684BF68F7203EA020211F4805FF6
:1070200018BF82F4805211F4005F18BF82F400523E
:1070300002607047054948F6BF7351F8202002EA04
:10704000030383F0300341F820307047005C0040B8
:1070500005494BF68F7351F8202002EA030383F4AD
:10706000405341F820307047005C0040044948F626
:107070008F6351F8202002EA030341F82030704763
:10708000005C0040800000F1804000F5B8400368DB
:1070900013F4804F07D0026848F68F7302EA0303A7
:1070A00043F4804303607047800000F1804000F5A6
:1070B000B840036813F0400F07D0026848F68F739A
:1070C00002EA030343F0400303607047064B49089C
:1070D0001B6849009BB203EBC00303F1005303F5A7
:1070E00040535B0019607047505C0040054B064AF6
:1070F0001B6849089BB203EBC0039A185200490071
:1071000011607047505C004004300020054B1B6844
:107110009BB203EBC00303F1005303F540535B0044
:1071200018887047505C0040044B1A68044B92B2B8
:1071300002EBC002D3185B0018887047505C004017
:1071400004300020044B1A68044B92B202EBC002D8
:10715000D3185B0019607047505C0040023000207B
:107160000D4B1A680D4B92B2D31803EBC0035A00B3
:107170003E2909D94B0911F01F0F01D1013B9BB2E8
:107180009B0243F4004305E04B0811F0010F18BFC8
:1071900001339B0213607047505C004006300020B2
:1071A000C3B2000A40EA03207047C04610B5074C3E
:1071B00020B923684FF00101198206E0044B1B68D7
:1071C0001B689847236803F10A0010BDA806002039
:1071D000A406002010B50A4B1A680A4BD1785B78D8
:1071E0008B420AD3937843B9948834B9064B917291
:1071F0001B685B689847204600E0022010BDC0462F
:10720000A8060020C4000020A406002010B5074CEA
:1072100020B923684FF00101198206E0044B1B6876
:107220009B689847236803F10C0010BDA806002056
:10723000A406002070B50E4B0E4D1B682A689B6992
:107240005079D17898472A68937A7BB170B91379CD
:1072500063B9947854B9084B1B68DB6898472B686E
:1072600020465A79DA72DA781A7300E0022070BD8B
:1072700080060020A8060020A406002010B5274B99
:1072800020B91B684FF00201198246E024484FF0F4
:10729000000202801A68137813F07F0313D1527A28
:1072A00012F0200F03D0037843F00203037012F0B2
:1072B000400F1B4A15BF1378137823F0010343F0E6
:1072C0000103137024E0012B27D0022B01D00020F2
:1072D00023E0537903F00F0213F0800F4FEA82028C
:1072E00008D002F1804303F5B8431B6803F0300374
:1072F000102B08E002F1804303F5B8431B6803F448
:107300004053B3F5805F03D1037843F0010303706A
:10731000044B1B681B699847014810BDA806002054
:1073200078060020A406002010B5234B1A68507977
:1073300020F0800110F0800F4FEA810307D003F1A5
:10734000804303F5B8431B6803F0300406E003F103
:10735000804303F5B8431B6803F44054174B1B7874
:10736000994227D253882BBB24B3937A13B310F0DE
:10737000800F4FEA81030BD003F1804303F5B8433C
:10738000196848F6BF7201EA020282F010020AE0B0
:1073900003F1804303F5B84319684BF68F7201EA95
:1073A000020282F480521A60054B1B689B69984761
:1073B000002000E0022010BDA8060020C40000202C
:1073C000A406002010B5064B1A68537A43F0200338
:1073D0005372044B1B68DB699847002010BDC04600
:1073E000A8060020A4060020064B10B51A680C461B
:1073F000518A18B9A3885B1A138201E023685818D0
:1074000010BDC046A806002030B50E4B05461C78BE
:107410004FF0000C0FE05FFA8CF0820002F1804226
:1074200002F5B842116848F68F7301EA030303437B
:1074300013600CF1010CA445EDD3034B45F0800221
:107440001A6030BDC40000204C5C00407047C0464C
:1074500010B50C4B002093F82C10FFF781FE0A4B5F
:107460001B68187A082807D1084B4FF480521A80FD
:10747000074B4FF010021A80092814BF002001208A
:1074800010BDC04694000020A8060020AE060020D3
:10749000B006002070B52D4B1E68337A032B01D047
:1074A000052B46D1B269338AAAB1A3B1B48A9C42F2
:1074B00028BF1C4620469047338A05461B1B338253
:1074C000738A0020E3187382FFF72EFE22460146DE
:1074D000284600F0BBFB338A5BB11D4B4FF4405292
:1074E00000201A800146FFF72DFE1A4B4FF03002A4
:1074F0001A80318AB38A8B4203D8144B1A6803234B
:1075000003E0124A19B11268052313720DE01268E4
:1075100006231372104B1A68104B92B2D3185B00FB
:1075200019600C4B4FF030021A80084B1B681A7A16
:1075300006E0072B03D10A4B1B68DB68984708223B
:10754000024B1B681A72FFF783FF70BDA80600206C
:10755000AE060020B0060020505C00400230002043
:1075600080060020254B2DE9F0411E68318A307AD3
:10757000C1B9042816D1224D224C2B78012B0CD1F5
:10758000214B29701A68214B92B2D3185B004FF03F
:1075900030021960228007462AE04FF01003238052
:1075A000072725E0B48AB369A14294BF04270227C4
:1075B0008C4228BF0C462046984705460020FFF71E
:1075C000A5FD22460146284600F026FB2146002064
:1075D000FFF7B8FD338A4FF030021B1B3382738AEA
:1075E000E418084B74821A80094B4FF440521A80F9
:1075F000024B1B681F72BDE8F081C046A806002040
:1076000018060020B0060020505C00400230002028
:10761000AE06002010B5144B1A68137A022B01D065
:10762000042B05D1FFF79EFF0F4B1B681A7A14E05D
:10763000062B11D15378052B0AD1137813F07F0F45
:1076400006D1D078FFF7E0FE084B1B681B6A98470D
:10765000074B1B689B6898470822034B1B681A72EC
:10766000FFF7F6FE10BDC046A8060020A4060020C5
:107670008006002010B5364B19680B7813F07F0098
:1076800004D14B7A23F020034B7260E002285DD1D5
:107690004B88002B5AD10B79002B57D14C7924F011
:1076A000800014F0800F4FEA800207D002F180437F
:1076B00003F5B8431B6803F0300206E002F1804393
:1076C00003F5B8431B6803F44052224B1B789842E1
:1076D0003CD2002A3AD08B7A002B37D014F0800F9E
:1076E0004FEA800211D002F1804303F5B8431B68D2
:1076F00003F03003102B23D1C4B22046FFF7D4FC93
:1077000020463021FFF76AFC1AE002F1804404F5BC
:10771000B844236803F44053B3F5805F10D128B90F
:107720000D4B93F82C10FFF71BFD01E0FFF7AAFCAF
:1077300022684BF68F7302EA030383F440532360FD
:10774000064B1B685B699847002000E0022010BDD3
:10775000A8060020C400002094000020A4060020F9
:10776000874BF7B51A68874F874B92B2D3183D689D
:107770005B001C682B7A092B17D0A4B204F10054CB
:1077800004F540546400237804F10A062B706378F2
:107790006B70A088FFF704FD688020893D68FFF7C3
:1077A000FFFCA8803B687688DE80764D01232A683E
:1077B000D18813725478002962D1137813F07F03B3
:1077C0002ED1092C02D1FFF705FD3BE0052C0DD190
:1077D00092F90330002B4EDB9378002B4BD193882A
:1077E000002B48D1937A002B37D044E0032C0BD1E7
:1077F000D378012B27D193882BBB537A13F0200F1A
:1078000021D0FFF7DFFD1DE0012C1CD1D378012B27
:1078100019D19388BBB9537A13F0200F13D00AE023
:10782000012B04D10B2C0ED1FFF704FD0AE0022B33
:1078300009D1012C02D1FFF71DFF03E0032C02D177
:10784000FFF772FD48B1514B20461B685B699847B2
:10785000032801D109220FE068B9494B4FF03001EC
:107860001A684B4B92B2D3185B0000221A60494B46
:107870000632198000E00822424B1B681A72E6E0CB
:10788000062C18D1137813F07F0F40F0988093786E
:10789000012B03D13D4B1B68DA6985E0022B03D134
:1078A0003A4B1B681A6A7FE0032B40F08880374B05
:1078B0001B685A6A78E0002C41D15388002B7ED196
:1078C00002297CD11179002979D1137813F07F0333
:1078D00003D19388002B72D12FE0012B0BD12B4BBE
:1078E00050791B689B699847002868D12B689B7A60
:1078F000002B64D021E0022B61D1527902F00F00FD
:1079000012F0800F4FEA800307D003F1804303F5A4
:10791000B8431B6803F0300106E003F1804303F530
:10792000B8431B6803F440511B4B1B78984246D266
:1079300012F0700F43D1002941D0184A35E0082CCD
:1079400005D1137813F07F0F39D1154A2DE00A2C99
:1079500035D1137803F07F03012B30D1937A002BBC
:107960002DD053885BBB13794BBB012927D1074B23
:1079700050791B6801399B69984700BB094A14E09C
:10798000505C0040A8060020043000208006002043
:1079900002300020B0060020C40000207D720008E4
:1079A000AD7100080D7200084AB12A4B4FF000017A
:1079B0001B68002059829A61904700200CE0264BFA
:1079C000244C1A682368126958789047032803D119
:1079D0002268092313723AE01E4B1C684FF6FF73AE
:1079E000218A994201D1092303E0022800D011B96C
:1079F000082323722BE094F90030002B21DAE2886F
:107A00000192019B994202D9019B238211E091428C
:107A10000FD2114B1B6893F82C20914201D2002207
:107A200005E091FBF2F302FB131313B901220B4B98
:107A30001A70094B1B6893F82C30A382FFF792FD54
:107A400005E003232372064B4FF440521A80FFF7E0
:107A5000FFFCFEBDA80600208006002018060020BE
:107A6000AE060020074A084B08491A60022310B5E9
:107A70001372074B074A1960074B1A600B68984747
:107A800010BDC04688060020A806002094000020F3
:107A900080060020C8000020A406002070B59FE0EA
:107AA00047F6FF7313600B88534803F00F0303700E
:107AB000002B69D1514C524D2368524A03F4405374
:107AC0002B80236803F03003138022684BF68F73FA
:107AD00002EA030383F400532360226848F6BF736D
:107AE00002EA030383F0200323600B8813F0100FD6
:107AF00004D023689BB213F0800F08D0236848F6A7
:107B00000F7203EA02022260FFF784FD16E013F40D
:107B1000006F08D0236840F68F7203EA02022260E9
:107B2000FFF71EFE0AE013F4004F59D0236840F619
:107B30008F7203EA02022260FFF7ACFC23684BF667
:107B40008F7103EA01012B8848F6BF7213F4805F3E
:107B500018BF81F4805113F4005F284B18BF81F4E3
:107B6000005119601B6803EA0202264B1B8813F0C0
:107B7000100F18BF82F0100213F0200F1F4B18BF18
:107B800082F020021A6035E09B0003F1804101F58C
:107B9000B8410B689CB214F4004F0BD00A6840F651
:107BA0008F7302EA03030B600378174A013B52F814
:107BB0002330984714F0800F12D00F4848F60F7307
:107BC0000278920002F1804202F5B842116801EA9F
:107BD0000303136003780D4A013B52F823309847A2
:107BE0000B4A0C4913689BB20B800B881BB2002B0D
:107BF000FFF656AF70BDC04684060020005C004012
:107C0000AE060020B0060020380000201C00002036
:107C1000445C00407006002001F1005101F5405124
:107C2000013210B54FF0000C4C0051080BE000EB96
:107C30000C035A7810F80C30013943EA022324F877
:107C40001C300CF1020C0029F1D110BD01F10051E2
:107C5000013201F5405110B549005208002304E0FB
:107C600031F81340013AC4520233002AF8D110BD52
:107C7000254B70B5984205460C4614D0A3F57443C5
:107C8000984210D003F5806398420CD003F58063CE
:107C9000984208D003F58063984204D01B4840F214
:107CA0001331FEF71DFA012C23D0802C21D0402C5B
:107CB0001FD0202C1DD0102C1BD0B4F5807F18D0E5
:107CC000B4F5007F1BD0082C13D0042C11D0022C4B
:107CD0000FD00E484FF4457109E00D4B9D4208D07E
:107CE00003F580639D4204D008484FF44671FEF7C7
:107CF000F7F92B881C420CBF0020012070BD024BFD
:107D00009D42EAD1F5E7C04600380140A390000843
:107D1000004400400E4B10B59842044614D0A3F521
:107D20007443984210D003F5806398420CD003F559
:107D30008063984208D003F58063984204D00548D8
:107D400040F24321FEF7CCF9A088C005C00D10BD5C
:107D500000380140A3900008134B70B598420446C8
:107D60000D4614D0A3F57443984210D003F58063F8
:107D700098420CD003F58063984208D003F58063E5
:107D8000984204D0094840F23221FEF7A9F9B5F52E
:107D9000007F04D3054840F23321FEF7A1F9EB053B
:107DA000DB0DA38070BDC04600380140A3900008E1
:107DB000174B70B5984204460D4614D0A3F5744392
:107DC000984210D003F5806398420CD003F580638D
:107DD000984208D003F58063984204D00D484FF4D0
:107DE000A171FEF77DF9012D04D90A4840F2431133
:107DF000FEF776F925B1A3899BB243F4005304E062
:107E0000A38923F400531B041B0CA38170BDC0463F
:107E100000380140A390000830B5584B87B0984215
:107E200004460D4613D0A3F5744398420FD003F5D2
:107E3000806398420BD003F58063984207D003F526
:107E40008063984203D04E48AD21FEF749F92B6874
:107E50004C4A013B934203D94948AE21FEF740F911
:107E6000AB8833B1B3F5805F03D04548AF21FEF74F
:107E700037F9EB8863B1B3F5805F09D0B3F5005FE4
:107E800006D0B3F5405F03D03D48B021FEF728F996
:107E90002B894BB1B3F5806F06D0B3F5C06F03D01B
:107EA0003748B121FEF71CF96A894FF6F37302EAED
:107EB000030303B91AB93248B221FEF711F9AB89AD
:107EC00063B1B3F5807F09D0B3F5007F06D0B3F579
:107ED000407F03D02A48B321FEF702F9AB8973B182
:107EE000264B9C420BD0A3F574439C4207D003F56C
:107EF00080639C4203D02248B721FEF7F1F8238A21
:107F0000EA8823F440531B041B0C13432382A289E9
:107F1000A9882B8922F4B0520B43698922F00C0204
:107F20000B431204120C9BB21343A381A38AAA89A8
:107F300023F440731B041B0C1343A38201A800F01D
:107F4000C1FB0E4B9C420CBF049B039B19225A435E
:107F50002B6864209B00B2FBF3F2B2FBF0F1090145
:107F60000B0900FB13231B013233B3FBF0F303F0C7
:107F70000F030B439BB2238107B030BD0038014093
:107F8000A39000081FAA4400B0F1005F70B504463A
:107F90000D4606D0B0F1006F03D009489D21FEF7D1
:107FA0009FF8084B9D4203D905489E21FEF798F89B
:107FB00025F0604323F07F03034A2343936070BDA1
:107FC000F5900008FEFF070000ED00E0C37810B553
:107FD000012B044603D91E487421FEF781F863780B
:107FE0000F2B03D91A487521FEF77AF8A3780F2BC7
:107FF00003D917487621FEF773F8E37894F800C0A8
:10800000D3B1144B6178DA68D243C2F30222C2F1D1
:10801000040399400F23D340A27813400B430E4A28
:108020001B01DBB2624482F800330CF01F02012313
:108030004FEA5C11934006E00CF01F0201239340CD
:108040004FEA5C112031044A42F8213010BDC0468D
:10805000F590000800ED00E000E100E0B0F5E06F11
:1080600010B504460FD0B0F5C06F0CD0B0F5A06FBE
:1080700009D0B0F5806F06D0B0F5407F03D0054839
:108080006221FEF72DF844F0BE63034A43F4202337
:10809000D36010BDF590000800ED00E0114B70B505
:1080A000984204460D460CD003F58063984208D0F0
:1080B00003F5A053984204D00B4840F2CB11FEF7D1
:1080C0000FF8012D04D908484FF4E671FEF708F8BF
:1080D0001DB1A36843F4A00302E0A36823F4A00346
:1080E000A36070BD002401403C91000810F0704F67
:1080F00010B5044604D0094B00EA03030BB905E0B0
:1081000020B907484FF4FD71FDF7EAFF14F0805FD6
:1081100014BF044B044B5C6010BDC0460000F0EF80
:108120008C9100080004024000000240030D1B0572
:1081300010B5044603B918B90348FB21FDF7D0FF79
:10814000024B5C6110BDC046DC9100080004014098
:10815000431E012B10B5044633D9042831D008281A
:108160002FD010282DD020282BD0402829D080288F
:1081700027D0B0F5807F24D0B0F5007F21D0B0F5B6
:10818000806F1ED0B0F5006F1BD0B0F5805F18D0A7
:10819000B0F5005F15D0B0F5804F12D0B0F5004FAC
:1081A0000FD0B0F5803F0CD0B0F5003F09D0B0F54E
:1081B000802F06D0B0F5002F03D00748E421FDF74B
:1081C0008FFF064B1A685B6914EA030003D0144260
:1081D0000CBF0020012010BDDC910008000401400C
:1081E000037970B505462BB1042B03D02A486921C9
:1081F000FDF776FF6B79082B07D00C2B05D0102BE1
:1082000003D025486A21FDF76BFF2A68130D1B0573
:1082100003B91AB920486B21FDF762FFAB79012B36
:1082200003D91D486C21FDF75BFFAB792C792868D9
:108230004BB31A49C2430B6802EA03030B604B6855
:108240001A404A6004F1804202F582321368034307
:1082500013602C688B68E24302EA03038B60CB68EF
:1082600068791A401028CA6006D18B6823438B6056
:10827000CB682343CB600EE000F1804202F58232EE
:108280001368234306E004F1804202F5823213684A
:1082900023EA0003136070BDDC9100080004014074
:1082A000062870B505460C4604D911484FF41171E3
:1082B000FDF716FF0F2C04D90D4840F24521FDF7BC
:1082C0000FFF04F0030292000F23934015FA02F20D
:1082D000A008084C023054F8201021EA030144F8A9
:1082E000201054F820301A4344F8202070BDC046B6
:1082F0002D92000800000140124B70B598420446D0
:108300000D461CD003F58063984218D003F58063B6
:10831000984214D003F58063984210D003F580632F
:1083200098420CD003F58063984208D003F580632F
:10833000984204D0044840F2A311FDF7D1FEE56055
:1083400070BDC046000801402D9200082E4B70B54C
:10835000984205460C4616461CD003F580639842A9
:1083600018D003F58063984214D003F580639842D7
:1083700010D003F5806398420CD003F580639842D7
:1083800008D003F58063984204D020484FF4C671AA
:10839000FDF7A6FE631E9BB2012B28D9042C26D024
:1083A000082C24D0102C22D0202C20D0402C1ED0E1
:1083B000802C1CD0B4F5807F19D0B4F5007F16D086
:1083C000B4F5806F13D0B4F5006F10D0B4F5805FB2
:1083D0000DD0B4F5005F0AD0B4F5804F07D0B4F5E6
:1083E000004F04D0094840F28D11FDF779FE012EAF
:1083F00004D906484FF4C771FDF772FE0EB12C6127
:1084000000E06C6170BDC046000801402D9200087C
:10841000154B70B5984204460D461CD003F5806399
:10842000984218D003F58063984214D003F5806316
:10843000984210D003F5806398420CD003F5806316
:10844000984208D003F58063984204D007484FF45F
:10845000BC71FDF745FE25B9044840F27911FDF7DE
:108460003FFE656170BDC046000801402D920008C6
:10847000154B70B5984204460D461CD003F5806339
:10848000984218D003F58063984214D003F58063B6
:10849000984210D003F5806398420CD003F58063B6
:1084A000984208D003F58063984204D007484FF4FF
:1084B000B471FDF715FE25B9044840F26911FDF7C6
:1084C0000FFE256170BDC046000801402D920008D6
:1084D0002A4B70B5984205460C461CD003F58063C4
:1084E000984218D003F58063984214D003F5806356
:1084F000984210D003F5806398420CD003F5806356
:10850000984208D003F58063984204D01C4840F29A
:108510001D11FDF7E5FD631E9BB2012B28D9042C2C
:1085200026D0082C24D0102C22D0202C20D0402C57
:108530001ED0802C1CD0B4F5807F19D0B4F5007FFC
:1085400016D0B4F5806F13D0B4F5006F10D0B4F529
:10855000805F0DD0B4F5005F0AD0B4F5804F07D02E
:10856000B4F5004F04D006484FF48F71FDF7B8FD05
:10857000AB681C420CBF0020012070BD0008014008
:108580002D920008494B2DE9F041984204460D46D2
:108590001BD003F58063984217D003F5806398429F
:1085A00013D003F5806398420FD003F5806398429F
:1085B0000BD003F58063984207D003F5806398429F
:1085C00003D03B48B121FDF78BFDEB788BB1042B39
:1085D0000FD0282B0DD0482B0BD0142B09D0102BEB
:1085E00007D01C2B05D0182B03D03148B221FDF742
:1085F00077FD2B881BB92E48B321FDF771FDEB7871
:1086000013F0100F03F00F070AD0AB78013BDBB279
:10861000022B03D92648BA21FDF762FDAB781F4330
:108620002B78EBB126680020012383402A8803EAD7
:108630000201994210D182000F23934017FA02F2EF
:1086400026EA030343EA0206EB78282B01D1616195
:1086500002E0482B08BF216101300828E4D12660E0
:108660002B88FF2B20D966680020012300F1080227
:1086700013FA02F12B8801EA03038B4210D1830025
:108680000F229A4017FA03F326EA020242EA03068F
:10869000EB78282BEB7808BF6161482B08BF21617C
:1086A00001300828E1D16660BDE8F0810008014092
:1086B0002D920008024B586800F00C007047C0462D
:1086C0000010024010B504461E48436803F00C0336
:1086D000042B02D0082B14D101E01B4B12E043689D
:1086E0004268C3F38343991C12F4803F01D1174BB6
:1086F00005E0436813F4003F14BF154B124B4B4386
:1087000000E0144B0F48236043681349C3F303137D
:10871000CB5C2268DA4062604368C3F30223CB5C1F
:1087200032FA03F3A3604368C3F3C223CB5CDA409D
:10873000E2604368C3F38133C9180B7CB2FBF3F2E8
:10874000226110BD00100240001BB70000093D006F
:10875000808D5B0000127A00EC000020212810B50B
:10876000044618D0312816D0392814D0412812D008
:10877000612810D07A280ED07B280CD07C280AD013
:108780007D2808D07E2806D07F2804D00B4840F2F0
:108790001D51FDF7A5FC6309012B02D1084B1B6895
:1087A00005E0022B0BBF064B054B1B6A5B6A04F00E
:1087B0001F0033FA00F000F0010010BD7E920008A7
:1087C0000010024007B5002301933120FFF7C6FFD8
:1087D000019B01330193019BB3F5A06F01D00028E9
:1087E000F3D03120FFF7BAFF003818BF01200EBDCB
:1087F0000F4B70B500EA030304460D4603B920B9D8
:108800000C4840F25541FDF76BFC012D04D9094895
:1088100040F25641FDF764FC25B1074AD36944EAAA
:10882000030303E0044AD36923EA0403D36170BD60
:10883000C03701C17E920008001002400F4B70B596
:1088400000EA030304460D4603B920B90C4840F280
:108850003741FDF745FC012D04D909484FF48761E4
:10886000FDF73EFC25B1074A936944EA030303E0A0
:10887000044A936923EA0403936170BD0200FFFF79
:108880007E9200080010024020F4AA6323F0070340
:1088900070B504460D4603B920B90C4840F21A41A0
:1088A000FDF71EFC012D04D9084840F21B41FDF7DD
:1088B00017FC25B1064A536944EA030303E0044A5E
:1088C000536923EA0403536170BDC0467E920008D9
:1088D00000100240012810B5044604D9034840F2B4
:1088E000D721FDF7FDFB024B1C6010BD7E920008F6
:1088F000D8004242022810B5044604D906484FF475
:108900000D71FDF7EDFB054A536823F0030344EABC
:108910000303536010BDC0467E9200080010024061
:10892000012810B5044604D903484FF4CA71FDF775
:10893000D7FB024B1C6010BD7E92000860004242D3
:1089400010B5044650B1B0F5803F07D0B0F5802F88
:1089500004D00F4840F21111FDF7C2FB0D4AB4F5E7
:10896000803F136823F480331360136823F480235B
:10897000136003D0B4F5802F08D103E0136843F4EB
:10898000803302E0136843F4A023136010BDC04697
:108990007E9200080010024030BF7047012870B579
:1089A00004460D4603D90F48D021FDF799FB6B1EF5
:1089B000DBB2012B03D90B48D121FDF791FB0A4A09
:1089C000012D136823F0030344EA03031360074AED
:1089D000136843F00403136002D1FFF7DDFF00E0EA
:1089E00020BF70BDCE9200080070004010ED00E086
:1089F0004FF000007047C0464FF000007047C0467F
:108A00004FF0FF307047C046FEE7C0464FF0FF30E2
:108A10007047C0464FF400534B604FF00000704762
:108A20004FF0FF307047C0464FF001007047C0461E
:108A300070B50D46161E09DD4FF0000415F9010B47
:108A4000FDF7CAFB04F10104B442F7D1304670BD12
:108A500010B540F25062C2F20002136823B940F22E
:108A6000B863C2F20003136040F25063C2F2000325
:108A70001A6810446B4698420BD94FF0010049F236
:108A8000A831C0F600014FF00802FFF7D1FFFDF753
:108A9000E3F940F25063C2F200031860104610BDC3
:108AA00053797374656D5F496E666F726D61746939
:108AB0006F6E001201000200000040830450570056
:108AC000020102030109022900010100C032090468
:108AD0000000020300000009211001000122A20091
:108AE0000705810302002007050103020020058C11
:108AF0000901A101850109011500250175089501EC
:108B0000B1828501090191828502090215002501C2
:108B100075089501B18285020902918285030903D6
:108B20001500250175089501B1828503090391821D
:108B3000850409041500250175089501B182850495
:108B400009049182850509051500250175018182B9
:108B500009057501B1827507818385057507B183A4
:108B60008506090615002501750181820906750132
:108B7000B1827507818385067507B183850709076B
:108B8000150026FF007508818285070907B182C09C
:108B9000040309042603530054004D0069006300D8
:108BA00072006F0065006C00650063007400720065
:108BB0006F006E00690063007300200353005400CF
:108BC0004D00330032002000430075007300740034
:108BD0006D0020004800490044004550315F494E77
:108BE0005F43616C6C6261636B004550315F4F5550
:108BF000545F43616C6C6261636B00202020202015
:108C00002020202020202020202020303030303014
:108C10003030303030303030303030000000000044
:108C20000000000000000000000000000000000044
:108C30000000000000000000000000000000000034
:108C40000000000000000000000000000000000024
:108C50000000000000000000000000000000000014
:108C60000000000000000000000000000000000004
:108C700000000000000000000000000004010020CF
:108C80009C93000898930008B0930008B0930008E4
:108C9000B0930008B0930008B0930008B0930008A8
:108CA000B0930008B0930008B0930008FFFFFFFFE7
:108CB000FFFFFFFF00000000000000000000F03F89
:108CC00000000000000024400000000000005940A7
:108CD0000000000000408F40000000000088C340FA
:108CE00000000000006AF8400000000080842E416F
:108CF00000000000D01263410000000084D79741BB
:108D00000000000065CDCD41000000205FA00242C0
:108D1000000000E876483742000000A2941A6D4235
:108D2000000040E59C30A2420000901EC4BCD64228
:108D300000003426F56B0C430080E03779C34143D3
:108D400000A0D8855734764300C84E676DC1AB4349
:108D5000003D9160E458E143408CB5781DAF154467
:108D600050EFE2D6E41A4B4492D54D06CFF0804442
:108D7000F64AE1C7022DB544B49DD9794378EA4457
:108D800005000000190000007D0000000000000048
:108D90000080E03779C34143176E05B5B5B89346F7
:108DA000F5F93FE9034F384D321D30F94877825AC3
:108DB0003CBF737FDD4F1575BC89D897B2D29C3C00
:108DC00033A7A8D523F649393DA7F444FD0FA532B2
:108DD0009D978CCF08BA5B25436FAC642806C80A00
:108DE0000001020203030303040404040404040452
:108DF0000505050505050505050505050505050523
:108E00000606060606060606060606060606060602
:108E100006060606060606060606060606060606F2
:108E200007070707070707070707070707070707D2
:108E300007070707070707070707070707070707C2
:108E400007070707070707070707070707070707B2
:108E500007070707070707070707070707070707A2
:108E60000808080808080808080808080808080882
:108E70000808080808080808080808080808080872
:108E80000808080808080808080808080808080862
:108E90000808080808080808080808080808080852
:108EA0000808080808080808080808080808080842
:108EB0000808080808080808080808080808080832
:108EC0000808080808080808080808080808080822
:108ED0000808080808080808080808080808080812
:108EE00057726F6E6720706172616D657465727321
:108EF0002076616C75653A2066696C652025732063
:108F00006F6E206C696E652025640D0A0021212199
:108F100020415353455254204641494C4544202159
:108F2000212120257328292025640A005B455252FF
:108F30004F525D20257328292025640A00257328B7
:108F40002920450A002573282920530A0053595324
:108F5000434C4B5F4672657175656E6379203D20A9
:108F600025640A0048434C4B5F4672657175656E17
:108F70006379203D2025640A0050434C4B315F4605
:108F800072657175656E6379203D2025640A005015
:108F9000434C4B325F4672657175656E6379203D57
:108FA0002025640A00414443434C4B5F467265717F
:108FB00075656E6379203D2025640A000A2D2D2DEC
:108FC0002D2D2D2D2D2D2D2D2D2D2D2D2D2D2D2DD1
:108FD0002D2D004D616E676F204D33322074657307
:108FE000742073746172742E2E2E00507265737328
:108FF000206D656E75206B657900303E2053797366
:1090000074656D20496E666F726D6174696F6E0074
:10901000313E204C4544205465737400323E204B51
:109020004559205465737400333E20372D536567CE
:109030006D656E74205465737400343E2055534240
:1090400020484944205465737400783E2071756946
:10905000740A002069732073656C65637465640A23
:1090600000536576656E5F5365676D656E745F541A
:109070006573740052696768742D555345522042D8
:109080007574746F6E205072657373004C656674EE
:109090002D574B555020427574746F6E2050726579
:1090A000737300443A5C576B506A742E5372635C5E
:1090B0004D53746F7279332E305C4C6962726172F9
:1090C0006965735C53544D3332463130785F537465
:1090D000645065726970685F4472697665725C732A
:1090E00072635C73746D3332663130785F757361AF
:1090F00072742E6300443A5C576B506A742E53723C
:10910000635C4D53746F7279332E305C4C696272BC
:1091100061726965735C53544D3332463130785F08
:109120005374645065726970685F447269766572E1
:109130005C7372635C6D6973632E6300443A5C57C1
:109140006B506A742E5372635C4D53746F72793333
:109150002E305C4C69627261726965735C53544D68
:109160003332463130785F53746450657269706889
:109170005F4472697665725C7372635C73746D339D
:1091800032663130785F6164632E6300443A5C5725
:109190006B506A742E5372635C4D53746F727933E3
:1091A0002E305C4C69627261726965735C53544D18
:1091B0003332463130785F53746450657269706839
:1091C0005F4472697665725C7372635C73746D334D
:1091D00032663130785F646D612E6300443A5C57CB
:1091E0006B506A742E5372635C4D53746F72793393
:1091F0002E305C4C69627261726965735C53544DC8
:109200003332463130785F537464506572697068E8
:109210005F4472697665725C7372635C73746D33FC
:1092200032663130785F657874692E6300443A5C49
:10923000576B506A742E5372635C4D53746F72791E
:10924000332E305C4C69627261726965735C535491
:109250004D3332463130785F5374645065726970B3
:10926000685F4472697665725C7372635C73746D77
:109270003332663130785F6770696F2E6300443A2D
:109280005C576B506A742E5372635C4D53746F72EB
:1092900079332E305C4C69627261726965735C531C
:1092A000544D3332463130785F537464506572697F
:1092B00070685F4472697665725C7372635C737424
:1092C0006D3332663130785F7263632E6300443AE7
:1092D0005C576B506A742E5372635C4D53746F729B
:1092E00079332E305C4C69627261726965735C53CC
:1092F000544D3332463130785F537464506572692F
:1093000070685F4472697665725C7372635C7374D3
:109310006D3332663130785F7077722E63000000F3
:109320000A000000303132333435363738394142A3
:109330004344454600000000696E6600494E460001
:109340006E616E004E414E00303132333435363767
:10935000383961626364656600000000286E756CD0
:109360006C29000062756720696E207666707269EC
:109370006E74663A20626164206261736500000069
:1093800030000000496E66696E6974790000000063
:109390004E614E00430000002E00000049534F2D47
:1093A000383835392D31000048265320636F6C0A58
:0493B00000000000B9
:1093B400011A03530054004D0033003200310030D1
:1093C400000000000000000000000000B16A000876
:1093D4004D7400084D7400084D7400084D74000865
:1093E4004D7400084D740008C16A00084D740008EB
:1093F4004D7400084D7400084D7400084D74000845
:109404004D740008D78A000809000000EE8A00089D
:10941400A2000000908B000804000000948B000858
:1094240026000000BA8B0008200000000100002084
:109434001A000000C58A000829000000B38A000849
:1094440012000000396E0008896D00082D6C0008B8
:10945400316C0008356C0008BD6C00089D6C000878
:10946400516D0008416D00081D6D000800000000EA
:1094740040000000020100004D740008616D000806
:109484004D7400084D7400084D7400084D740008B4
:109494004D7400084D740008216C000800000000A1
:1094A4000102030401020304060708090204060872
:1094B40004010020000000001C8C00083C8C000803
:1094C4005C8C0008000000000000000000000000A8
:1094D4000000000094930008000000000000000059
:1094E4000000000000000000000000000000000078
:1094F4000000000000000000000000000000000068
:109504000000000000000000000000000000000057
:109514000000000000000000000000000000000047
:109524000000000000000000000000000000000037
:109534000000000000000000000000000000000027
:109544000000000000000000000000000000000017
:109554000000000000000000000000000000000007
:1095640000000000000000000000000000000000F7
:1095740000000000000000000000000000000000E7
:1095840000000000000000000000000000000000D7
:1095940000000000000000000000000000000000C7
:1095A400000000000000000000000000F4010020A2
:1095B400F4010020FC010020FC0100200402002032
:1095C400040200200C0200200C02002014020020DF
:1095D400140200201C0200201C020020240200208F
:1095E400240200202C0200202C020020340200203F
:1095F400340200203C0200203C02002044020020EF
:10960400440200204C0200204C020020540200209E
:10961400540200205C0200205C020020640200204E
:10962400640200206C0200206C02002074020020FE
:10963400740200207C0200207C02002084020020AE
:10964400840200208C0200208C020020940200205E
:10965400940200209C0200209C020020A40200200E
:10966400A4020020AC020020AC020020B4020020BE
:10967400B4020020BC020020BC020020C40200206E
:10968400C4020020CC020020CC020020D40200201E
:10969400D4020020DC020020DC020020E4020020CE
:1096A400E4020020EC020020EC020020F40200207E
:1096B400F4020020FC020020FC020020040300202D
:1096C400040300200C0300200C03002014030020DA
:1096D400140300201C0300201C030020240300208A
:1096E400240300202C0300202C030020340300203A
:1096F400340300203C0300203C03002044030020EA
:10970400440300204C0300204C0300205403002099
:10971400540300205C0300205C0300206403002049
:10972400640300206C0300206C03002074030020F9
:10973400740300207C0300207C03002084030020A9
:10974400840300208C0300208C0300209403002059
:10975400940300209C0300209C030020A403002009
:10976400A4030020AC030020AC030020B4030020B9
:10977400B4030020BC030020BC030020C403002069
:10978400C4030020CC030020CC030020D403002019
:10979400D4030020DC030020DC030020E4030020C9
:1097A400E4030020EC030020EC030020F403002079
:1097B400F4030020FC030020FC0300200404002028
:1097C400040400200C0400200C04002014040020D5
:1097D400140400201C0400201C0400202404002085
:1097E400240400202C0400202C0400203404002035
:1097F400340400203C0400203C04002044040020E5
:10980400440400204C0400204C0400205404002094
:10981400540400205C0400205C0400206404002044
:10982400640400206C0400206C04002074040020F4
:10983400740400207C0400207C04002084040020A4
:10984400840400208C0400208C0400209404002054
:10985400940400209C0400209C040020A404002004
:10986400A4040020AC040020AC040020B4040020B4
:10987400B4040020BC040020BC040020C404002064
:10988400C4040020CC040020CC040020D404002014
:10989400D4040020DC040020DC040020E4040020C4
:1098A400E4040020EC040020EC040020F404002074
:1098B400F4040020FC040020FC0400200405002023
:1098C400040500200C0500200C05002014050020D0
:1098D400140500201C0500201C0500202405002080
:1098E400240500202C0500202C0500203405002030
:1098F400340500203C0500203C05002044050020E0
:10990400440500204C0500204C050020540500208F
:10991400540500205C0500205C050020640500203F
:10992400640500206C0500206C05002074050020EF
:10993400740500207C0500207C050020840500209F
:10994400840500208C0500208C050020940500204F
:10995400940500209C0500209C050020A4050020FF
:10996400A4050020AC050020AC050020B4050020AF
:10997400B4050020BC050020BC050020C40500205F
:10998400C4050020CC050020CC050020D40500200F
:10999400D4050020DC050020DC050020E4050020BF
:1099A400E4050020EC050020EC050020FFFFFFFF8C
:0499B40000000200AD
:0400000508000110DE
:00000001FF
