:020000040800F2
:100000000050002079780008296D00082D6D000847
:10001000316D0008356D0008396D000800000000E2
:100020000000000000000000000000003D6D00081E
:10003000416D000800000000456D0008516F000888
:10004000496D00084D6D0008516D0008556D0008A0
:10005000596D00085D6D0008ED6E0008896E00089E
:10006000616D0008656D0008696D00083D6E00084F
:100070006D6D0008716D0008756D0008796D0008E0
:100080007D6D0008816D0008856D0008896D000890
:10009000056E00088D6D0008916D0008E96D00087F
:1000A000956D0008996D00089D6D0008A16D000810
:1000B000A56D0008A96D0008AD6D0008B16D0008C0
:1000C000B56D0008B96D0008BD6D0008C16D000870
:1000D000C56D0008C96D0008CD6D0008D16D000820
:1000E000D56D0008D96D0008DD6D00080000000026
:1000F0000000000000000000000000000000000000
:0C01000000000000000000005FF808F1A3
:1001100070B414460F2C06460D4604D945EA060372
:1001200013F0030F0DD04AB14FF0000C11F80C3052
:1001300000F80C300CF1010C9445F7D1304670BC3E
:100140007047A4460B68ACF1100C03604A6842602B
:100150008B688360CA681031C2601030BCF10F0F29
:10016000F0D8A4F1100303F00F0223F00F031033B3
:10017000EC18F118032A13D94FF0000C54F80C3086
:1001800041F80C300CF1040CCCEB0203032BF5D836
:10019000131F03F0030223F003030433E418C91808
:1001A00008462146BFE7C046032A844630B40446C9
:1001B000CDB231D910F0030F2FD145EA05230F2A14
:1001C00088BF944643EA034188BF234612D9ACF165
:1001D000100C196059609960D9601033BCF10F0F91
:1001E000F5D8103A22F00F0302F00F021033E01896
:1001F000032A10D94FF0000C40F80C100CF1040C3D
:10020000CCEB0203032BF7D8131F03F0030223F0F8
:1002100003030433C018844632B1E9B200230CF85A
:10022000031001339A42FAD1204630BC7047C046D1
:100230000FB440F2A033C2F2000310B51C6882B0C4
:1002400024B1A36913B9204602F088FD05AB20460E
:10025000A168049A019300F077F802B0BDE810405D
:1002600004B070470EB410B5044683B018B183696A
:100270000BB902F073FD06AB2046A168059A019305
:1002800000F062F803B0BDE8104003B07047C0460C
:1002900030B5054689B008460C4600F02DF801221D
:1002A0004AF69413C0F600030492039301AB019441
:1002B0000593029080189218079006920DB1AB69D1
:1002C0005BB12846A96805AA02F0D0FE002814BF39
:1002D0004FF0FF300A2009B030BD284602F03EFD45
:1002E000EFE7C04640F2A0330146C2F2000310B56A
:1002F0001868FFF7CDFF10BD10F0030F014618BFBF
:1003000000460BD108460B6801E050F8043FA3F10A
:100310000132DB431A4012F0803FF6D003781BB164
:1003200010F8013F002BFBD1401A7047936810B5BD
:10033000144613B91846536010BD02F097FE00230F
:10034000A3606360F8E7C0462DE9F04FADF5AC6DF2
:1003500081B014461F460B900A9103F059F80068CB
:1003600012900B9818B18369002B00F0358349F681
:1003700068130A99C0F60003994200F0378349F6E2
:1003800088130A98C0F60003984200F044870A9A3E
:1003900049F6A813C0F600039A4202BF0B9BDB6824
:1003A0000A930A9881898AB212F0080F00F0EB864E
:1003B0000369002B00F0E78602F01A030A2B00F015
:1003C000CA820DF59861A3460C3100230E46CDF884
:1003D0003415CDF83C35CDF83835089307930F9395
:1003E0001493189315939BF80020B2F1250318BFBE
:1003F0000123002A0CBF002303F0010343B35C4632
:1004000014F8012FB2F1250318BF0123002A0CBFF5
:10041000002303F00103002BF2D1B4EB0B0508BF5E
:10042000A34615D07560DDF83825DDF83C3501327E
:10043000C6F800B05B19072ACDF83C35CDF8382551
:1004400000F3678208360F9AA34652190F9222785A
:10045000002A00F06A824FF000030BF101048DF8CE
:100460005F352B259BF801204FF000091B972027B3
:100470004FF0FF30CDF840901190924604F1010BFF
:10048000AAF12003582B00F23284DFE813F0430472
:10049000300430045104300430043004300430049B
:1004A00030047704650430046E04F6023004160349
:1004B0001E031E031E031E031E031E031E031E0334
:1004C0001E0330043004300430043004300430049F
:1004D000300430043004B4003103300431033004FC
:1004E00030043004300467033004300471003004F9
:1004F00030043004300430045900300430046F03F9
:10050000300430043004300430043004300430044B
:10051000300430049403B600310331033103CA03BD
:10052000B60030043004A9033004BB037300020496
:10053000D2033004DA0330045B00300430041A04C0
:1005400049F0100919F0200F40F0FB8319F0100F4B
:1005500040F0258419F0400F00F021841B980122FF
:100560001B9B04331A9303881C464FF0000511E0CF
:1005700049F0100919F0200240F0748219F01001BE
:1005800000F0D0861B981B9B04331A9303681C460B
:100590004FF0000511984FF000038DF85F350028EB
:1005A00042DA012A0DF5A66808F1040853D11DB9F5
:1005B000092C98BF474615D94746204629460A22A6
:1005C000002305F05DFA204629460023303207F863
:1005D000012D0A2205F054FA04460D460029ECD1FB
:1005E0000928EAD87A1E04F130030E92C2EB0808FB
:1005F00007F8013C20E249F0100919F0200F40F003
:10060000258219F0100F00F07E861B981B9A043289
:100610001A9203681C464FEAE475002DC0F2B883B5
:10062000119801220028BCDB54EA050111984FF013
:1006300000030DF5A66818BF0123002818BF43F07A
:10064000010313F0FF0F29F0800908F1040800F0FE
:100650002B84012AABD038BFCDF83880C0F0CA81D6
:10066000022A00F011854AF6D810C0F60000FFF704
:1006700043FE11991A9A4AF6D813C0F600030E9356
:1006800016911B92804611988045A8BF404617904E
:100690009DF85F3513B117980130179019F00201DA
:1006A0000C9102D0179A0232179219F084030D931D
:1006B00044D110981799441A002C3FDD102CDCBF50
:1006C00049F64815C0F6000528DD49F648150DF530
:1006D000A667C0F60005043703E0103C0836102C6E
:1006E0001CDD10227260DDF83C3535609B18DDF8AA
:1006F0003825CDF83C350132CDF83825072AECDD18
:100700000B983A460A99FFF711FE002840F0158130
:100710000DF59866103C0C36102CE2DC7460DDF8A8
:100720003825DDF83C35013235601B19072ACDF834
:100730003C35CDF8382500F3328508369DF85F3515
:100740009BB10DF5AA630F33336001237360DDF8AD
:100750003825DDF83C350132CDF838250133072A3C
:10076000CDF83C3500F3728408360C9898B102221B
:100770000DF5AA6372600D333360DDF83C359B18CC
:10078000DDF83825CDF83C350132CDF83825072A7B
:1007900000F36B8408360D99802900F09383169935
:1007A000C8EB0104002C39DD102CD8BFAC4D25DD81
:1007B0000DF5A667AA4D043703E0103C0836102C4F
:1007C0001CDD10227260DDF83C3535609B18DDF8C9
:1007D0003825CDF83C350132CDF83825072AECDD37
:1007E0000B983A460A99FFF7A1FD002840F0A58032
:1007F0000DF59866103C0C36102CE2DC7460DDF8C8
:100800003825DDF83C35013235601B19072ACDF853
:100810003C35CDF8382500F30A84083619F4807F7A
:1008200040F0D282C6F80480DDF83C050E9B00EB58
:1008300008023360DDF83835CDF83C250133CDF8BA
:100840003835072BD8BF06F1080100F3818319F072
:10085000040F49D0109A179BD41A002C44DD102C99
:10086000DCBF49F64815C0F6000527DD49F64815F6
:100870000DF5A666C0F60005043603E0103C08310D
:10088000102C1BDD10204860DDF83825DDF83C35E4
:1008900001320D601B18072ACDF83C35CDF83825FC
:1008A000ECDD0B9832460A99FFF740FD002844D151
:1008B0000DF59861103C0C31102CE3DC4C60DDF838
:1008C0003835DDF83C0501330D600019072BCDF8F4
:1008D0003C05CDF8383509DD0DF5A6620B980A996F
:1008E0000432FFF723FD40BBDDF83C050F99179A52
:1008F000109B9A42ACBF8918C9180F91002840F08C
:1009000035830DF5986600201B9F0C36CDF8380511
:1009100069E50DF5A6620B980A990432FFF706FD0A
:1009200058B90DF598660C368DE5DDF83C35002B91
:1009300040F057870023CDF838350A998B8913F09A
:10094000400F02D04FF0FF320F920F9859B00DF5C3
:10095000806DBDE8F08F0A98B0F90E30002BFFF6DD
:1009600030AD826A21F00203C1890DF58E65ADF8C4
:100970007C34036AADF87E142946CDF898244FF4F0
:100980008062CDF890341CABCDF87824CDF870346B
:10099000CDF880340023CDF884242246CDF8883465
:1009A0003B460B98FFF7D0FC00280F9009DB0B9813
:1009B000294602F091F80F9A002818BF4FF0FF3235
:1009C0000F92BDF87C3413F0400FBED00A98838993
:1009D00043F040038381B8E702F0C0F949F6681399
:1009E0000A99C0F6000399427FF4C9AC0B9A526889
:1009F0000A92D6E40E9904F0070303F13007E308E6
:100A0000E80801F8017D0E9143EA457151EA0002C0
:100A10000C460546EED119F0010F00F04883302F47
:100A200004BF0E98C0EB080806D00E99302301F8D9
:100A3000013DC1EB08080E91119A1A9B119916926B
:100A40008845A8BF41461B93179121E61B98C31DFB
:100A500023F0070303F108011A91D3E90045DCE50F
:100A6000589900081B980022C31D23F0070303F1C7
:100A700008011A91D3E900458CE55C4614F801ABF6
:100A8000BAF12A0F00F08A87AAF13001092900F291
:100A9000C2860BF102000022530010F801ACD20014
:100AA00004469B1801305A18AAF130010929F3D9DC
:100AB00042EAE272A3461192E2E41B9B49F08009EC
:100AC0009BF800205C461B93D7E40022AAF130017A
:100AD00000E0A3465C465300D20014F801AB9B181B
:100AE000CA18AAF130010929F3D91092A346C7E424
:100AF0001B99CB1D23F0070303F108021B92186812
:100B000008905B68089A07931046079B194603F004
:100B1000DDFE0446002800F0C784089A079B1046B3
:100B200000221946002304F0FDFC002840F01F8637
:100B30004AF6B0124AF6AC13C0F60002C0F6000343
:100B4000BAF1470FC8BF1A4600214FF003080E92B2
:100B500029F080091691CDF85C8099E51B9B49F03E
:100B600008099BF800205C461B9386E419F0200FCF
:100B70004AF69812C0F60002189200F0AB801B985B
:100B8000C31D23F0070303F108011A91D3E90045BF
:100B900054EA050109F001024FF0000318BF0123D8
:100BA0001A4206D049F0020930238DF85EA58DF86F
:100BB0005D350222EEE41B994FF000024FF0010870
:100BC000CDF85C800B6804318DF85F251B918DF8A2
:100BD0000C350DF5A0630C330E93002116915DE5E5
:100BE0009BF800206C2A03BF0BF1010449F0200997
:100BF0001B9B49F010091ABF1B9B5C469BF8012008
:100C00001B933AE419F0200F00F05C831B990F98B6
:100C10000F1D096802464FEAE273C1E90023FFF79E
:100C2000E2BB1B9B49F040099BF800205C461B93EC
:100C300023E41B9B49F020099BF800205C461B9392
:100C40001BE41B9B4FF000008DF85F05191D1B91E5
:100C50001B680E93002B00F09F8511980028C0F2AE
:100C6000A9800E980021119A02F026FF002800F0BA
:100C7000AF850E9A119BC2EB0008984540F39E8009
:100C8000119A0023DDF8448022EAE272169317924B
:100C9000FEE41B9A49F002091B991368782204317B
:100CA0008DF85E251C464FF0000530238DF85D352C
:100CB0004AF6BC139246C0F600031A91763A18938E
:100CC00068E419F0200F4AF6BC13C0F6000318932D
:100CD0007FF455AF19F0100F00F008831B981B9A92
:100CE00004321A9203681C464FF0000550E7BAF12F
:100CF000000F3FF41AAE0DF5A0614FF000000C316B
:100D00004FF001088DF80CA58DF85F050E91CDF818
:100D10005C8062E79DF85F35002B40F0CC821B9B26
:100D20005C468DF85F759BF800201B93FFF7A5BB11
:100D30001B9B49F001099BF800205C461B93FFF7C1
:100D40009CBB1B9AD31D012223F0070303F108006B
:100D50001A90D3E900451DE41B9B5C468DF85F5556
:100D60009BF800201B93FFF788BB1B9B49F00409ED
:100D70009BF800205C461B93FFF77FBB1B98031D6D
:100D8000016800291091F3DA109A52421092EDE7AF
:100D90002D23644265EB45058DF85F3540E41B9AD1
:100DA0001B9904311A91136801221C464FF000056B
:100DB000FFF7F0BB0E98FFF79FFA804628EAE8702D
:100DC00000211790169163E4BAF1650F40F3D980C2
:100DD000089A079B104600221946002304F098FB4E
:100DE000002800F0688101204AF6F4137060C0F614
:100DF00000033360DDF83835DDF83C050133CDF80C
:100E00003835421C072BCDF83C25D8BF06F1080128
:100E100000F3DC82DDF85835159A934203DB19F0B4
:100E2000010F3FF414AD129B01204860DDF83C0532
:100E30000B60DDF83835421CCDF83C250133CDF888
:100E40003835072B00F35D840831159A541E002CA9
:100E50007FF7FDAC102CD8BFAD4D40F372820DF57D
:100E6000A666AB4D043604E00831103C102C40F36C
:100E7000688210234B60DDF83825DDF83C350132FF
:100E80000D601033072ACDF83C35CDF83825EBDD61
:100E90000B9832460A99FFF749FA00287FF44DADC6
:100EA0000DF598610C31E0E7002A4CD119F0010FE3
:100EB00049D008F1FF3030230E9008F8013C4FF084
:100EC0000108B9E5109A179BD41A002C7FF767AC7C
:100ED000102CD8BF8E4D25DD0DF5A6678C4D04373F
:100EE00003E0103C0836102C1CDD10207060DDF88B
:100EF0003825DDF83C35013235601B18072ACDF85E
:100F00003C35CDF83825ECDD0B983A460A99FFF7C9
:100F10000DFA00287FF411AD0DF59866103C0C36E3
:100F2000102CE2DC7460DDF83825DDF83C35013248
:100F300035601B19072ACDF83C35CDF8382500F36C
:100F4000898108362BE4CDF838804FF0000873E52E
:100F50000DF5A6620B980A990432FFF7E7F900280D
:100F60007FF4EBAC0DF598610C3170E40DF5A662E1
:100F70000B980A990432FFF7D9F900283FF4C1AC65
:100F8000DBE41598012840F34B8101227260DDF803
:100F90003C350E999B18DDF83825CDF83C350132EB
:100FA0003160072ACDF83825D8BF06F1080100F3D3
:100FB0004381129B01204860DDF838250B60DDF885
:100FC0003C351218CDF838251B18072ACDF83C35CA
:100FD000D8BF01F1080600F34C81089A079B104620
:100FE00000221946002304F093FA002840F0E6801E
:100FF0000E994B1C3360159B5A1E7260DDF83C3510
:101000009B18DDF83825CDF83C350132CDF8382570
:10101000072A00F33C81083614980DF5A86414994A
:10102000093434607060DDF83C05421802E40DF5C7
:10103000A6620B980A990432FFF778F900287FF42A
:101040007CAC0DF598660C36FFF7E8BB0DF5A66293
:101050000B980A990432FFF769F900287FF46DAC08
:101060000DF598660C36FFF780BB0DF5A6620B9860
:101070000A990432FFF75AF900287FF45EAC0DF5A7
:1010800098660C36FFF787BBCDF83880189804F0C7
:101090000F030E99C25C2309280901F8012D0E9156
:1010A00043EA057151EA00020C460546EED10E9B5B
:1010B000C3EB0808C0E4DDF85825002A40F394810A
:1010C00015988242C0F24F817060DDF83C05159B97
:1010D0000E99C218DDF83835CDF83C250133316062
:1010E000072BCDF83835D8BF06F1080100F3ED82A3
:1010F000DDF8583515981C1A002C38DD102CD8BF97
:10110000034D40F323830DF5A666014D043606E03A
:10111000589900080831103C102C40F31783102216
:101120004A60DDF83C350D609B18DDF83825CDF8B8
:101130003C350132CDF83825072AEBDD0B983246D5
:101140000A99FFF7F3F800287FF4F7AB0DF59861E3
:101150000C31E0E70DF5A6620B980A990432FFF70F
:10116000E5F800287FF4E9AB0DF598610C3119F032
:10117000010F3FF46CAB0120129B4860DDF83C0589
:101180000B60421CE2E00B980A9900F04DFC00282D
:101190007FF4D8AB0A9A91898AB2FFF70DB90DF5A1
:1011A000A6620B980A990432FFF7C0F800287FF472
:1011B000C4AB0DF598660C36FFF7C0BA1598441EFF
:1011C000002C7FF729AF102CD8BFB64D6DDD0DF583
:1011D000A667B44D043703E00836103C102C64DDDC
:1011E00010217160DDF83825DDF83C3501323560BD
:1011F0005B18072ACDF83C35CDF83825ECDD0B9887
:101200003A460A99FFF792F800287FF496AB0DF55D
:1012100098660C36E1E70B9989680A91FFF7C1B827
:1012200019F0010F7FF4B1AE01230E9A7360DDF85F
:101230003C3532600133E4E60DF5A6620B980A995D
:101240000432FFF773F800287FF477AB0DF598614F
:101250000C31AEE60DF5A6620B980A990432FFF741
:1012600065F800287FF469AB0DF598660C36FFF73A
:1012700096BA0DF5A6620B980A990432FFF756F854
:1012800000287FF45AAB0DF598660C36A5E60DF5EF
:10129000A6620B980A990432FFF748F800287FF4F9
:1012A0004CAB0DF598660C36B6E67460DDF83C354F
:1012B00035601B19A5E61B9B5C469BF800201B9321
:1012C000FFF7DBB819F0100F09D119F0400F06D065
:1012D0001B9B0F981F1D1B681880FFF784B81B9974
:1012E0000F9A0F1D0B681A60FFF77DB819F0400FB9
:1012F00000F092811B9A1B99138804311A911C46A5
:101300004FF0000544E419F0400F00F099811B9A5A
:101310001B99B2F9003004311A911C464FEAE4756A
:10132000FFF77BB919F0400200F080811B981B9AEF
:10133000038804321A920A461C464FF00005FFF754
:1013400029B94C60DDF83C050D600219DDF838352F
:10135000CDF83C250133CDF83835072B3FF7F8ADF4
:101360000831FFF774BA7260DDF83C350E999B18AE
:10137000DDF83825CDF83C3501323160072ACDF84B
:101380003825D8BF06F1080100F39181129A012394
:10139000DDF858454B600A60DDF83825DDF83C354E
:1013A0000132CDF838250133072ACDF83C3500F35A
:1013B000708108310E98DDF8582503190B60159BD4
:1013C0009A1A4A60DDF83C058218BFE70DF5A6625F
:1013D0000B980A990432FEF7A9FF00287FF4ADAA02
:1013E0000DF598610C3115E501204AF6F413706093
:1013F000C0F600033360DDF83835DDF83C05013315
:10140000CDF83835421C072BCDF83C25D8BF06F166
:10141000080100F36881DDF85835002B00F01A81CF
:10142000129B01204860DDF838250B60DDF83C3563
:101430001218CDF838251B18072ACDF83C3500F3D3
:10144000DC810831DDF858355C42002C40F37581B1
:10145000102CD8BF134D40F38F810DF5A666114DAA
:10146000043604E00831103C102C40F38581102232
:101470004A60DDF83C350D609B18DDF83825CDF865
:101480003C350132CDF83825072AEBDD0B98324682
:101490000A99FEF74BFF00287FF44FAA0DF59861DB
:1014A0000C31E0E758990008089A079B1046194646
:1014B00003F01EFA002840F0D680119AB2F1FF3FE7
:1014C00000F01D82BAF1470F14BF00230123BAF1C7
:1014D000670F08BF43F0010323B11198002808BF2C
:1014E00001201190079B49F48079002BC0F2FE8106
:1014F000079A0023DDF8208013930992BAF1460F72
:1015000014BF00230123BAF1660F08BF43F00103A3
:101510001993002B00F0AD81119F0323099D0DF558
:10152000AA62009304320DF5AB6303920293424624
:101530000DF5AA630B9804932B46019700F09CFBD2
:10154000BAF1470318BF01234446BAF1670F0CBF35
:10155000002303F001030E902BB919F0010F08BF0F
:10156000DDF8502521D00E9B1998DC1930B11B787D
:10157000302B00F02182DDF858156418099B404695
:1015800000221946002303F0C3FF002840F0A78182
:10159000DDF85035A3421A4607D2302203F8012B5A
:1015A0009C42CDF85035F9D81A460E99BAF1470F3A
:1015B00014BF00230123BAF1670F08BF43F00103F2
:1015C000521A1592002B00F02B81DDF8581511F1FD
:1015D000030FC0F25D81119A8A42A8BF4FF0670ADB
:1015E000C0F25681159A88469142C0F2BE8119F028
:1015F000010F18BF01F1010840F0B38128EAE87338
:101600001793139B002B00F02D812D2300208DF8C4
:101610005F351690FFF73FB81B981B9B04331A9356
:1016200003681C464FF00005FFF7B2BA1B981B99E0
:1016300004311A9103681C464FF00005FEF7AABF5B
:101640001B981B9B04331A9303681C464FEAE475EE
:10165000FEF7E3BF159A002A7FF4E2AE19F0010FFE
:101660003FF4F5A8DCE64AF6B8124AF6B413C0F621
:101670000002C0F60003BAF1470FC8BF1A464FF088
:1016800003080E9229F080091694CDF85C80FEF7CD
:10169000FFBF0DF5A6620B980A990432FEF746FECD
:1016A00000287FF44AA90DF598610C3182E60DF50A
:1016B000A6620B980A990432FEF738FE00287FF4E0
:1016C0003CA90DF598610C3160E60DF5A6620B980A
:1016D0000A990432FEF72AFE00287FF42EA90DF5A0
:1016E00098610C3104E50DF5A6620B980A99043255
:1016F000FEF71CFE00287FF420A90DF598610C313F
:1017000089E60DF5A6620B980A990432FEF70EFEE3
:1017100000287FF412A90DF598610C31FFF795BBF5
:101720000DF5A6620B980A990432FEF7FFFD00281A
:101730007FF403A90DF598610C3115980E9B486054
:101740000B60DDF83C05159BC218FFE54C60DDF829
:101750003835DDF83C0501330D600219072BCDF853
:101760003C25CDF838353FF7F5AC0831FFE42D23A3
:101770008DF85F35FFF7DCB94C60DDF83825DDF812
:101780003C3501320D601B19072ACDF83C35CDF8E8
:101790003825C5DC0831D0E7119A062A81BF4AF600
:1017A000D0134FF00608C0F60003CDF85C8088BF68
:1017B0000E933FF612AA119B4AF6D010C0F6000015
:1017C000DDF8448023EAE3730E901793FFF705BA20
:1017D0001199DDF8448021EAE17116901791FEF726
:1017E00057BF0DF5A6620B980A990432FEF79EFDCD
:1017F00000287FF4A2A8FFF79DB80DF5A6620B980C
:101800000A990432FEF792FD00287FF496A80DF5A0
:1018100098610C3116E60023A3461193FEF730BE03
:10182000BAF1650F40F3D780BAF1660F18BFDDF843
:1018300058157FF4D7AEDDF85885B8F1000F40F3A6
:10184000D180119B1BB919F0010F00F08A8011990A
:1018500008F101034FF0660A03EB010828EAE87279
:101860001792CEE6139B28EAE87217921693FEF7BA
:101870000FBFBAF1450F14BF00230123BAF1650F62
:1018800008BF43F0010373B3119A0223571C45E6C6
:10189000AAF1020A481E8DF849A50028CDF858057E
:1018A00077DB2B238DF84A3509282BDC30230DF507
:1018B000A864C2188DF84B350DF5A86309340D33B3
:1018C0008DF84C2515981C1B1494012804EB000876
:1018D00058DD08F1010828EAE872179291E6CDF880
:1018E0005045224661E6119F023317E607982D21E5
:1018F000DDF8208000F1004013910990FEE50623F9
:101900001193EFE50DF5A86E46F267670EF1090E2B
:10191000C6F266677446754687FB0032C117C1EB95
:10192000A2014B00CA009B18C31A0846303309298C
:1019300005F8013DF0DC6A1E01F130039645D9B28D
:1019400005F8011C4AD90DF5A8602A460C3001E0C3
:1019500012F8011B00F8011C034601309645F7D828
:10196000B0E728EAE87017904BE60029D8BFC1F12C
:1019700002001599C8BF012000EB010828EAE872AF
:1019800017923EE619F0010FA3D128EAE8711791EA
:1019900037E62D2340428DF84A3585E71B98031D15
:1019A000016800291191BBBF4FF0FF3022782278E7
:1019B00011901B93FEF761BD099B4046002219461A
:1019C000002303F0A5FD00287FF4D5ADC7F1010386
:1019D000CDF85835CFE5DDF858155BE70DF5A86370
:1019E0000B336FE7119B43B919F0010F04BF4FF0A0
:1019F0000108CDF85C803FF404AE11984FF0660A00
:101A000000F1020828EAE8711791FAE5134640F25E
:101A1000A032C2F2000270B504460D46106821469D
:101A20002A46FEF791FC70BD70B540F2A035C2F2B7
:101A3000000506460C46286810B18369002B31D09A
:101A400049F66813C0F600039C4233D049F6881368
:101A5000C0F600039C4244D049F6A813C0F6000328
:101A60009C4204BF2B68DC68A289104693B213F035
:101A7000080F18BF216937D0002925D013F00102C3
:101A800007D063690022A2605B42A361A9B1002074
:101A900070BD13F0020F14BF13466369A3600029E1
:101AA000F5D10AE001F05AF949F66813C0F60003CF
:101AB0009C42CBD12B685C68D6E7A38913F0800FDA
:101AC000E5D04FF0FF30E3E713F4007F02D013F0CE
:101AD000800FD3D02146304601F0CEFCA389216986
:101AE000CCE72B689C68BFE713F0100FE9D013F028
:101AF000040F08BF216913D0616B49B104F144039D
:101B0000994203D0304601F0EBF9A28900236363C8
:101B100022F0240321690022A38198B2626021602F
:101B200040F00803A3819BB2A6E7C0460000000076
:101B30000A6903692DE9F04F9A4283B080468A46CC
:101B400000F39880D31C571E01F1140500F1140412
:101B50009B0001EB0302034402F1040B5B68516834
:101B600018460131019303F06DF8814600283FD1FA
:101B70003E464046514602F097F8002834DB4FF0CD
:101B8000000C09F10109E64655F80E2054F80E0044
:101B90001304120C0104C2EB10421B0C090CC91AED
:101BA00004EB0E03614402EB21425A8024F80E102C
:101BB0000EF1040E05EB0E034FEA224C9B45E3D2D7
:101BC000391D8B0043445A6872B99C421A4609D2A7
:101BD00058F8213013B105E013681BB9043A013EEF
:101BE0009442F9D3C8F81060484603B0BDE8F08FBE
:101BF0004FF0000C6646E64655F80E3054F80E00DD
:101C00001A041B0C0104120C03FB09F3090C02FB60
:101C10000962614403EB124312041E0C1B04120CF4
:101C2000891A1B0C04EB0E02C3EB104303EB214398
:101C3000538024F80E100EF1040E4FEA234C05EBEE
:101C40000E039B45D8D2019B002B91D1391D8B00EF
:101C500008EB0302A24209D958F8213013B105E07C
:101C600013681BB9043A013F9442F9D33E46C8F8C1
:101C700010707EE70020B8E72DE9F04F446A9DB070
:101C8000904699460590299D002C00F0C08222685C
:101C90007AB163685360059B5A6A012311685068E2
:101CA000834005988B6002F03DF905980023426A55
:101CB0001360B9F10004C0F2BE8100232B6040F232
:101CC000000340F20002C7F6F073C7F6F07204EAB0
:101CD0000303934200F098814046494600220023C6
:101CE000CDE9128903F014FC80B1289801232A99C8
:101CF0000360002900F09682034B2A9A581E136055
:101D00001DB0BDE8F08FC046F5A900081AAB1BAAAC
:101D1000009301920598DDE9122302F053F9230D97
:101D20005A05520D1090002A40F096811B9F1A9B75
:101D3000FB1803F586650235202DDCBFC5F12003B5
:101D400008FA03F009DDC5F14002A5F1200314FAF9
:101D500002F228FA03F342EA030003F0FDF8A5F5C6
:101D60008666033E01220F92A1F1F87140F2000352
:101D70000022C3F6F87302F0B1FF9DA3D3E900235C
:101D800003F060F99CA3D3E9002302F0A9FF044605
:101D900030460D4603F0F0F899A3D3E9002303F091
:101DA00051F902460B462046294602F099FF0446A7
:101DB0000D4603F0DFFB2946002200231590204644
:101DC00003F0B0FB002840F0D1821598162840F2AD
:101DD0000B8201210B917B1E9A1B00F1DE820D927A
:101DE0000022069215980028C0F2CE820D9900229A
:101DF0000E90091807920D91269B092B40F2E08165
:101E000001270020269000234FF0FF301D460121BE
:101E10002793169009900C91059900234C6A6360F2
:101E20006168059802F096F805993D424B6A20607A
:101E30001B68179300F02381159A002A40F38984C8
:101E4000159849F60022C0F6000200F00F030511B4
:101E5000DB00D21815F0100FD2E9006700F0A8825D
:101E600049F6D824DDE91201C0F6000405F00F059B
:101E70004FF00308D4E9082303F00EFA82468B469C
:101E80009DB149F6D824C0F6000415F0010F09D021
:101E900030463946D4E9002308F1010803F0D2F8AE
:101EA00006460F4608346D10EFD15046594632466B
:101EB0003B4603F0F1F9CDE918010B9B002B00F034
:101EC0002A8340F20003DDE918010022C3F6F07313
:101ED0004FF0000403F026FB08B14FF00104169800
:101EE0000028D4BF002304F00103002B00F013836B
:101EF0000999002940F3C180159A40F20003DDE9F9
:101F00001801C4F22403013A0A92002208F10108E0
:101F100003F098F8099B0893CDE91801404603F0B7
:101F20002BF8DDE9182303F08DF840F200030022BE
:101F3000C4F21C0302F0D4FE089A0646A1F15077C1
:101F4000002A40F0ED8240F200030022C4F21403A4
:101F5000DDE9180102F0C2FEB04642463B463E466D
:101F600082468B4603F0FCFA002840F07C8407F19F
:101F7000004250461546594642462B4603F0D2FAD7
:101F800000287AD00026354617983446279B4FF014
:101F9000000ADB43119015930598294601F0C2FF12
:101FA000002C00F00A81BAEB040318BF0123BAF138
:101FB000000F0CBF002303F00103002B40F0488307
:101FC0000598214601F0AEFF15980A9005981099E2
:101FD00001F0A8FF119A0023137028980A9B2A99F0
:101FE0005A1C026011B1119B2A9A1360179887E658
:101FF00061436F63A787D23FB3C8608B288AC63F0F
:10200000FB799F501344D33F289942F20F730B6022
:10201000B8F1000F15D04AF60420C0F600002A9A45
:10202000002A3FF46DAEC378C21C0BB100F1080268
:102030002A9B1A6064E624F000440123A1462B6029
:102040003DE624F07F4323F47003002BE3D14AF6EE
:10205000F810C0F60000E2E7DDE91201A2F57E7695
:10206000073E1B9F21F07F4323F4700343F07E5112
:10207000002341F4E0010F9378E6DDE91289159819
:102080001A990E28CCBF00230123CA4313EAD27049
:1020900000F0CD80159949F60023C0F6000327987B
:1020A000CA009B18D3E900AB169B002BCCBF0022C3
:1020B000012212EAD07040F09E8152465B464046B3
:1020C000494603F0E9F8444603F054FA804602F02A
:1020D00053FF52465B4602F0B5FF02460B462046D0
:1020E000494602F0FBFD179A08F1300302F8013B64
:1020F000169B1192012B04460D4642D040F200037C
:102100000022C4F2240302F09DFF002200230446B3
:102110000D4603F0FDF900284FD1179901278E1CB9
:102120000FE040F200030022C4F22403013602F063
:1021300089FF0022002304460D4603F0E9F9002838
:102140003BD152465B462046294603F0A5F80137AD
:1021500003F010FA804602F00FFF52465B4602F091
:1021600071FF02460B462046294602F0B7FD08F1F2
:10217000300306F8013C169A1196BA4204460D4601
:10218000CFD122462B462046294602F0A9FD04461F
:102190000D465046594622462B4603F0C3F9002807
:1021A00040F0A4815046594622462B4603F0B0F930
:1021B00018B118F0010F40F0998115990A9105E7BF
:1021C0002699052940F37C84269A0021043A269218
:1021D000269B052B00F24281DFE813F08501850183
:1021E00082017F016F015D01159A49F60024C0F656
:1021F0000004DDE91201D300E418D4E9002303F060
:1022000091F9002840F0CE8000230B93E3E51020E5
:1022100001F0ACF90599446084600460C460044630
:10222000486234E54AF6F410C0F6000068E50C9BFD
:10223000002B40F0C280069F1E46079D0D99002985
:10224000D4BF00230123002FD4BF002303F00103D8
:102250004BB10B46069ABB42A8BF3B46FF1AD21AA7
:10226000C91A06920D91079B002B1ADD0C980028C5
:1022700000F08B83002D10DD31462A46059802F0D0
:10228000BDF8109A06460598314601F0CFFF109927
:102290000446059801F046FE109407994A1B40F049
:1022A0008D830121059802F05FF80E9A002A0546F9
:1022B00004DD2946059802F0A1F80546269B012B6E
:1022C00040F3B08000240E9A002A40F00E830123D0
:1022D0000D981B1813F01F0340F02D821C23069845
:1022E000FF180D99C0180690C9180D91069A002A7A
:1022F00004DD0598109901F03FFF10900D9B002B15
:1023000005DD294605981A4601F036FF05460B986B
:10231000002840F0F4822699169A0229D4BF00239F
:102320000123002ACCBF002303F00103002B00F09F
:102330009481002A7FF428AE29460532169B059821
:1023400002F01CF805461098294601F0ADFC002863
:102350007FF71AAE179A312334464FF0000A02F87D
:10236000013B159B11920133159315E6159802F068
:1023700003FE22462B4603F0CBF800287FF425AD60
:10238000159B013B159320E5069B002215980E92A4
:102390001B1A4142069307912EE5524200230692F2
:1023A0000D931FE5159800210B910138159012E54A
:1023B000DDE912AB4FF0020862E5269A012A40F3EC
:1023C000F4821699079B4A1E9342C0F2E5829D1A39
:1023D000169B002BA4BF1A46069FC0F2F5820D98EB
:1023E0000121069B80180D9005989B18069301F01B
:1023F000BBFF064622E7169800287FF4C3AD40F2E3
:1024000000030022C4F214035046594602F01AFE9B
:1024100042464B4603F09AF800287FF4B3AD169E6F
:10242000354697E7B8F1000F7FF44CAF29F07F43B2
:1024300023F47003002B7FF445AF40F20003C7F68E
:10244000F07309EA0303002B3FF43CAF0698012424
:102450000D990130069001310D9134E74FF0FF33B3
:102460000120169309930C90059A0023172E546AA5
:10247000636040F228830422636852000133636082
:1024800002F11403B342F7D916980F460E288CBFF9
:1024900000250125C4E401220C92159A279BD2182D
:1024A0000992561C002EC8BF1696DDDC0E2E8CBF7E
:1024B000002501250F461696AEE401200C90279BBF
:1024C000002BC2BF1E4616930996CDDC01200F4695
:1024D00027900546169009909EE400200C90DCE7BA
:1024E00000220C92EBE70F468DE41192119B5A1ECD
:1024F00013F8013C392B09D1179B9A42F5D1179952
:1025000030231598013015900B70179A0133137012
:1025100015980A905AE51698159908900A91FDE4C5
:102520000C9B002B00F02B818046089849F6002474
:1025300040F20001431EC0F600040020C3F6E07123
:10254000DB00B946E418D4E9002302F0A5FE3246C8
:102550003B4602F0C3FB82468B46DDE9180103F0DF
:1025600009F8044602F008FD303402460B46DDE966
:10257000180102F0B3FB0F46179906463B4650463A
:10258000324601F8014B1191594602F0E9FF00284B
:102590007FF41CAD40F2000132463B460020C3F6FA
:1025A000F07102F09BFB52465B4602F0BBFF002835
:1025B0004BD1089A012A7FF760AD012504E0089B02
:1025C0000135AB427FF759AD40F200035046594602
:1025D0000022C4F2240302F035FD40F20003002281
:1025E000C4F2240382468B463046394602F02AFD67
:1025F0008946804602F0BEFF044602F0BDFC30343E
:1026000002460B464046494602F068FB52465B468E
:10261000064617980F4644553046119901311191DD
:10262000394602F07FFF00287FF4D0AC40F2000171
:1026300032463B460020C3F6F07102F04FFB524693
:102640005B4602F06FFF0028B9D00A9A15924DE759
:102650000598514601F066FCB2E40C98002800F0A1
:102660000781002F05DD314605983A4601F084FDCB
:102670000646002C40F0D3813446179908F0010B30
:10268000B2464A420392119129461098FFF750FA38
:10269000514600F13009109801F006FB2946224608
:1026A0008046059801F0EAFCC3680646002B3CD042
:1026B00001270598314601F035FC269B3B4303D1A9
:1026C000BBF1000F00F0DB81B8F1000FC0F2818197
:1026D000269958EA010103D1BBF1000F00F079817E
:1026E000002F00F3BB81119A02F8019B0398169901
:1026F000131811928B4200F0D9800A22002305980A
:10270000109901F03BFEA24510902FD051460A22AD
:102710000023059801F032FE21460A22002382465A
:10272000059801F02BFE0446AEE71098314601F003
:10273000BBFA0746BDE7C3F12003042B40F3BC817D
:102740000699043B0D9AFF18C9180691D2180D92EC
:10275000CCE515994D42002D40F0E980DDE91223CA
:102760004FF00208CDE91823FFF7A7BB51460598A3
:102770000A22002301F002FE8246044684E7089AFA
:1027800049F60024C0F60004013A0492D300024640
:10279000E4183B46D4E9000102F054FC82468B4623
:1027A000DDE9180102F0E6FE044602F0E5FB3034F4
:1027B0000B460246DDE9180102F090FA179B03F878
:1027C000014B1193064608980F46012823D0012596
:1027D00040F200030022C4F224033046394602F0DE
:1027E00031FC8946804602F0C5FE044602F0C4FB77
:1027F000303402460B464046494602F06FFA0F4617
:10280000179906464C550135089AAA42E0D1119B0A
:1028100004981B18119340F200030022C3F6E073E2
:102820005046594602F05CFA32463B4602F07AFEC8
:1028300000287FF40AAF40F2000152465B460020B8
:10284000C3F6E07102F04AFA32463B4602F088FED7
:1028500000283FF412AC119A119212F8013D302B6E
:10286000FAD0FFF7B3BB0A99089E1591354671E57A
:10287000179A0C9C119206E005980A2210990023E1
:1028800001F07CFD109029461098FFF751F9179B35
:1028900000F1300903F804901198013416990130C1
:1028A0001190A142E8DC34464FF0000A0122109951
:1028B000059801F061FC2946109001F0F5F9002817
:1028C00001DC9FE01192119B5A1E13F8013C392B39
:1028D00040F0C080179B9A42F4D117993123159884
:1028E000013015900B70FFF757BB2B6903339B002A
:1028F000EB18586801F084F9C0F12003E8E410985F
:10290000294601F0D1F90028BFF605AD15990A2234
:102910000598002301391591109901F02FFD0C9AAB
:102920001090002A40F0B980099B1693F3E405F05B
:102930000F0349F60024C0F60004DDE91201DB00B4
:10294000E418D4E9002302F07DFB2C1108BF4FF0FE
:102950000208CDE918013FF4B0AA49F6D8254FF096
:102960000208C0F6000514F0010F09D0DDE91801D6
:1029700008F10108D5E9002302F064FBCDE9180154
:1029800008356410EFD1FFF798BA05981099079AA7
:1029900001F034FD109084E407990546531A0E9A0D
:1029A000C9180791D2180E9212E50F9B002B4BD03D
:1029B00001F58662069F0332079D10E50598109980
:1029C00001F01CFD10906CE4069800221699471A3D
:1029D00005E5002F4E460FDD01221099059801F004
:1029E000CBFB2946109001F05FF900285FDDB9F1BB
:1029F000390F3ED009F10106119A02F8016B1192CC
:102A0000FFF7CABA03D119F0010F7FF45CAF119A36
:102A1000119212F8013D302BFAD0FFF7BDBA716860
:102A2000059801F097FA326906F10C010232920022
:102A3000044600F10C00FDF76BFB214605980122CE
:102A400001F09AFB044618E61B9B069FC3F1360271
:102A5000079DC4E401331370FFF79EBAB9F1390F33
:102A600007D0119909F1010301F8013B1191FFF71A
:102A700093BA1198392300F8013B119023E7B9F17B
:102A8000390FF6D01198B8F1000FC8BF09F101094C
:102A900000F8019B1190FFF77FBA314605980A2292
:102AA000002301F06BFC06460998169033E4A3D18D
:102AB00019F0010FA0D09AE73FF418AC1C330EE4D4
:102AC0000121FFF785BB169B0F460E2B8CBF0025FF
:102AD0000125FFF7A5B9C0460B692DE9F0418046F5
:102AE0000F46002B70D010B18369002B6FD049F6D0
:102AF0006813C0F600039F4208BFD8F8047010D0D6
:102B000049F68813C0F600039F4208BFD8F8087042
:102B100007D049F6A813C0F600039F4208BFD8F8B3
:102B20000C70BB891AB212F0080F21D03E69002E3A
:102B30004AD03B683E609D1B12F0030F0CBF7B69BF
:102B40000023002DBB6004DC3EE02D1A002D3BDD90
:102B50003618BC6A4046396A32462B46A0470028E0
:102B6000F3DCBB894FF0FF3043F04003BB812CE026
:102B700043F400627B68BA81002B2BDDFD6A1DB334
:102B800012F4805218BF7C6D28D0BB8913F0040F5B
:102B900005D07B687A6BE41A0AB13B6CE41A002317
:102BA0004046396A2246A847A042DAD1BB890020B4
:102BB000786023F40063BB81BA893B6912F4805FBB
:102BC00018BF7C653B6000D10020BDE8F08100F0BB
:102BD000C5F88CE73B6C002BD0DCF5E701234046C1
:102BE000396AA847B0F1FF3F044618BFFD6ACCD14F
:102BF000D8F800301D2BE7D0BB8943F04003BB81E0
:102C0000E3E7C04610B5014638B140F2A033C2F246
:102C100000031868FFF760FF10BD49F6C81342F6BD
:102C2000D921C0F60003C0F60001186800F092FB3D
:102C3000F2E7C0467047C0467047C0467047C0467E
:102C40007047C046002070470020704740F2A03314
:102C500042F64941C2F20003C0F6000110B51868FF
:102C600000F0A4FB10BDC04640F2A03342F645413F
:102C7000C2F20003C0F6000110B5186800F096FB20
:102C800010BDC04644F6853110B5C0F6000100F015
:102C90008DFB10BD49F6C81344F68531C0F600031C
:102CA000C0F6000110B5186800F080FB10BDC046EA
:102CB000CA004B019B1A5B1A70B59E000D4606F1C7
:102CC0000C0100F05DFC044640B100F10C00002155
:102CD000656032462160A060FDF766FA204670BD4F
:102CE00049F6C813C0F6000370B51C680546A26912
:102CF000002A24D0D8346368A06813F1FF3204D5C9
:102D000019E012F1FF3216D45C30B0F90C30002B10
:102D1000F7D14FF0FF33C3814FF0010383810023CC
:102D20000360836043600361436183614363836342
:102D30008364C36470BD206828B10446DBE7204685
:102D400000F00CF8D6E728460421FFF7B1FF206019
:102D50000028F2D10C232B60ECE7C0462DE9F042AD
:102D6000876982B0002F62D142F685434FF0010996
:102D7000C0F60003C0F81890836244F6A916C0F8A4
:102D8000D87044F66D15C0F8DC7044F64514C0F8F0
:102D9000E070C0F600060190FFF7A2FF0199C0F6AF
:102DA0000005C0F6000448600846FFF799FF019946
:102DB00088600846FFF794FF01994FF0040344F63A
:102DC000391EC0F6000E4A6893818B681760576001
:102DD0009760D78117615761976112625662956259
:102DE000D462C2F830E04FF009021F605F609F605C
:102DF0009A814FF00202A3F80E901F615F619F61FC
:102E00001B625E629D62DC62C3F830E04FF0120329
:102E1000C8600760476087608381C281076147613E
:102E20008761006246628562C462C0F830E002B029
:102E3000BDE8F0822DE9F04140F29445C2F2000570
:102E40000C46074600F0D8FEAB685A6822F003062D
:102E500006F57E630F331B1B1B0B013B1C03B4F5F4
:102E6000805F07DB0021384601F052FDAB689B19FB
:102E7000984205D0384600F0C1FE0020BDE8F08140
:102E80006142384601F044FDB0F1FF3F10D0A9681F
:102E900040F68822C2F20002331B43F00103384699
:102EA0004B6013681B1B136000F0A8FE0120E5E7D0
:102EB0000021384601F02CFDAD68441B0F2CD9DDF4
:102EC00040F69C0340F68821C2F20003C2F20001E2
:102ED0001A6844F00103821A0A606B60CAE7C046B0
:102EE0002DE9F04180460C46002947D0A4F10805A1
:102EF00000F082FE40F294476A68C2F2000722F0B6
:102F000001016818436823F00306BB68834259D067
:102F100012F0010E466033D0002483195A6812F073
:102F2000010F09D18919002C4AD182684E4B9A426F
:102F300078D0C368D3609A6041F0010369506B6038
:102F4000CCB9B1F5007F29D34A0A042A5CD88B0991
:102F50003833DA00BA18906890425BD0436823F0A7
:102F60000303994202D280688242F7D1C368EB60C2
:102F7000A860C5609D60404600F040FEBDE8F0815D
:102F800054F8083CED1AC91807F10803AA689A42D8
:102F900038D0EB687446D3609A60BEE7C908012256
:102FA0007B688810C9007918824013437B608B6866
:102FB0004046E960AB60DD608D6000F01FFEDDE73C
:102FC0008268B6E7711812F0010F07D154F8083C77
:102FD000ED1AC918EA68AB68DA60936041F0010342
:102FE0006B6040F6A003BD60C2F200031A68914214
:102FF000C1D340F684234046C2F200031968FFF7AC
:1030000019FFB8E7012488E7142A14D802F15B03FA
:10301000DA009FE7012299107B688A4013437B60A6
:103020000346A4E7D56041F001039560EA60AA6019
:103030006B6069509FE7542A03D80B0B6E33DA009C
:1030400088E7B2F5AA7F03D8CB0B7733DA0081E7A4
:1030500040F254539A4203D97E234FF47C7279E7AD
:103060008B0C7C33DA0075E79C0400202DE9F04FCF
:10307000936885B00E4602900192002B2DD08F8967
:1030800017F0080F2DD00B69002B2AD0019A17F0EA
:103090000200D2F800A032D000273D46B5B1B5F508
:1030A000806F34BF2B464FF48063B46A02983A466F
:1030B000316AA047002840F39B80019A93681B1A4D
:1030C000936053B12D1A3F18002DE8D1DAF8007043
:1030D000DAF804500AF1080AE0E7002005B0BDE87C
:1030E000F08F02983146FEF79FFC002840F02781C0
:1030F000B789019A17F00200D2F800A0CCD117F0DE
:10310000010104BF8846454640F0A180002D52D001
:1031100017F4007FB46855D0A54238BF2C4633D38E
:1031200017F4906F30D0726933683169C1EB030BCB
:1031300053009B1803EBD3734FEA63090BF10103B0
:103140005B194A4699453CBF99464A4617F4806F39
:103150006FD00298114600F013FA0446002872D08E
:1031600031695A46FCF7D4FFB38923F4906343F0E6
:103170008003B38104EB0B0334612C463360C6F843
:103180001490CBEB0903B36022463068414600F04F
:10319000D3FCB36832681B1BB36012192C46326033
:1031A000019A93681B1B9360002B96D02D1BA044A3
:1031B000B789002DACD1DAF80080DAF804500AF1B2
:1031C000080AA3E73068AC422CBF00230123326910
:1031D000904294BF002303F00103E3B973699D4259
:1031E0000DD3B46A42460298316AA047041ED7DC68
:1031F000B3894FF0FF3043F04003B3816EE72A46B6
:10320000414600F099FCB36832682C465B1BB36002
:1032100052193260C4E74146224600F08DFC336803
:10322000029831461B193360FFF756FC0028B7D0CF
:10323000DEE7029801F086F9044600289AD1029848
:103240003169FFF74DFE029A0C231360D0E78346E5
:10325000814680460390B8F1000F30D0039A002ACF
:103260005CD0B368C14534BF4F4647467569306886
:10327000EC183269A742D4BF00230123904294BFC7
:10328000002303F00103002B3AD1AF4220DBB46AE4
:103290005A4602982B46316AA047041EA8DDB9EBB6
:1032A000040923D0019A93681B1B9360002B3FF401
:1032B00014AFC4EB0808A344B8F1000FCED1DAF87C
:1032C00000B00023DAF804800AF1080A0393C2E789
:1032D0003A46594600F030FCB36832683C46DB1B86
:1032E000B360D219B9EB04093260DBD102983146E0
:1032F000FFF7F2FB00287FF47BAFCDF80C90D1E70D
:103300005946224600F018FC3368029831461B19D2
:103310003360FFF7E1FB0028C1D069E758460A2176
:10332000424600F0C9FB28B1431CCBEB0309012343
:10333000039396E7012208F10109039291E7B3890B
:1033400009224FF0FF3043F04003B381029B1A6023
:10335000C4E6C0462DE9F04781468A46FFF76AFC7D
:1033600019F1D80708BFB8461BD04FF000087E6897
:10337000BD68002E12DD002400E05C35B5F90C308C
:103380004BB1B5F90E30B3F1FF3F04D048462946A2
:10339000D04748EA00080134B442EED13F68002F1C
:1033A000E5D1FFF749FC4046BDE8F0872DE9F0473D
:1033B00004468946FFF73EFC14F1D80708BFB8461B
:1033C0001AD04FF000087E68BD68002E11DD002481
:1033D00000E05C35B5F90C3043B1B5F90E30B3F10E
:1033E000FF3F03D02846C84748EA00080134B442EA
:1033F000EFD13F68002FE6D1FFF71EFC4046BDE845
:10340000F087C04649F6CC13C0F600031868704731
:1034100000487047D099000800487047D0990008CC
:1034200070B505460E4614464AB14AF608211046C4
:10343000C0F6000101F0CAFA30B9EE612C624AF61A
:103440000820C0F6000070BD4AF624212046C0F6D0
:10345000000101F0BBFA0028EFD00020F3E7C046DE
:103460000A4640F2A031C2F20001034610B50868D6
:103470001946FFF7D5FF10BD8B89F0B506469AB205
:1034800091B012F0020F0C4621D1B1F90E100029B3
:1034900027DB01AA01F080FB002820DB029B03F45C
:1034A0007043B3F5005F14BF00270127B3F5004F49
:1034B00041D0A3894FF4806543F40063A3811AE0EF
:1034C000A38913F4007F08D143F00203A38104F120
:1034D0004702012322602261636111B0F0BDA3891C
:1034E0009AB212F0800F43F400630CBF4FF4806572
:1034F00040250027A3813046294600F041F80028E6
:10350000DED0A28942F68543C0F60003206042F077
:103510008002B362A28120616561002FDDD0304658
:10352000B4F90E1001F04EFB0028D6D0A38943F069
:103530000103A381D1E744F64513E26AC0F6000314
:103540009A42B6D1A3894FF480621546226543F4AE
:103550008063A381CFE7C04640F2A0330146C2F2A8
:10356000000310B51868FFF7BBFC10BD40F2A03394
:103570000146C2F2000310B5186800F001F810BD52
:1035800001F10B020B46162A2DE9F04F804683B05D
:1035900000F2A380102500219D422CBF0B4641F074
:1035A0000103002B40F0B381404600F025FBB5F548
:1035B000FC7FC0F096806A0A40F0B280EA08D3002F
:1035C00040F29447C2F20007F818C468A04206D13E
:1035D0000CE0002B80F27681E468A04206D063689C
:1035E00023F003014B1B0F2BF3DD013A02F1010E17
:1035F00040F29442C2F2000202F1080CDCF80840EA
:10360000A44508BF914620D0636823F00301481BFE
:103610000F2800F366810028CCF80CC0CCF808C055
:1036200080F28680B1F5007F80F07681C9089146EE
:1036300001227B688810C9004944824013437B60A3
:103640008B68E160A360DC608C6001234FEAAE020E
:10365000D9F8041013FA02F68E4270D80E420BD13C
:1036600076002EF003030E4203F1040E04D176001F
:103670000EF1040E0E42FAD04FEACE03F24609EBE9
:1036800003010A46D068824207D17BE1002C80F218
:103690008081C068824200F07581436823F0030393
:1036A0005C1B0F2CF2DD421945F001030546C16891
:1036B0004360404655F8083F1451D9608B6044F090
:1036C0000103CCF80C20CCF80820C2F80CC0C2F8DA
:1036D00008C0536000F092FA1EE022F00705E90FDF
:1036E0005AE740F29447EA08C2F200077B19DC6807
:1036F0009C4200F033816268E168A36822F0030213
:10370000A218D9608B605368404604F1080543F065
:103710000103536000F072FA284603B0BDE8F08F51
:10372000042A07D9142A00F223815B32D30047E729
:103730006218E8E7AB0903F13802D30040E7D9F893
:103740000840636823F0030CC5EB0C010F29CCBFC4
:1037500000230123654588BF43F00103002B00F0DF
:10376000A28040F6842BD7F80824C2F2000BDBF8C5
:10377000003010335E19B2F1FF3F06D006F57E63CC
:103780001F3323F47E6626F01F0640463146CDF8EF
:1037900004C001F0BDF8DDF804C0B0F1FF3F82467F
:1037A00070D004EB0C01814240F223814C4569D179
:1037B000DBF80430F018CBF80400D7F8083440F2F6
:1037C0009442C2F20002B3F1FF3F08BFC2F808A45E
:1037D00004D0C1EB0A031B18CBF804301AF007031E
:1037E000404617BFC3F108034FF480519A4403F5D4
:1037F00080510AEB0603CDF804C01B051B0DCE1A41
:10380000314601F085F8DDF804C0B0F1FF3F00F06B
:103810003381CAEB00039B1943F00100DBF804304D
:10382000C9F808A0F3184C45CBF80430CAF80400D6
:1038300014D0BCF10F0F40F20381ACF10C01052252
:1038400021F0070160180F2942608260636803F06D
:10385000010341EA0303636000F20881DBF804100E
:1038600040F68422DBF82C30C2F20002994288BF75
:10387000D16240F68422DBF83030C2F20002994275
:1038800088BF1163D9F80840626822F00302511B17
:103890000F29CCBF00230123954288BF43F00103C9
:1038A000002B40F0FF80621945F00103C9F80820A1
:1038B0004046636041F00103536004F1080500F0E5
:1038C0009DF929E7A3686118E268404604F10805FC
:1038D000DA6093604B6843F001034B6000F08EF9AF
:1038E0001AE7631945F00102CCF80C3004F1080521
:1038F000626040F00102CCF8083018504046C3F82E
:103900000CC0C3F808C05A6000F078F904E70C2333
:103910000025C8F80030FFE64A0A042A48D9142ACC
:1039200000F2928002F15B03DA00B81840F2944989
:10393000C2F200098668864218BF324676D05368C4
:1039400023F00303994202D292689042F7D1D368E0
:103950001646E360A660F4609C6076E604F1080316
:10396000DC68A34208BF02F1020E3FF441AEC2E69A
:10397000542A21D9B2F5AA7F50D8EB0B03F1770274
:10398000D3001DE60AF1010A1AF0030F19D008321C
:1039900078E6C2180546C1684046536843F0010303
:1039A000536055F8083FD9608B6000F027F9B3E603
:1039B0008B093833DA00B8E72B0B03F16E02D30022
:1039C000FEE5724600E0013A12F0030F5FD00B46AD
:1039D00053F808199942F6D0D9F8043076009E427F
:1039E0003FF6ADAE002E3FF4AAAE1E425FD0D646E3
:1039F00042E6DBF8043006EB0300CBF804007FF46A
:103A0000DCAE0B051B0D002B7FF4D7AED9F80820D8
:103A100006EB0C0343F0010353601FE740F25453DD
:103A20009A4217D97E22A3F5B273C9E501229910F3
:103A3000D9F804308A401343C9F80430334688E784
:103A40000123CAF804301DE7542A08D80B0B6E3343
:103A5000DA006AE7AB0C03F17C02D300B0E5B2F503
:103A6000AA7F0CD8CB0B7733DA005EE7404604F12F
:103A70000801FFF735FAF1E600260230CEE640F203
:103A800054539A420AD97E234FF47C724DE7D9F8F9
:103A90000430F2431340C9F804309DE78B0C7C33AB
:103AA000DA0042E74046002500F0A8F834E60AF1C3
:103AB000040A760099E7C046032A844630B4C9B2A6
:103AC000144627D91CF0030325D11D461A462B02A4
:103AD00001325D18042AFAD16046036885EA0303BF
:103AE000A3F10132DB431A4012F0803F0ED003787D
:103AF0008B421ED04378421C8B421BD08378821CA1
:103B00008B4217D0C378C21C8B4213D0043C0430C4
:103B1000032CE2D85CB103788B4206D0621E32B12E
:103B200010F8013F013A8B42F9D130BC70470020B8
:103B3000FBE702461046F8E7F0B406460D46144689
:103B4000AE4211D92F19BE420ED254B1321963427E
:103B500002EB030C611EFA18535C0CF801300139BA
:103B6000FAD23046F0BC70470F2C0CD8002AF8D09F
:103B70004FF0000C11F80C3000F80C300CF1010C77
:103B80009445F7D1EDE745EA060313F0030FEDD1B5
:103B900030462946A4460B68ACF1100C03604A6815
:103BA00042608B688360CA681031C2601030BCF11B
:103BB0000F0FF0D8A4F1100303F00F0223F00F034E
:103BC0001033E918F418032A13D94FF0000C51F8F8
:103BD0000C3044F80C300CF1040CCCEB0203032B3A
:103BE000F5D8131F03F0030223F003030433C918AD
:103BF000E4182046BAE7C0467047C0467047C04642
:103C0000030C1B04BBB1002310F07F4F01D108331C
:103C1000000210F0704F01D10433000110F0404F4A
:103C200001D102338000002803DB10F0804F05D063
:103C300001331846704700041023E5E72023F8E716
:103C40000268014612F0070009D012F0010F22D1DC
:103C500012F0020F23D1930802200B601CE0130422
:103C60001B0C0BB9120C102012F0FF0F01D1083001
:103C7000120A12F00F0F01D10430120912F0030FD3
:103C800001D10230920812F0010F02D1520804D083
:103C900001300A6000E0002070472020FCE7530854
:103CA00001200B60F8E7C04603690A6910B49C1A4A
:103CB00011D1131D00F1140C9B00C218CB18101D5C
:103CC000191D50F8042C51F8043C9A4206D10438CE
:103CD00004398445F5D3204610BC704738BF4FF0F7
:103CE000FF34F8D30124F6E740F20003C7F6F0737F
:103CF00001EA0303A3F15073002B02DD19460020F3
:103D000070475B421A15132A07DDA2F114031E2B1C
:103D100009DD012300211846F2E74FF400230020BB
:103D200053FA02F1ECE7C3F11F0201239340F1E7DC
:103D300003692DE9F041043300F114060C4650F8F4
:103D400023709A0085183846FFF75AFF0A28C0F1F9
:103D50002003236017DCAE42C0F10B0239D255F8C4
:103D6000043C33FA02F137FA02F343F07E5500F1D6
:103D7000150317FA03F345F4E00541EA030420466E
:103D80002946BDE8F081AE422CBF4FF0000E55F839
:103D900004EDB0F10B0202BF47F07E5545F4E0059B
:103DA0007446ECD0B542C2F1200114D955F8043C58
:103DB00033FA01F017FA02F32EFA01F143F07E53C1
:103DC0000EFA02F243F4E00340EA020443EA01057A
:103DD000D5E70021C7E70020ECE7C0462DE9F04316
:103DE00083B00C4601A90546FFF7A2FF06460F4621
:103DF00020466946FFF79CFF009A2B698946019986
:103E00008046891A22699B1A5B01C91800290ADDBC
:103E10000B05DF193046394642464B4601F03CFA65
:103E200003B0BDE8F0834B421B059944F2E7C0465E
:103E3000172810B504460FDD40F200010020C3F63C
:103E4000F07140F200030022C4F22403013C01F0AF
:103E5000F9F8002CF5DC10BD49F60023C200C0F6CD
:103E600000039B18D3E90001F5E7C0461369013947
:103E700030B40433491102F1140C01319B00D31802
:103E8000154689001A1D441894450ED200215CF88D
:103E90000130435004310CEB01039A42F7D8531B15
:103EA000153B23F003030433C018844204D90023D4
:103EB00040F8043B8442FBD830BC704702694B1188
:103EC00010B49A420446B8BF104612DB10DD11F060
:103ED0001F0C0DD0184604339B00E318596821FAD3
:103EE0000CF202FA0CF28A4203D0012010BC704797
:103EF000184600F1040C04F114014FEA8C03E01899
:103F0000021D91420CD254F82C30002BEDD1024608
:103F1000914205D252F8043D002BE6D19142F9D3EB
:103F20000020E3E770B5456A06460C464DB13CB14A
:103F3000726A6068D16851F82030236041F82040EF
:103F400070BD1020FFF712FB706245608560056050
:103F5000C560ECE770B5446A06460D466CB1E16891
:103F6000A9B151F82520002A1DD0136841F8253049
:103F700000231361D360104670BD1020FFF7F6FADE
:103F8000002304467062436083600360C3600421C1
:103F90003046102200F058FD736AE060D9680029AD
:103FA000DFD10A46E7E70121304611FA05F4621D28
:103FB000920000F049FD02460028DCD04560846094
:103FC000D6E7C046F0B5012183B01D461446FFF781
:103FD000C1FF25F0004225F07F4121F470012B46FE
:103FE000170D00911CBF41F4801300930646002C6E
:103FF0001ED002A840F8044DFFF722FE0546002817
:1040000031D1019B7361009B002B14BF022401245A
:104010003461B361C7B10899A7F58663033BC5F165
:1040200035025B190B60099B1A60304603B0F0BD86
:104030006846FFF705FE009B01223261144673615A
:1040400000F12005002FE6D10899A200B218A5F5CD
:104050008663023B10690B60FFF7D2FD099A63018A
:104060001B1A1360E1E7009BC0F12002019913FACB
:1040700002F2C3400A4372610093C4E72DE9F0479E
:104080000B69904612690E469F1A002F4FD06CDBC9
:10409000002701F114057168FFF75CFF4FF0000E77
:1040A000C7608146376900F114043B1D9B00F3187B
:1040B00008F1140603F1040AD8F8103004339B0009
:1040C000434403F1040C56F8042B55F8040B130475
:1040D000120C0104C2EB10421B0C090CC91AB445A6
:1040E000714402EB2142628024F8041B4FEA224E05
:1040F000E9D855450ED255F8043B1A041B0C120C96
:10410000AA45724403EB2243638024F8042B4FEA50
:10411000234EF0D854F8043C33B9224652F8083CF8
:10412000013F043A002BF9D0C9F8107019E0131DB3
:1041300001F114059B00CA184344111D1C1D51F8C0
:10414000042C54F8043C9A420ED10439043C8D42AC
:10415000F5D30021FFF7FEFE012300228146036113
:1041600042614846BDE8F08795D243460127B046F4
:1041700003F114051E468EE72DE9F0470E46541153
:10418000814633691746496801331D19B3689D425A
:1041900003DD5B0001319D42FBDC4846FFF7DAFEA0
:1041A000002C804600F114000ADD00231A4640F876
:1041B000232001339C42FADC231D9B004344181D3D
:1041C000336906F1140104339B00F31817F01F0440
:1041D00003F1040C08BF22461BD0C4F1200E0022BC
:1041E0000B68A34042EA030340F8043B51F8042B58
:1041F0008C4522FA0EF2F3D8026002B101356B1E33
:104200004846C8F810303146FFF78CFE4046BDE8FE
:10421000F0878B58835004328B189C45EFD98B580C
:10422000835004328B189C45F3D8E8E72DE9F04F12
:104230000E6915690C46174685B0AE42B5BF1346E8
:1042400033461C462E46ACBF1D460F46A36806EB00
:10425000050861689845C8BF0131FFF77BFE08F18A
:1042600004039B00C31800F1140B043300909B451A
:10427000019306D25B460022019943F8042B994230
:10428000FAD82B1D07F1140904F1140203929B00C4
:10429000E31803F1040C331D9B00FB180433029355
:1042A00099454AD24FF0000E59F80E300BEB0E0A2A
:1042B0001F043F0CDFB1039E5446002556F8042B23
:1042C00020681104120C0304000C090C1B0C07FBE2
:1042D000020207FB0131491902EB1142628024F806
:1042E000041B150CB445E9D8256059F80E301F0C95
:1042F0001CD05BF80E305046039D00261C4655F836
:10430000041B03800A04090C120C02FB076202EB77
:104310001442428050F8044F23041B0C01FB073168
:1043200001EB12431E0CAC45E9D803600EF1040EFC
:10433000029909EB0E039942B6D8B8F1000F0BDDD4
:10434000019A52F8043C23B106E052F8083C043AC2
:1043500013B918F1FF38F8D1009B1846C3F8108044
:1043600005B0BDE8F08FC04610B50C460121FFF73F
:10437000F1FD01234461036110BDC0462DE9F04108
:10438000804600200F460E6901F1140494461D4634
:104390000146625801301304120C1B0C02FB0CF294
:1043A00003FB0C5302EB13429BB2150C03EB0243CD
:1043B000635004318642ECDC45B1BB689E4208DAAA
:1043C000331D721C3A619B00FB185D603846BDE8E6
:1043D000F081796840460131FFF7BCFD3A6907F189
:1043E0000C0102329200044600F10C00FBF790FE33
:1043F000394640462746FFF795FDE1E712F00303F3
:104400002DE9F04180460F4615462DD1AE101FD044
:10441000D8F82440002C3FD0A568002D32D016F0EB
:10442000010F08D1761013D02C68A4B120460546A0
:1044300016F0010FF6D039462A464046FFF7F6FE41
:10444000394604464046FFF76DFD76102746EBD10E
:104450003846BDE8F08129462A464046FFF7E6FE89
:10446000286005460460E3E7013B49F60024C0F6F6
:1044700000049B00E4180023D4F8C820FFF77EFF57
:104480000746C3E7404640F27121FFF76DFF002366
:10449000A06005460360C2E71020FFF767F800231D
:1044A0000446C8F82400436083600360C360B3E738
:1044B0002DE9F0471546984603F1080248F639639E
:1044C0000E46C3F6E303074683FB0213D217C2EB83
:1044D0006302012A34DD002101235B0001319A428D
:1044E000FBDC3846FFF736FD089B0122092D01460B
:1044F0004361026121DD06F109090924335D0A22C5
:1045000038460134303BFFF739FFA5420146F5DC60
:1045100009EB0503A3F10806A8450BDD0024335D74
:104520000A2238460134303BFFF728FF63199845CB
:104530000146F4DC0846BDE8F0870A360925EBE7BA
:104540000021CEE72DE9F04F85B090468A460290D3
:10455000002900F02181FFF74FFB08F10B0116291C
:10456000AAF108078BBF21F007094FF01009CE46CA
:10457000CE4688BF4FEAD9737C6898BF0023224695
:10458000C1452CBF1E4643F00106002E40F0368187
:1045900024F003057545A4BF3C462E464FDA40F291
:1045A000944B7919C2F2000BDBF808C08C4500F07F
:1045B000F880486820F00103CB185A6812F0010F08
:1045C00032D03146304614F0010F40F09F805AF847
:1045D000083CFB1A03935A6822F00302002957D0C3
:1045E000614500F01081521986187645B8BF16460D
:1045F0004FDBCA688B68DA6093602A1F039B242A0A
:104600001846D96850F8083FD9608B6000F2EA80FC
:10461000132A544605466BD9DAF80030211D039859
:104620008360DAF804304CE020F003004619764548
:10463000C9DBCA688B68DA60936022463C46C9EBE6
:1046400006000F2810D802F00103A219334363605B
:10465000536843F00103536002980834FFF7CEFA21
:10466000204605B0BDE8F08F04EB090102F001031C
:1046700040F00102081843EA090363604A60083108
:10468000436843F0010343600298FEF729FCE3E727
:10469000561976453ADB0398C26850F8083FDA604D
:1046A00093602A1F242A00F29D80132A544605464F
:1046B0001ED9DAF80030039903988B60211DDAF8CF
:1046C00004300C1D1B2AC36000F1100510D94B6883
:1046D000211D00F11805036163680C1D242A436144
:1046E00006D14B6800F12005836162680834C2611D
:1046F0002046294650F8042B41F8042B63686B6070
:1047000042684A6003990C464A6898E70298414615
:10471000FEF736FF044600283AD07A68A0F1080177
:1047200022F00103FB18994200F0C0802F1F242FB4
:104730005FD8132F554606461CD95046214650F8DF
:10474000042B051D41F8042B0E1DDAF804301B2F35
:1047500063600FD943682A1D4B60311D6B68151DBE
:1047600073600E1D242F05D153684B606A680835AD
:10477000726008362846314650F8042B41F8042B65
:104780006B68736042684A6002985146FEF7A8FB66
:104790000298FFF733FA63E71146FEF7F1FE04468D
:1047A0005EE7DCF8043023F0030009F1100342193E
:1047B0009A42B8BF6146FFF606AF07EB0903C9EBA3
:1047C000020242F0010202985A6007F10804796877
:1047D000CBF8083001F0010149EA01017960FFF7E7
:1047E0000DFA3DE75146FFF7A7F9039B1C465A68AF
:1047F00025E751463A46FFF79FF9C5E702980C2393
:10480000002403602CE7561909F1100300EB060C95
:104810009C45FFF63EAF03990C46CA6854F8083F22
:10482000DA6093602A1F242A46D8132A5546264662
:104830001DD9DAF8003003988B60291DDAF80430AE
:104840000D1D1B2A00F11006C36010D94B68291DED
:1048500000F1180603616B680D1D242A436106D11F
:104860004B6800F1200683616A680835C2612846FA
:10487000314650F8042B41F8042B6B687360426892
:104880004A600399C9EB0C0242F00102029801EB65
:104890000903CBF808305A600A46496801F0010163
:1048A00049EA01015160FFF7A9F9D9E64B683C4696
:1048B00023F003035E19C2E620465146CDF804C03A
:1048C000FFF73AF9DDF804C0DBE7C0460B4641428A
:1048D000014323F0004040F2000340EAD170C7F6E4
:1048E000F0731B1A58421843C01701307047C04676
:1048F0000B464142014340F2000010B423F0004453
:1049000044EAD174C7F6F070001BC00F10BC7047AA
:1049100070B540F65034C2F2000405460846002344
:10492000236004F005FFB0F1FF3F00D070BD2368A5
:10493000002BFBD02B60F9E710B5B1F90E1000F099
:10494000B1F810BD10B50C46B1F90E1000F04EF9DB
:10495000B0F1FF3F15BF6065A389A38923F480539D
:1049600016BF43F48053A381A38110BD2DE9F0410C
:104970001F468B8905460C46164613F4807F06D0E9
:104980000223B1F90E10002200F030F9A38923F4BC
:1049900080532846A3813246B4F90E103B4600F0FE
:1049A0003DF8BDE8F081C04610B50C46B1F90E10D7
:1049B00000F032F9002803DB636D1B18636510BD3E
:1049C000A38923F48053A381F9E7C04641EA000399
:1049D000024613F0030F04D102680B689A4212D00A
:1049E0000246107820B917E012F8010F013198B192
:1049F0000B788342F8D0C01A704750F8042F51F852
:104A0000043F9A42ECD1A2F10133D243134013F098
:104A1000803FF2D00020EFE70B78ECE770B540F66E
:104A20005034C2F2000405460020206008461146BA
:104A30001A4604F06DFEB0F1FF3F00D070BD236850
:104A4000002BFBD02B60F9E710B501FB02F1FEF75C
:104A500097FD0446F8B150F8043C23F003031A1FF5
:104A6000242A1AD8132A01460FD9002340F8043B00
:104A7000011D1B2A636008D94360081D4B60011D9E
:104A8000242A02BF43604B6008310B46002243F8E2
:104A9000042B4A605A60204610BD0021FBF784FBBE
:104AA000F9E7C04670B540F65034C2F2000405463E
:104AB00008460023236004F013FEB0F1FF3F00D04E
:104AC00070BD2368002BFBD02B60F9E770B506465C
:104AD0000C4600294BD0FEF7ADF816B1B369002B98
:104AE00047D049F66813C0F600039C4208BF7468BB
:104AF0000ED049F68813C0F600039C4208BFB46884
:104B000006D049F6A813C0F600039C4208BFF4681B
:104B1000B4F90C503DB330462146FDF7DDFF236B61
:104B200005463BB13046216A984735EA200528BF43
:104B30004FF0FF35A38913F0800F1ED1616B41B197
:104B400004F14403994202D03046FEF7C9F900232C
:104B50006363A16C21B13046FEF7C2F90023A36460
:104B60004FF00003A381FEF767F8284670BD0D469D
:104B7000FBE73046FEF7F2F8B3E730462169FEF76F
:104B8000AFF9DBE740F2A0330146C2F2000310B5F3
:104B90001868FFF79BFF10BD70B540F65034C2F2A5
:104BA00000040546084611460023236004F0A2FDD8
:104BB000B0F1FF3F00D070BD2368002BFBD02B600D
:104BC000F9E7C04670B540F65034C2F2000405461D
:104BD00008460023236004F097FDB0F1FF3F00D0AA
:104BE00070BD2368002BFBD02B60F9E770B540F651
:104BF0005034C2F2000405460020206008461146E9
:104C00001A4604F069FDB0F1FF3F00D070BD236883
:104C1000002BFBD02B60F9E770B540F65034C2F2A0
:104C20000004054600202060084611461A4604F09C
:104C30004FFDB0F1FF3F00D070BD2368002BFBD0CB
:104C40002B60F9E7002934D00123002210B48842F8
:104C50002CD301242407A14204D2814202D20901AB
:104C60001B01F8E7E400A14204D2814202D24900CC
:104C70005B00F8E7884201D3401A1A434C08A0426F
:104C800002D3001B5C0822438C08A04202D3001B05
:104C90009C082243CC08A04202D3001BDC0822431C
:104CA000002803D01B0901D00909E3E7101C10BC40
:104CB000704708B14FF0FF3000F00AB80029F8D073
:104CC00003B5FFF7C1FF0EBC4243891A1847C0461F
:104CD0007047C04681F0004102E0C04683F00043C7
:104CE00030B54FEA41044FEA430594EA050F08BF87
:104CF00090EA020F1FBF54EA000C55EA020C7FEA4B
:104D0000645C7FEA655C00F0E2804FEA5454D4EBC7
:104D10005555B8BF6D420CDD2C4480EA020281EA91
:104D2000030382EA000083EA010180EA020281EAC9
:104D30000303362D88BF30BD11F0004F4FEA01311B
:104D40004FF4801C4CEA113102D0404261EB41012A
:104D500013F0004F4FEA03334CEA133302D05242B0
:104D600063EB430394EA050F00F0A780A4F101046C
:104D7000D5F1200E0DDB02FA0EFC22FA05F28018A6
:104D800041F1000103FA0EF2801843FA05F359418C
:104D90000EE0A5F120050EF1200E012A03FA0EFC0B
:104DA00028BF4CF0020C43FA05F3C01851EBE37135
:104DB00001F0004507D54FF0000EDCF1000C7EEB52
:104DC00000006EEB0101B1F5801F1BD3B1F5001F90
:104DD0000CD349085FEA30004FEA3C0C04F10104AF
:104DE0004FEA445212F5800F80F09A80BCF1004FD8
:104DF00008BF5FEA500C50F1000041EB045141EA5A
:104E0000050130BD5FEA4C0C404141EB010111F45A
:104E1000801FA4F10104E9D191F0000F04BF014605
:104E20000020B1FA81F308BF2033A3F10B03B3F1E3
:104E300020020CDA0C3208DD02F1140CC2F10C0273
:104E400001FA0CF021FA02F10CE002F11402D8BFD1
:104E5000C2F1200C01FA02F120FA0CFCDCBF41EA9D
:104E60000C019040E41AA2BF01EB0451294330BD6C
:104E70006FEA04041F3C1CDA0C340EDC04F1140449
:104E8000C4F1200220FA04F001FA02F340EA030020
:104E900021FA04F345EA030130BDC4F10C04C4F166
:104EA000200220FA02F001FA04F340EA0300294646
:104EB00030BD21FA04F0294630BD94F0000F83F490
:104EC000801306BF81F480110134013D4EE77FEA73
:104ED000645C18BF7FEA655C29D094EA050F08BFBF
:104EE00090EA020F05D054EA000C04BF19461046A0
:104EF00030BD91EA030F1EBF0021002030BD5FEAE4
:104F0000545C05D14000494128BF41F0004130BD0B
:104F100014F580043CBF01F5801130BD01F000455F
:104F200045F0FE4141F470014FF0000030BD7FEAD2
:104F3000645C1ABF194610467FEA655C1CBF0B46CD
:104F4000024650EA013406BF52EA033591EA030FE4
:104F500041F4002130BDC04690F0000F04BF002195
:104F6000704730B54FF4806404F132044FF000050F
:104F70004FF0000150E7C04690F0000F04BF002141
:104F8000704730B54FF4806404F1320410F00045EE
:104F900048BF40424FF000013EE7C04642004FEAA2
:104FA000E2014FEA31014FEA02701FBF12F07F4366
:104FB00093F07F4F81F06051704792F0000F14BF63
:104FC00093F07F4F704730B54FF4607401F00045A7
:104FD00021F0004120E7C04650EA010208BF7047B7
:104FE00030B54FF000050AE050EA010208BF7047F3
:104FF00030B511F0004502D5404261EB41014FF45C
:10500000806404F132045FEA915C3FF4DCAE4FF05F
:1050100003025FEADC0C18BF03325FEADC0C18BF46
:10502000033202EBDC02C2F1200300FA03FC20FA97
:1050300002F001FA03FE40EA0E0021FA02F11444E4
:10504000C1E6C04670B54FF0FF0C4CF4E06C1CEAB2
:1050500011541DBF1CEA135594EA0C0F95EA0C0F6E
:1050600000F0DEF82C4481EA030621EA4C5123EAE1
:105070004C5350EA013518BF52EA033541F4801110
:1050800043F4801338D0A0FB02CE4FF00005E1FBC3
:1050900002E506F00042E0FB03E54FF00006E1FB0D
:1050A00003569CF0000F18BF4EF0010EA4F1FF0450
:1050B000B6F5007F64F5407404D25FEA4E0E6D4190
:1050C00046EB060642EAC62141EA55514FEAC520A1
:1050D00040EA5E504FEACE2EB4F1FD0C88BFBCF51D
:1050E000E06F1ED8BEF1004F08BF5FEA500E50F1CE
:1050F000000041EB045170BD06F0004646EA010194
:1051000040EA020081EA0301B4EB5C04C2BFD4EBC5
:105110000C0541EA045170BD41F480114FF0000EBE
:10512000013C00F3AB8014F1360FDEBF002001F02C
:10513000004170BDC4F10004203C35DA0C341BDCA6
:1051400004F11404C4F1200500FA05F320FA04F078
:1051500001FA05F240EA020001F0004221F00041AC
:1051600010EBD37021FA04F642EB06015EEA430E1F
:1051700008BF20EAD37070BDC4F10C04C4F120054F
:1051800000FA04F320FA05F001FA04F240EA020002
:1051900001F0004110EBD37041F100015EEA430ED3
:1051A00008BF20EAD37070BDC4F1200500FA05F2F3
:1051B0004EEA020E20FA04F301FA05F243EA020372
:1051C00021FA04F001F0004121FA04F220EA020081
:1051D00000EBD3705EEA430E08BF20EAD37070BDC7
:1051E00094F0000F0FD101F00046400041EB0101A7
:1051F00011F4801F08BF013CF7D041EA060195F089
:10520000000F18BF704703F00046520043EB030342
:1052100013F4801F08BF013DF7D043EA060370472F
:1052200094EA0C0F0CEA135518BF95EA0C0F0CD03A
:1052300050EA410618BF52EA4306D1D181EA030180
:1052400001F000414FF0000070BD50EA410606BF7A
:105250001046194652EA430619D094EA0C0F02D1BF
:1052600050EA013613D195EA0C0F05D152EA033604
:105270001CBF104619460AD181EA030101F0004122
:1052800041F0FE4141F470014FF0000070BD41F06B
:10529000FE4141F4780170BD70B54FF0FF0C4CF445
:1052A000E06C1CEA11541DBF1CEA135594EA0C0F64
:1052B00095EA0C0F00F0A7F8A4EB050481EA030EB1
:1052C00052EA03354FEA013100F088804FEA033398
:1052D0004FF0805545EA131343EA12634FEA022266
:1052E00045EA111545EA10654FEA00260EF0004127
:1052F0009D4208BF964244F1FD0404F5407402D279
:105300005B084FEA3202B61A65EB03055B084FEA09
:1053100032024FF480104FF4002CB6EB020E75EB06
:10532000030E22BFB61A754640EA0C005B084FEA2E
:105330003202B6EB020E75EB030E22BFB61A7546AB
:1053400040EA5C005B084FEA3202B6EB020E75EBF6
:10535000030E22BFB61A754640EA9C005B084FEA6E
:105360003202B6EB020E75EB030E22BFB61A75467B
:1053700040EADC0055EA060E18D04FEA051545EA6A
:1053800016754FEA06164FEAC30343EA52734FEA13
:10539000C2025FEA1C1CC0D111F4801F0BD141EA8C
:1053A00000014FF000004FF0004CB6E711F4801FF1
:1053B00004BF01430020B4F1FD0C88BFBCF5E06FD1
:1053C0003FF6AFAEB5EB030C04BFB6EB020C5FEAE1
:1053D000500C50F1000041EB045170BD0EF0004E36
:1053E0004EEA113114EB5C04C2BFD4EB0C0541EA68
:1053F000045170BD41F480114FF0000E013C90E665
:1054000045EA060E8DE60CEA135594EA0C0F08BF28
:1054100095EA0C0F3FF43BAF94EA0C0F0AD150EA27
:1054200001347FF434AF95EA0C0F7FF425AF1046BA
:1054300019462CE795EA0C0F06D152EA03353FF4E2
:10544000FDAE1046194622E750EA410618BF52EA5F
:1054500043067FF4C5AE50EA41047FF40DAF52EA33
:1054600043057FF4EBAE12E74FF0FF3C06E0C04689
:105470004FF0010C02E0C0464FF0010C4DF804CC97
:105480004FEA410C7FEA6C5C4FEA430C18BF7FEA9D
:105490006C5C1AD050EA410C0CBF52EA430C91EA02
:1054A000030F02BF90EA020F0020704710F1000FB7
:1054B00091EA030F58BF994208BF90422CBFD817FA
:1054C0006FEAE37040F0010070474FEA410C7FEA59
:1054D0006C5C02D150EA013C07D14FEA430C7FEAF1
:1054E0006C5CD7D152EA033CD4D05DF8040C704711
:1054F0008446104662468C461946634600E0C04624
:1055000001B5FFF7B9FF002848BF10F1000F01BD3A
:105510004DF808EDFFF7F4FF0CBF012000205DF807
:1055200008FBC0464DF808EDFFF7EAFF34BF012045
:1055300000205DF808FBC0464DF808EDFFF7E0FFDE
:1055400094BF012000205DF808FBC0464DF808ED2F
:10555000FFF7CEFF94BF012000205DF808FBC04696
:105560004DF808EDFFF7C4FF34BF012000205DF8BF
:1055700008FBC0464FEA410212F5001215D211D5C0
:105580006FF47873B3EB625212D94FEAC12343F040
:10559000004343EA505311F0004F23FA02F018BFC2
:1055A000404270474FF00000704750EA013005D18B
:1055B00011F0004008BF6FF0004070474FF000004E
:1055C0007047C04680F0004002E0C04681F00041D4
:1055D00042001FBF5FEA410392EA030F7FEA226C99
:1055E0007FEA236C6AD04FEA1262D2EB1363C1BF29
:1055F000D218414048404140B8BF5B42192B88BF98
:10560000704710F0004F40F4000020F07F4018BFBA
:10561000404211F0004F41F4000121F07F4118BFDA
:10562000494292EA030F3FD0A2F1010241FA03FC82
:1056300010EB0C00C3F1200301FA03F100F000436A
:1056400002D5494260EB4000B0F5000F13D3B0F132
:10565000807F06D340084FEA310102F10102FE2AA1
:1056600051D2B1F1004F40EBC25008BF20F0010011
:1056700040EA03007047490040EB000010F4000FBF
:10568000A2F10102EDD1B0FA80FCACF1080CB2EB52
:105690000C0200FA0CF0AABF00EBC25052421843B1
:1056A000BCBFD0401843704792F0000F81F4000156
:1056B00006BF80F400000132013BB5E74FEA410329
:1056C0007FEA226C18BF7FEA236C21D092EA030F95
:1056D00004D092F0000F08BF0846704790EA010F0F
:1056E0001CBF0020704712F07F4F04D1400028BF3C
:1056F00040F00040704712F100723CBF00F500001E
:10570000704700F0004343F0FE4040F40000704753
:105710007FEA226216BF08467FEA236301464202FF
:1057200006BF5FEA412390EA010F40F48000704712
:105730004FF0000304E0C04610F0004348BF404271
:105740005FEA000C08BF704743F0964301464FF0F4
:1057500000001CE050EA010208BF70474FF0000350
:105760000AE0C04650EA010208BF704711F000434A
:1057700002D5404261EB41015FEA010C02BF844661
:105780000146002043F0B64308BFA3F18053A3F5C0
:105790000003BCFA8CF2083AA3EBC25310DB01FA07
:1057A00002FC634400FA02FCC2F12002BCF1004F8B
:1057B00020FA02F243EB020008BF20F0010070471C
:1057C00002F1200201FA02FCC2F1200250EA4C0070
:1057D00021FA02F243EB020008BF20EADC707047B6
:1057E0004FF0FF0C1CEAD0521EBF1CEAD15392EAC4
:1057F0000C0F93EA0C0F6FD01A4480EA010C4002A0
:1058000018BF5FEA41211ED04FF0006343EA5010F9
:1058100043EA5111A0FB01310CF00040B1F5000F3B
:105820003EBF490041EAD3715B0040EA010062F1EA
:105830007F02FD2A1DD8B3F1004F40EBC25008BFD4
:1058400020F00100704790F0000F0CF0004C08BFF2
:1058500049024CEA502040EA51207F3AC2BFD2F1BF
:10586000FF0340EAC250704740F400004FF00003CD
:10587000013A5DDC12F1190FDCBF00F00040704707
:10588000C2F10002410021FA02F1C2F1200200FA45
:1058900002FC5FEA310040F1000053EA4C0308BF0C
:1058A00020EADC70704792F0000F00F0004C02BF5D
:1058B000400010F4000F013AF9D040EA0C0093F0D8
:1058C000000F01F0004C02BF490011F4000F013B32
:1058D000F9D041EA0C018FE70CEAD15392EA0C0FA0
:1058E00018BF93EA0C0F0AD030F0004C18BF31F00B
:1058F000004CD8D180EA010000F00040704790F0E1
:10590000000F17BF90F0004F084691F0000F91F084
:10591000004F14D092EA0C0F01D142020FD193EA4A
:105920000C0F03D14B0218BF084608D180EA0100D2
:1059300000F0004040F0FE4040F40000704740F0AE
:10594000FE4040F4400070474FF0FF0C1CEAD0527C
:105950001EBF1CEAD15392EA0C0F93EA0C0F69D0D8
:10596000A2EB030280EA010C49024FEA402037D043
:105970004FF0805343EA111143EA10130CF000403A
:105980008B4238BF5B0042F17D024FF4000C8B422A
:1059900024BF5B1A40EA0C00B3EB510F24BFA3EB0A
:1059A000510340EA5C00B3EB910F24BFA3EB9103DA
:1059B00040EA9C00B3EBD10F24BFA3EBD10340EA34
:1059C000DC001B0118BF5FEA1C1CE0D1FD2A3FF67A
:1059D00050AF8B4240EBC25008BF20F0010070472F
:1059E0000CF0004C4CEA50207F32C2BFD2F1FF03D2
:1059F00040EAC250704740F400004FF00003013A03
:105A000037E792F0000F00F0004C02BF400010F4A6
:105A1000000F013AF9D040EA0C0093F0000F01F0BA
:105A2000004C02BF490011F4000F013BF9D041EADC
:105A30000C0195E70CEAD15392EA0C0F08D142020F
:105A40007FF47DAF93EA0C0F7FF470AF084676E7E2
:105A500093EA0C0F04D14B023FF44CAF08466EE7BB
:105A600030F0004C18BF31F0004CCAD130F0004289
:105A70007FF45CAF31F000437FF43CAF5FE7C0469A
:105A80004BB942B9002908BF002802D04FF0FF31BE
:105A90000846FFF71DB982B0EC462DE9005000F032
:105AA00005F8DDF804E002B00CBC70472DE9704346
:105AB00016461C468046894600F03AFA00FB04F47C
:105AC00006FB0145069CA0FB0623EB18B8EB020879
:105AD00069EB0309C4E90089BDE870832DE97043CF
:105AE00016461C468046894600F010F800FB04F478
:105AF00006FB0145069CA0FB0623EB18B8EB020849
:105B000069EB0309C4E90089BDE8708300292DE928
:105B1000F04F144687B01D46C0F2F5800026002BDA
:105B20000196C0F2F980834626460F462846002D8E
:105B30005CD18C426AD9B4F5803FC0F0DE81B4F10B
:105B4000807FC0F0E6811822082049F6283336FA13
:105B500002F1C0F600035A5C851A0AD0C5F1200391
:105B600017FA05F22BFA03F3AE4043EA02070BFAE9
:105B700005FB4FEA1649384649464FEA0648FFF703
:105B800061F849464FEA1848824608FB00F5384656
:105B9000FFF794F84FEA1B4343EA0144A54208D9B2
:105BA000A4190AF1FF3A04D2A54284BF0AF1FF3AD0
:105BB000A419641B49462046FFF744F8494608FBF0
:105BC00000F705462046FFF779F84FEA0B431B0C18
:105BD00043EA0142974205D9013D931902D29F42FF
:105BE00088BF013D45EA0A40002103E08D4267D9A4
:105BF00000200146019E02460B4616B1524263EB5D
:105C000043031046194607B0BDE8F08F24B90120C0
:105C10002146FFF717F80646B6F5803FC0F08380AF
:105C2000B6F1807FC0F078811822082049F6283329
:105C300036FA02F1C0F600035A5CB0EB020A40F0FB
:105C400085804FEA0648BC1B4FF0010A370C4FEA2B
:105C5000184820463946FEF7F5FF394608FB00F59F
:105C600081462046FFF72AF84FEA1B4343EA0144E6
:105C7000A54208D9A41909F1FF3904D2A54284BF6D
:105C800009F1FF39A419641B39462046FEF7DAFFF3
:105C9000394608FB00F805462046FFF70FF84FEAA3
:105CA0000B431B0C43EA0142904505D9013D931972
:105CB00002D2984588BF013D45EA0940514699E71F
:105CC000B5F5803FC0F09080B5F1807FC0F01E81B7
:105CD0001822082449F6283330FA02F1C0F60003EE
:105CE0005A5CB4EB020A40F092805E458CBF002300
:105CF0000123B84238BF43F00103002B3FF478AFD3
:105D00000120514676E7404261EB4101002B4FF004
:105D1000FF360196BFF607AF019CE443019454425D
:105D200063EB4305FFE6B6F5807F49F6283334BFC1
:105D30000022082234BF20201820C0F6000336FAC3
:105D400002F15A5CB0EB020A3FF47BAF06FA0AF6A6
:105D5000CAF1200337FA03F407FA0AF2370C204697
:105D600039462BFA03F313430393FEF76BFF4FEA15
:105D7000064839464FEA1848029008FB00F52046CD
:105D8000FEF79CFF039A130C43EA0144A54209D98C
:105D9000029B013BA419029304D2A54202D9A41983
:105DA000591E0291641B39462046FEF74BFF3946C7
:105DB00008FB00F905462046FEF780FF039A13040E
:105DC0001B0C43EA0140814506D9013D801903D2ED
:105DD000814501D9013D8019029B0BFA0AFBC9EBF1
:105DE000000445EA034A34E7B5F5807F49F62833D5
:105DF00034BF0022082234BF20241824C0F6000338
:105E000030FA02F15A5CB4EB020A3FF46EAFCAF109
:105E1000200200FA0AF136FA02F337FA02F443EAF2
:105E2000010807FA0AF320462BFA02F24FEA184754
:105E30001A43394606FA0AF605920496FEF702FF5F
:105E40004FEA08463946360C814606FB00F52046E7
:105E5000FEF734FF059C230C43EA0144A54204D914
:105E600014EB080409F1FF395CD3641B3946204662
:105E7000FEF7E8FE394606FB00F605462046FEF72B
:105E80001DFF059A13041B0C43EA0140864207D903
:105E9000013D10EB080003D2864201D9013D404488
:105EA000841B45EA0946049D3204300C2B04120C75
:105EB000290C1B0C01FB00F503FB02F703FB00F3AD
:105EC00001FB023202EB1740834288BF05F58035A3
:105ED00005EB10439C420DD3BBB214BF002101213E
:105EE0000BFA0AF203EB00439A422CBF002201F0A6
:105EF0000102A2B1701E00217CE6B4F5807F34BFA0
:105F00000022082234BF202018201EE6102214464A
:105F1000E0E61022104618E61022104686E63046CB
:105F2000114667E6A54284BF09F1FF3944449CE766
:105F30002DE9F04F0E461C4685B0114615468346A6
:105F40003746002C5ED1B2427ED9B2F5803FC0F018
:105F5000C681B2F1807FC0F0D1811822082049F6B5
:105F6000283335FA02F1C0F600035A5CB0EB020E9A
:105F70000BD0CEF1200306FA0EF22BFA03F305FA4A
:105F80000EF543EA02070BFA0EFB4FEA15493846B5
:105F900049464FEA0548FEF755FE49464FEA18487C
:105FA000824608FB00F63846FEF788FE4FEA1B43A0
:105FB00043EA0144A64208D964190AF1FF3A04D21F
:105FC000A64284BF0AF1FF3A6419A41B4946204641
:105FD000FEF738FE494608FB00F706462046FEF766
:105FE0006DFE4FEA0B431B0C43EA0142974205D971
:105FF000013E531902D29F4288BF013E46EA0A443D
:1060000000227CE0B44278D8B4F5803F7CD3B4F170
:10601000807FC0F06D811822082049F6283334FAB9
:1060200002F1C0F600035A5CB0EB020A7ED15D4576
:106030008CBF00230123B44238BF43F00103002B7F
:106040005BD0012452465AE01AB90120FEF7FAFD4E
:106050000546B5F5803FC0F0E180B5F1807FC0F026
:106060004A811822082049F6283335FA02F1C0F691
:1060700000035A5CB0EB020A40F0E3804FEA0548A7
:10608000741B2F0C4FF0010A4FEA1848204639467E
:10609000FEF7D8FD394608FB00F681462046FEF79C
:1060A0000DFE4FEA1B4343EA0144A64208D9641996
:1060B00009F1FF3904D2A64284BF09F1FF396419FE
:1060C000A41B39462046FEF7BDFD394608FB00F803
:1060D00006462046FEF7F2FD4FEA0B431B0C43EA4F
:1060E0000142904505D9013E531902D2984588BF17
:1060F000013E46EA0944524601E000242246204679
:10610000114605B0BDE8F08FB4F5807F49F628331D
:1061100034BF0022082234BF20201820C0F600031C
:1061200034FA02F15A5CB0EB020A80D0CAF12002C4
:1061300004FA0AF135FA02F336FA02F443EA0108E6
:10614000204606FA0AF32BFA02F24FEA18471A43DE
:106150003946039205FA0AF50295FEF773FD4FEAF8
:1061600008463946360C814606FB00F52046FEF708
:10617000A5FD039A130C43EA0144A54205D914EB8B
:10618000080409F1FF39C0F0BC80641B3946204681
:10619000FEF758FD394606FB00F605462046FEF799
:1061A0008DFD039A13041B0C43EA0140864207D974
:1061B000013D10EB080003D2864201D9013D404465
:1061C000841B45EA0946029D3204300C2B04120C54
:1061D000290C1B0C01FB00F503FB02F703FB00F38A
:1061E00001FB023202EB1740834288BF05F5803580
:1061F00005EB10439C420ED3BBB214BF002101211A
:106200000BFA0AF203EB00439A422CBF002001F084
:10621000010000287BD0741E002270E7B5F5807F56
:1062200049F6283334BF0022082234BF202018202A
:10623000C0F6000335FA02F15A5CB0EB020A3FF4F3
:106240001DAF05FA0AF5CAF1200336FA03F406FA7F
:106250000AF22F0C204639462BFA03F3134301931D
:10626000FEF7F0FC4FEA054839464FEA184800901F
:1062700008FB00F62046FEF721FD019A130C43EAC5
:106280000144A64209D9009B013B6419009304D242
:10629000A64202D96419591E0091A41B3946204612
:1062A000FEF7D0FC394608FB00F906462046FEF70B
:1062B00005FD019A13041B0C43EA0140814506D9F0
:1062C000013E401903D2814501D9013E4019009B8E
:1062D0000BFA0AFBC9EB000446EA034AD6E6B2F51C
:1062E000807F34BF0022082234BF2020182036E6E9
:1062F0001022104691E610221046B4E610221046F5
:106300002DE6A54284BF09F1FF3944443DE73446F8
:106310000246F4E6062000F02DF8012003F0E4F92F
:106320001F2970B504460D461FD8426CA2B152F821
:1063300021308BB1012B0DD0B3F1FF3F06D00024EB
:10634000084642F821409847204670BD1733036045
:106350000120FAE70020F8E7204600F089F82A46F5
:106360000146204600F088F8EFE7162303604FF05F
:10637000FF30EAE740F2A0330146C2F2000310B555
:106380001868FFF7CDFF10BD70B5456C04460DB120
:10639000002070BD8021FDF7F3F8606430B12B461A
:1063A0002A46C2500433802BFBD1F1E70138F0E7D5
:1063B00040F2A033C2F2000310B51868FFF7E4FF03
:1063C00010BDC0461F2970B504460D4611D8426C59
:1063D000C2B1AB00D11852F825307BB1B3F1FF3F09
:1063E0000ED0012B08D0002428460C609847204688
:1063F00070BD4FF0FF30FBE70320F9E70120F7E71E
:106400000220F5E7FFF7C0FF0028F2D1626CE0E759
:1064100040F2A0330146C2F2000310B51868FFF73E
:10642000D1FF10BD1F2970B505460C46164606D88B
:10643000436C4BB153F8240043F8246070BD16231D
:1064400003604FF0FF30F9E7FFF79EFF08B96B6C70
:10645000F0E74FF0FF30F1E70A4640F2A031C2F218
:106460000001034610B508681946FFF7DBFF10BDB1
:1064700010B503F045F910BD70B540F65034C2F2C6
:1064800000040546084611460023236003F02EF958
:10649000B0F1FF3F00D070BD2368002BFBD02B6014
:1064A000F9E7C04603460A4610B502481946F9F70F
:1064B000BFFEFEE7289C000803460A4610B51946B1
:1064C0000148F9F7B5FE10BD559C000803460A4681
:1064D00010B519460148F9F7ABFE10BD749C0008D1
:1064E00003460A4610B519460148F9F7A1FE10BD4A
:1064F0006B9C0008014610B50148F9F799FE10BDE4
:106500008D9C0008124B10B51968043318680433C9
:106510001C68D9B10F4AC1F307231371C1F30743B4
:1065200093710B0E1372C0F307231373C0F3074369
:106530009373030E1374C4F307231375C4F3074353
:106540009375230E917090729474137610BDC046AB
:10655000E8F7FF1F0000002082B00190019A044B71
:106560001A60034B1B68002BFBD102B07047C0467A
:10657000A408002010B56420FFF7EEFF10BDC04650
:1065800010B54FF47A70FFF7E7FF10BD034A1368A8
:1065900013B11368013B13607047C046A408002084
:1065A00070B505462846202101F0AAFA0028F9D046
:1065B000284601F0F7FAC4B22146284601F014FB40
:1065C0002846802101F09CFA0028F9D00D2C14BF38
:1065D00020460A2070BDC0460A2810B504460CD1DA
:1065E0000C480D2101F000FB0A48802101F088FAD7
:1065F0000028F9D007480A2101E00648E1B201F07D
:10660000F3FA0448802101F07BFA0028F9D02046F3
:1066100010BDC046003801402DE97043324886B0B5
:10662000FFF768FFDFF8CC80012141F2040002F09F
:1066300015F805AD1020012102F010F803264FF0E7
:10664000E0024FF0180940462946ADF81420102406
:106650008DF816608DF8179001F0D0FE404629465F
:10666000ADF814408DF816608DF8174001F0C6FEA5
:106670008DF816601D4E4FF0C0038DF81740304660
:1066800029461B4CADF8143001F0B8FE00234FF43E
:106690008272ADF80230ADF80420ADF806304FF448
:1066A0000072ADF80830ADF80A30ADF81030204671
:1066B0004FF007030DF10201ADF80C20ADF81230D8
:1066C000ADF80E9002F092F82046012102F062F837
:1066D0003046402101F008FE3046802101F004FEE2
:1066E00006B0BDE87083C0468097000800100140E6
:1066F00000300140000801402DE9774100200146AB
:1067000001F0EEFC012500244FF00C0868460095CE
:106710008DF804408DF805808DF8065001F080FC5E
:106720002046294601F0DCFC022368466E460093B1
:106730008DF804408DF805808DF8065001F070FC4E
:10674000BDE87E812DE9734F314D01AC4FF0030858
:106750004FF4007B4FF0180A284621460426ADF876
:1067600004B08DF806808DF807A001F047FE4FF4C5
:10677000806328462146ADF804308DF8076001F0AB
:106780003DFE284621464FF48079ADF804808DF80F
:10679000076001F033FE1423284621468DF80730A8
:1067A000ADF804908DF8068001F028FE4FF4F85300
:1067B00021461848ADF8043005F580658DF806804F
:1067C0008DF8076001F01AFE21461348ADF8046009
:1067D0008DF806808DF8076001F010FE48232846EA
:1067E00021468DF80730ADF8049001F007FE2846E9
:1067F0002146ADF804B08DF807A08DF8068001F0B1
:10680000FDFD4FF4EA10012101F096FCBDE87C8FFC
:1068100000080140001001400014014010B528B1EB
:1068200005484FF4807101F02FFD04E002484FF459
:10683000807101F059FD10BD0008014073B54FF49F
:10684000A06001AD01F052FB00240126142328466C
:106850008DF804308DF805608DF806408DF80760DE
:1068600001F0FCFA2A2328468DF804308DF8054003
:106870008DF806408DF8076001F0F0FA0B232846EA
:106880008DF804308DF805408DF806408DF80760CE
:1068900001F0E4FA7CBDC046002010B501F004FF11
:1068A0004FF40000012101F0B3FE10BD73B50021CB
:1068B0004FF0006001F0B0FA01AE4FF4E06001F07B
:1068C00015FB00240125062330468DF804308DF891
:1068D00005408DF806408DF8075001F0BFFA0723F8
:1068E00030468DF804308DF805408DF806508DF84F
:1068F000075001F0B3FA142330468DF804308DF8B8
:1069000005408DF806408DF8075001F0A7FA7CBDD0
:1069100010B500F031FF0420012101F09FFE082096
:10692000012101F09BFE1020012101F097FE2020A3
:10693000012101F093FE01214FF4804001F08EFE11
:106940000120014601F08AFE4FF00070012101F0A4
:106950005FFE10BD1FB50D4C4FF4E1330093A3F55E
:10696000E133ADF80430ADF80630ADF80830ADF8DD
:106970000C3020464FF00C036946ADF80A3001F0A8
:1069800093F92046012101F05BF91FBD0038014059
:1069900010B500F041F80024FFF7ECFD04F001030E
:1069A000013413B900F040F801E000F019F80121BA
:1069B0000A4801F0C9FC012802D100F047F801E0C3
:1069C00000F020F80221054801F0BEFC012802D1A8
:1069D00000F034F8E0E700F00DF8DDE700080140D2
:1069E00010B503484FF4807101F07EFC10BDC04625
:1069F000000C014010B50248202101F075FC10BDCB
:106A0000000C014010B503484FF4007101F06CFC1C
:106A100010BDC046000C014010B5FFF7F3FFFFF7B3
:106A2000E9FFFFF7DDFF10BD10B503484FF480719B
:106A300001F02AFC10BDC046000C014010B5024810
:106A4000202101F021FC10BD000C014010B50348CD
:106A50004FF4007101F018FC10BDC046000C01405D
:106A600010B5044618E0FFF7CDFFFFF7E7FFFFF78B
:106A7000DBFFFFF785FDFFF7E9FFFFF7BBFFFFF740
:106A8000D3FFFFF77DFDFFF7E1FFFFF7D7FFFFF72C
:106A9000A7FFFFF775FD013C002CE4D110BDC046F7
:106AA00010B5FFF7D3FFFFF7C9FFFFF7BDFF10BD1C
:106AB00010B5FFF7F5FFFFF763FDFFF7ADFFFFF739
:106AC0005FFD0320FFF7CCFF10BDC04670B5194E27
:106AD000194C304602F03CFA204601F03FFF0223F9
:106AE0002371DB18002563714FF00A0323802146D0
:106AF000A571E57125726572A572E572A570E570E4
:106B0000304602F04BF90D4801248572C5720473BA
:106B1000058045808580C5800581447302F09EF81C
:106B2000074B40F221321A605C605D721D729C72EC
:106B300070BDC04600640040D00A0020DC0A00207E
:106B4000EC0A002010B50D48F9F7CCFBFFF7BEFFAB
:106B50000B480221012202F035F80A48FFF720FD18
:106B600004464FF4FA70FFF7F7FC0748F9F7BAFB51
:106B700006490348CC7201F083FFEEE7959C0008BC
:106B80000064004000380140A79C0008EC0A002087
:106B900010B5FFF753FEFFF77FFE00F07BFF10BD3F
:106BA00010B50B4C0B482168F9F742FB61680A48A5
:106BB000F9F73EFBA1680948F9F73AFBE168084894
:106BC000F9F736FB21690748F9F732FB10BDC046DB
:106BD000BC0A0020B49C0008CB9C0008E09C000884
:106BE000F69C00080C9D000870B53E4CFFF790FE27
:106BF000204601F09BFCFFF759FEFFF7A3FDFFF7CE
:106C00007BFDFFF7A7FE23684FF47A72B3FBF2F324
:106C100023F07F43344A013B5360344B6FF00F0144
:106C200083F823100020072390601360FFF7F6FD20
:106C30004FF4FA70FFF790FC2D48F9F753FB2D48FD
:106C4000F9F750FB2C48F9F74DFB2C48F9F74AFBB4
:106C50002B48F9F747FB2948F9F744FB2948F9F78E
:106C600041FB2948F9F73EFB2848F9F73BFB284848
:106C7000F9F738FB2748F9F735FB2048F9F732FBDD
:106C80002548F9F72FFB2548FFF78AFC05462448DD
:106C9000F9F728FB6BB2303B052B1FD8DFE803F078
:106CA0000306090C0F1CFFF77BFF17E0FFF700FF3F
:106CB00014E0FFF76DFE11E000F0DAFA0EE0194B78
:106CC00001241C70FFF764FF4FF4FA70FFF744FCD7
:106CD0002046FFF7A3FD01E0FFF734FF782DABD18D
:106CE000002070BDBC0A002010E000E000ED00E0D4
:106CF000AE9F0008239D00083A9D0008AF9F000842
:106D0000499D00085F9D00086B9D0008779D000865
:106D1000869D0008969D0008A99D00080038014046
:106D2000B29D0008B00800207047C046FEE7C0468C
:106D3000FEE7C046FEE7C046FEE7C0467047C046D5
:106D40007047C0467047C0467047C0467047C0464F
:106D50007047C0467047C0467047C0467047C0463F
:106D60007047C0467047C0467047C0467047C0462F
:106D70007047C0467047C0467047C0467047C0461F
:106D80007047C0467047C0467047C0467047C0460F
:106D90007047C0467047C0467047C0467047C046FF
:106DA0007047C0467047C0467047C0467047C046EF
:106DB0007047C0467047C0467047C0467047C046DF
:106DC0007047C0467047C0467047C0467047C046CF
:106DD0007047C0467047C0467047C04610B54FF474
:106DE000802001F0C3F810BD10B54FF4807001F0A1
:106DF000CFF828B102F0BCF94FF4807001F0B6F87A
:106E000010BDC04610B50A4C00212246094801F0C9
:106E1000D9FD226840F221339A4208D1237A33B94E
:106E2000A37A012B03D10448E17AF9F701FA10BDE6
:106E3000040B002000640040C09D000870B50F489E
:106E40000F4D072303700F4C2B681A092368A2EB20
:106E50001313042B0ED942704FF48071022200F0FC
:106E600035FE0120022100F0B3FD012000F068FD95
:106E70002B682360022001F059F870BD000B002040
:106E8000A8080020AC08002010B5022001F080F80E
:106E900010B31248F9F726FA114B1978012918D1C5
:106EA0001048114A0623037013781BB10023137096
:106EB000417001E0117043700A484FF48071022262
:106EC00000F004FE0120022100F082FD012000F00C
:106ED00037FD022001F04AF810BDC046D89D0008D9
:106EE000B0080020000B0020B108002010B50120E0
:106EF00001F04EF810B31248F9F7F4F9114B197874
:106F0000012918D11048114A0523037053781BB189
:106F100000235370417001E0517043700A484FF4F0
:106F20008071022200F0D2FD0120022100F050FD0C
:106F3000012000F005FD012001F018F810BDC04649
:106F4000F09D0008B0080020000B0020B1080020D0
:106F500010B5FFF71BFB10BD014B04221A607047F0
:106F6000B40800207047C0467047C046062810B5D8
:106F700011D1144B1A68137803F07F03012B0AD147
:106F8000537943B99378222B01D10F4A0DE0212B7D
:106F900015D10E4A09E00B4B1B681B7803F07F03E9
:106FA000212B0CD103280AD1094A064B4FF00001CE
:106FB0001B6800209A6159829047002000E002205F
:106FC00010BDC046480B0020457000083570000811
:106FD0001970000801B900B102207047034B00206E
:106FE0001B68DA78024B1A607047C046480B0020D5
:106FF000180B002010B5074B1B681B7803F07F03AC
:10700000212B04D10B2802D1FFF7E8FF00E002207A
:1070100010BDC046480B002028B9044B4FF00101B9
:107020001B68198200E002487047C046480B0020E8
:10703000180B002010B5024900F0F8FC10BDC04646
:107040001C00002010B5024900F0F0FC10BDC04645
:107050002400002010B5064B1B68DB78042B01D9F7
:10706000002004E0034901EBC30100F0DFFC10BD88
:10707000480B00202C00002010B5024900F0D6FC7F
:1070800010BDC0464C00002010B5024900F0CEFCF7
:1070900010BDC0465400002010B5064B1B689B7AFB
:1070A00033B1054B05221A600448012101F02EFC82
:1070B00010BDC046480B0020B40800200024014049
:1070C000274B10B51A68274B0024DB799472D472D1
:1070D0005372204600F0F0FB20464FF4007100F0A0
:1070E000F5FB2046102100F0FFFB2046182100F0A0
:1070F0005FFC5821204600F04BFC204600F03CFC91
:10710000194B204693F86C1000F070FC204600F0FC
:1071100025FC01204FF4C06100F0D8FB01204FF4A2
:10712000807100F035FC01204FF4827100F040FCCA
:107130000120022100F04CFC0120022100F056FC4D
:1071400001204FF4405100F0E5FB0120202100F028
:10715000CBFB064B01221A60204600F077FC10BDE5
:10716000480B00209C9700081C000020B408002059
:1071700010B5FFF7C7F9084B00241B689C7200F09C
:1071800015F8064B4FF43F421C60054B1A80054B27
:107190001A60054B1C6010BD480B0020445C004089
:1071A0004C0B0020405C0040B4080020064901233D
:1071B0000B60064B002008601860054B4FF4E0524E
:1071C0001A800A607047C046405C0040445C004042
:1071D0004C0B002010B5FFF71FFCFFF72FFC3220EF
:1071E000FFF7BAF9FFF706FC3220FFF7B5F9FFF712
:1071F00025FC3220FFF7B0F9FFF7FCFB3220FFF748
:10720000ABF9FFF71BFC10BD10B5FFF705FCFFF74E
:107210001DFC3220FFF7A0F9FFF7F4FB3220FFF747
:107220009BF9FFF713FC3220FFF796F9FFF7EAFB13
:107230003220FFF791F9FFF709FC10BD10B5FFF7F9
:10724000EBFBFFF7F1FB3220FFF786F9FFF7C8FBF6
:107250003220FFF781F9FFF7E7FB3220FFF77CF9D7
:10726000FFF7BEFB3220FFF777F9FFF7DDFB10BD1C
:107270002DE9F047B44896B0FFF73CF9B348F9F769
:1072800031F8B348F9F72EF8B248F9F72BF8B248BD
:10729000F9F728F8B148F9F725F8B148FFF780F970
:1072A0000446A4F15605AF48F9F71CF8613CAE4816
:1072B0002946F8F7BDFF0F2CAC4C01D8257105E02D
:1072C000AB481921F8F7B4FF19232371A74C4FF4E9
:1072D0001B6240F66511A748F8F7AAFF237905213C
:1072E000594301F512610E31A348F8F7A1FF42F2AC
:1072F0000702012362806371FFF78EF902F0B6F98D
:1073000002F0AEF901469D48F8F792FF02F0A2F9AB
:1073100001469B48F8F78CFF9A48F8F7E3FF9A4834
:10732000F8F7E0FF9948F8F7DDFF9948F8F7DAFF3A
:107330009848F8F7D7FF9548F8F7D4FF9648F8F73C
:10734000D1FF9648F8F7CEFF9048F8F7CBFF944866
:10735000F8F7C8FF9348F8F7C5FF8C48F8F7C2FF65
:107360009148F8F7BFFF7E48FFF71AF905467D48B8
:10737000F8F7B8FF6BB2313B052B00F2D381DFE8A1
:1073800013F0080006002A006600A2006501874C81
:107390001BE0874C09E001F0DBFF14F8101C83B2FE
:1073A00054F80C2C8348F8F743FF14F8080C083401
:1073B000FF28F0D1B6E102F053F814F8101C83B2A4
:1073C00054F80C2C7B48F8F733FF14F8080C0834F9
:1073D000FF28F0D1A6E17848FFF78CF863484BF618
:1073E000EF63038001F09AFE012804D172484FF444
:1073F0008F71FFF761F801F0E7FD6F484FF491716D
:10740000FFF76EF801F0CCFD0028FBD0574C6A481E
:107410004FF49471FFF764F8A01D0121002201F0E0
:10742000EBFD60B1A1796548F8F702FF01F0DAFDE4
:1074300041B26348F8F7FCFEFFF7CCFEE2E75E4896
:1074400040F23311FFF742F8FFF7DEFEDAE75D485E
:10745000FFF750F8454842F22052028001F05EFEEC
:10746000012804D157484FF4A871FFF725F801F01F
:107470009DFD3020F72101F055FF3C4B6022DA7171
:107480004FF4FA70FFF768F8384AD3797A2B01D1B4
:10749000612300E00133354CD371E1794A48F8F7B4
:1074A000C7FE4BF6EF60E11D012201F0C9FD38B1C6
:1074B000444840F26B11FFF709F8FFF7A5FEDFE73C
:1074C000FFF7BCFEDCE729484BF6EF63038001F0D1
:1074D00025FE012804D13D484FF4CF71FEF7ECFFA3
:1074E000002140220DF11600F8F75EFE01F06CFD60
:1074F00000252F462E46A946A846AA460AF1010AAB
:1075000001F04EFD0028FBD0184C682104F1080062
:107510000DF1560201F070FD00286ED016AA02EBA4
:1075200048034146A06833F842EC4B1C5FFA83F8ED
:10753000B8F1200F08BF4FF000088742BDF8564051
:1075400046D101374EE0C046B1980008079E0008BA
:107550001B9E00085A9E0008999E0008D89E0008AD
:1075600000380140A79C0008179F0008B8080020B9
:107570002F9F0008469F0008709F00088E9F0008FC
:107580009D9F0008AD9F00083A9D0008AF9F00082E
:10759000C59F0008DE9F0008F79F000803A00008B1
:1075A00010A0000828A00008A99D0008BC00002029
:1075B000B401002043A00008BD9800085AA00008AC
:1075C0006AA00008C698000884A00008D0980008A7
:1075D00000F1010203D23318DE1B174602E0002639
:1075E0001746B14616AA02EB410323F8424C2B1969
:1075F000CEEB03039DB209F101091AF00F0F7FF4DE
:107600007DAFFFF7E7FD3046FEF792F8044609EB41
:107610000600FEF78DF801462046FEF795F944492D
:10762000FEF7DEF8FDF7BAFC2BB2CDE90001202011
:1076300093FBF0F0FEF780F8FDF7B0FC3246CDE9A1
:10764000020149463B48F8F7F3FD57E73A4842F252
:107650002053038001F062FD012804D1374840F235
:10766000F511FEF729FF3020F72101F05BFE6821BC
:107670003348F8F7DDFD3348F8F734FE3248F8F7C1
:1076800031FE3248F8F72EFE3148F8F72BFE31482C
:10769000F8F728FE3048FEF783FF04462F48F8F736
:1076A00021FE61B2332909D0342909D042F2107386
:1076B00032290CBF1E464FF47A7602E0284E00E0D5
:1076C000284E31462848F8F7B3FD01F06FFC1A4BFD
:1076D00000221A67254B9B181A710132642AF9D1CE
:1076E0002348F8F7FFFD1C48FEF75AFF0024124D0F
:1076F00068224BF6EF6005F1700101F0A1FC2B6FE1
:107700000134013314F00F0F2B6705D1FFF796FDFD
:107710001848296FF8F78CFDB442E8D3064B0022D5
:107720001A67DDE7782D7FF4F7AD16B0BDE8F08776
:107730000000C84295A00008B8080020E49800089E
:10774000C8A00008F3A0000805A1000818A10008BF
:107750002CA1000841A1000800380140A79C0008A6
:10776000A086010040420F0057A100082809002010
:1077700070A1000898A100083C4A82B0136843F049
:107780000103136051683A4B01EA03035360136825
:1077900023F0847323F480331360136823F480236D
:1077A0001360536823F4FE0353604FF41F03936088
:1077B000A3F51F0301930093136843F48033136010
:1077C0002A4B1B6803F400330093019B01330193A0
:1077D000009B1BB9019BB3F5A06FF1D1234B1B6834
:1077E00013F4003318BF01230093009B012B3AD1FF
:1077F000204A136843F010031360136823F0030357
:107800001360136843F002031360A2F580525368BB
:10781000536053685360536843F480635360536804
:1078200043F400435360536823F47C13536053685C
:1078300043F488135360136843F0807313600B4A5A
:10784000136813F0007FFAD0536823F003035360EA
:10785000536843F002035360044B5B6803F00C036E
:10786000082BF9D100E0FEE702B07047001002409B
:107870000000FFF800200240002103E0094B5B58A4
:10788000435004310848094B42189A42F6D3084A3B
:1078900002E0002342F8043B064B9A42F9D3FFF77B
:1078A000A3F9704728AA000800000020A4080020BF
:1078B000A4080020540B00204FF6F873024A00EA97
:1078C000030313607047C046505C004010B5054C80
:1078D00048F68F1354F8202002EA03030B4344F8C0
:1078E000203010BD005C0040800000F1804000F5B9
:1078F000B840036848F6BF7203EA020211F0100FA5
:1079000018BF82F0100211F0200F18BF82F0200281
:1079100002607047800000F1804000F5B8400368C5
:107920004BF68F7203EA020211F4805F18BF82F4F3
:10793000805211F4005F18BF82F400520260704759
:10794000054948F6BF7351F8202002EA030383F08B
:10795000300341F820307047005C004005494BF689
:107960008F7351F8202002EA030383F4405341F857
:1079700020307047005C0040044948F68F6351F89E
:10798000202002EA030341F820307047005C0040E9
:10799000064B49081B6849009BB203EBC00303F187
:1079A000005303F540535B0019607047505C004082
:1079B000054B064A1B6849089BB203EBC0039A18A3
:1079C0005200490011607047505C004004300020B4
:1079D000044B1A68044B92B202EBC002D3185B004E
:1079E00019607047505C0040023000200D4B1A684F
:1079F0000D4B92B2D31803EBC0035A003E2909D9AC
:107A00004B0911F01F0F01D1013B9BB29B0243F4C4
:107A1000004305E04B0811F0010F18BF01339B0232
:107A200013607047505C004006300020064B10B5D4
:107A30001A680C46518A18B9A3885B1A138201E0B0
:107A40002368581810BDC046480B002030B50E4BB7
:107A500005461C784FF0000C0FE05FFA8CF08200B6
:107A600002F1804202F5B842116848F68F7301EACC
:107A70000303034313600CF1010CA445EDD3034B46
:107A800045F080021A6030BD8C0000204C5C004044
:107A90007047C046074A084B08491A60022310B5D0
:107AA0001372074B074A1960074B1A600B68984717
:107AB00010BDC046280B0020480B00205C000020B1
:107AC000200B002090000020440B002001F1005109
:107AD00001F54051013210B54FF0000C4C00510837
:107AE0000BE000EB0C035A7810F80C30013943EA34
:107AF000022324F81C300CF1020C0029F1D110BD36
:107B0000254B70B5984205460C4614D0A3F5744336
:107B1000984210D003F5806398420CD003F580633F
:107B2000984208D003F58063984204D01B4840F285
:107B30001331FEF7B7FC012C23D0802C21D0402C30
:107B40001FD0202C1DD0102C1BD0B4F5807F18D056
:107B5000B4F5007F1BD0082C13D0042C11D0022CBC
:107B60000FD00E484FF4457109E00D4B9D4208D0EF
:107B700003F580639D4204D008484FF44671FEF738
:107B800091FC2B881C420CBF0020012070BD024BD1
:107B90009D42EAD1F5E7C04600380140C8A600087A
:107BA000004400400E4B10B59842044614D0A3F593
:107BB0007443984210D003F5806398420CD003F5CB
:107BC0008063984208D003F58063984204D005484A
:107BD00040F24321FEF766FCA088C005C00D10BD31
:107BE00000380140C8A60008134B70B598420446FF
:107BF0000D4614D0A3F57443984210D003F580636A
:107C000098420CD003F58063984208D003F5806356
:107C1000984204D0094840F23221FEF743FCB5F502
:107C2000007F04D3054840F23321FEF73BFCEB050F
:107C3000DB0DA38070BDC04600380140C8A6000817
:107C4000174B70B5984204460D4614D0A3F5744303
:107C5000984210D003F5806398420CD003F58063FE
:107C6000984208D003F58063984204D00D484FF441
:107C7000A171FEF717FC012D04D90A4840F2431107
:107C8000FEF710FC25B1A3899BB243F4005304E036
:107C9000A38923F400531B041B0CA38170BDC046B1
:107CA00000380140C8A6000830B5584B87B098424C
:107CB00004460D4613D0A3F5744398420FD003F544
:107CC000806398420BD003F58063984207D003F598
:107CD0008063984203D04E48AD21FEF7E3FB2B684A
:107CE0004C4A013B934203D94948AE21FEF7DAFBE7
:107CF000AB8833B1B3F5805F03D04548AF21FEF7C1
:107D0000D1FBEB8863B1B3F5805F09D0B3F5005FB9
:107D100006D0B3F5405F03D03D48B021FEF7C2FB6B
:107D20002B894BB1B3F5806F06D0B3F5C06F03D08C
:107D30003748B121FEF7B6FB6A894FF6F37302EAC2
:107D4000030303B91AB93248B221FEF7ABFBAB8982
:107D500063B1B3F5807F09D0B3F5007F06D0B3F5EA
:107D6000407F03D02A48B321FEF79CFBAB8973B157
:107D7000264B9C420BD0A3F574439C4207D003F5DD
:107D800080639C4203D02248B721FEF78BFB238AF5
:107D9000EA8823F440531B041B0C13432382A2895B
:107DA000A9882B8922F4B0520B43698922F00C0276
:107DB0000B431204120C9BB21343A381A38AAA891A
:107DC00023F440731B041B0C1343A38201A800F08F
:107DD000ADFB0E4B9C420CBF049B039B19225A43E4
:107DE0002B6864209B00B2FBF3F2B2FBF0F10901B7
:107DF0000B0900FB13231B013233B3FBF0F303F039
:107E00000F030B439BB2238107B030BD0038014004
:107E1000C8A600081FAA4400B0F1005F70B5044670
:107E20000D4606D0B0F1006F03D009489D21FEF742
:107E300039FB084B9D4203D905489E21FEF732FBD2
:107E400025F0604323F07F03034A2343936070BD12
:107E50001AA70008FEFF070000ED00E0C37810B588
:107E6000012B044603D91E487421FEF71BFB6378DF
:107E70000F2B03D91A487521FEF714FBA3780F2B9B
:107E800003D917487621FEF70DFBE37894F800C07C
:107E9000D3B1144B6178DA68D243C2F30222C2F143
:107EA000040399400F23D340A27813400B430E4A9A
:107EB0001B01DBB2624482F800330CF01F02012385
:107EC0004FEA5C11934006E00CF01F02012393403F
:107ED0004FEA5C112031044A42F8213010BDC046FF
:107EE0001AA7000800ED00E000E100E0B0F5E06F47
:107EF00010B504460FD0B0F5C06F0CD0B0F5A06F30
:107F000009D0B0F5806F06D0B0F5407F03D00548AA
:107F10006221FEF7C7FA44F0BE63034A43F420230C
:107F2000D36010BD1AA7000800ED00E010F0704FFC
:107F300010B5044604D0094B00EA03030BB905E071
:107F400020B907484FF4FD71FEF7ACFA14F0805FDA
:107F500014BF044B044B5C6010BDC0460000F0EF42
:107F600061A700080004024000000240030D1B0549
:107F700010B5044603B918B90348FB21FEF792FA7D
:107F8000024B5C6110BDC046B1A70008000401406F
:107F9000431E012B10B5044633D9042831D00828DC
:107FA0002FD010282DD020282BD0402829D0802851
:107FB00027D0B0F5807F24D0B0F5007F21D0B0F578
:107FC000806F1ED0B0F5006F1BD0B0F5805F18D069
:107FD000B0F5005F15D0B0F5804F12D0B0F5004F6E
:107FE0000FD0B0F5803F0CD0B0F5003F09D0B0F510
:107FF000802F06D0B0F5002F03D00748E421FEF70C
:1080000051FA064B1A685B6914EA030003D0144264
:108010000CBF0020012010BDB1A7000800040140E2
:10802000037970B505462BB1042B03D02A4869218A
:10803000FEF738FA6B79082B07D00C2B05D0102BE4
:1080400003D025486A21FEF72DFA2A68130D1B0577
:1080500003B91AB920486B21FEF724FAAB79012B3A
:1080600003D91D486C21FEF71DFAAB792C792868DD
:108070004BB31A49C2430B6802EA03030B604B6817
:108080001A404A6004F1804202F5823213680343C9
:1080900013602C688B68E24302EA03038B60CB68B1
:1080A00068791A401028CA6006D18B6823438B6018
:1080B000CB682343CB600EE000F1804202F58232B0
:1080C0001368234306E004F1804202F5823213680C
:1080D00023EA0003136070BDB1A70008000401404B
:1080E000062870B505460C4604D911484FF41171A5
:1080F000FEF7D8F90F2C04D90D4840F24521FEF7C0
:10810000D1F904F0030292000F23934015FA02F212
:10811000A008084C023054F8201021EA030144F86A
:10812000201054F820301A4344F8202070BDC04677
:1081300002A8000800000140431E012B70B5044650
:108140000D465CD904285AD0082858D0454B98428F
:1081500055D02033984252D0434B98424FD0803371
:1081600098424CD0414B984249D003F580739842D5
:1081700045D003F58073984241D03D4B98423ED0A4
:1081800003F5806398423AD0B0F5805F37D0B0F500
:10819000EA1F34D0B0F5EB1F31D0B0F5004F2ED030
:1081A000344B98422BD00133984228D00233984266
:1081B00025D00433984222D0083398421FD0B0F122
:1081C000201F1CD03033984219D02B4B984216D028
:1081D00003F58073984212D003F5007398420ED0D5
:1081E000264B98420BD003F58053984207D0B0F548
:1081F000011F04D0224840F21721FEF753F9012D48
:1082000004D91F484FF40671FEF74CF91D4804F4D9
:1082100040134FEA044CB3F5401F41684FEA1C4C31
:1082200006D1436821F0706223F0706343600FE071
:1082300014F4801F04D0C4F303420323934003E0EB
:10824000630D1B010CFA03F321EA030343F0706290
:1082500025B1630D1B010CFA03F31A43094B5A6055
:1082600070BDC04610001400400016000001180048
:1082700000081A000100200000013000001020005A
:1082800002A8000800000140154B70B59842044652
:108290000D461CD003F58063984218D003F5806327
:1082A000984214D003F58063984210D003F58063A0
:1082B00098420CD003F58063984208D003F58063A0
:1082C000984204D007484FF4BC71FEF7EBF825B98B
:1082D000044840F27911FEF7E5F8656170BDC046CB
:1082E0000008014002A80008154B70B598420446EA
:1082F0000D461CD003F58063984218D003F58063C7
:10830000984214D003F58063984210D003F580633F
:1083100098420CD003F58063984208D003F580633F
:10832000984204D007484FF4B471FEF7BBF825B962
:10833000044840F26911FEF7B5F8256170BDC046EA
:108340000008014002A800082A4B70B59842054673
:108350000C461CD003F58063984218D003F5806367
:10836000984214D003F58063984210D003F58063DF
:1083700098420CD003F58063984208D003F58063DF
:10838000984204D01C4840F21D11FEF78BF8631E82
:108390009BB2012B28D9042C26D0082C24D0102CD9
:1083A00022D0202C20D0402C1ED0802C1CD0B4F504
:1083B000807F19D0B4F5007F16D0B4F5806F13D04C
:1083C000B4F5006F10D0B4F5805F0DD0B4F5005F48
:1083D0000AD0B4F5804F07D0B4F5004F04D006485A
:1083E0004FF48F71FEF75EF8AB681C420CBF0020A3
:1083F000012070BD0008014002A80008494B2DE98A
:10840000F041984204460D461BD003F58063984224
:1084100017D003F58063984213D003F58063984228
:108420000FD003F5806398420BD003F58063984228
:1084300007D003F58063984203D03B48B121FEF793
:1084400031F8EB788BB1042B0FD0282B0DD0482BB3
:108450000BD0142B09D0102B07D01C2B05D0182BB8
:1084600003D03148B221FEF71DF82B881BB92E48E6
:10847000B321FEF717F8EB7813F0100F03F00F0796
:108480000AD0AB78013BDBB2022B03D92648BA21D4
:10849000FEF708F8AB781F432B78EBB12668002075
:1084A000012383402A8803EA0201994210D1820005
:1084B0000F23934017FA02F226EA030343EA020667
:1084C000EB78282B01D1616102E0482B08BF2161C4
:1084D00001300828E4D126602B88FF2B20D966685C
:1084E0000020012300F1080213FA02F12B8801EAAF
:1084F00003038B4210D183000F229A4017FA03F333
:1085000026EA020242EA0306EB78282BEB7808BF42
:108510006161482B08BF216101300828E1D1666004
:10852000BDE8F0810008014002A8000810B504462B
:108530001E48436803F00C03042B02D0082B14D10F
:1085400001E01B4B12E043684268C3F38343991C6C
:1085500012F4803F01D1174B05E0436813F4003F4C
:1085600014BF154B124B4B4300E0144B0F482360D4
:1085700043681349C3F30313CB5C2268DA4062609B
:108580004368C3F30223CB5C32FA03F3A36043686E
:10859000C3F3C223CB5CDA40E2604368C3F38133A8
:1085A000C9180B7CB2FBF3F2226110BD001002402F
:1085B000001BB70000093D00808D5B0000127A00AF
:1085C000540300200F4B70B500EA030304460D4628
:1085D00003B920B90C4840F2AC41FDF763FF012D0F
:1085E00004D9094840F2AD41FDF75CFF25B1074AC7
:1085F000136944EA030303E0044A136923EA04030A
:10860000136170BDC03701C153A8000800100240BB
:108610000F4B70B500EA030304460D4603B920B9B9
:108620000C4840F25541FDF73DFF012D04D90948A2
:1086300040F25641FDF736FF25B1074AD36944EAB7
:10864000030303E0044AD36923EA0403D36170BD42
:10865000C03701C153A80008001002400F4B70B58D
:1086600000EA030304460D4603B920B90C4840F262
:108670003741FDF717FF012D04D909484FF48761F1
:10868000FDF710FF25B1074A936944EA030303E0AD
:10869000044A936923EA0403936170BD0200FFFF5B
:1086A00053A8000800100240012810B5044604D960
:1086B000034840F2D721FDF7F5FE024B1C6010BDC8
:1086C00053A80008D8004242164B70B598420546A0
:1086D0000C460CD0A3F57843984208D003F580638C
:1086E000984204D0104840F20131FDF7DBFE802CA7
:1086F00012D0402C10D0202C0ED0102C0CD0082CD6
:108700000AD0042C08D0022C06D0012C04D0064834
:1087100040F20231FDF7C6FE2B891C420CBF00203F
:10872000012070BD00300140A3A800080A4B10B51D
:10873000984204460CD0A3F57843984208D003F53C
:108740008063984204D0054840F23521FDF7AAFE27
:10875000A08980B210BDC04600300140A3A8000827
:108760000A4B70B5984204460D460CD0A3F57843E9
:10877000984208D003F58063984204D0044840F240
:108780002521FDF78FFEA58170BDC0460030014058
:10879000A3A80008134B70B5984204460D460CD0B0
:1087A000A3F57843984208D003F58063984204D03B
:1087B0000D4840F2AD11FDF775FE012D04D90A48B0
:1087C0004FF4D771FDF76EFE25B123889BB243F0BD
:1087D000400304E0238823F040031B041B0C238088
:1087E00070BDC04600300140A3A80008454B70B5DD
:1087F000984205460C460BD0A3F57843984207D023
:1088000003F58063984203D03F48A221FDF74AFE5A
:10881000238863B1B3F5806F09D0B3F5004F06D05C
:10882000B3F5404F03D03848A521FDF73BFE6388E0
:10883000B3F5827F04D01BB13348A621FDF732FE89
:10884000A388B3F5006F04D01BB12F48A721FDF713
:1088500029FEE3882BB1022B03D02B48A821FDF77A
:1088600021FE2389012B03D92748A921FDF71AFEF0
:108870006389B3F5007F04D01BB12348AA21FDF71B
:1088800011FEA3898BB1082B0FD0102B0DD0182B04
:108890000BD0202B09D0282B07D0302B05D0382B1C
:1088A00003D01948AB21FDF7FDFDE3892BB1802BE7
:1088B00003D01548AC21FDF7F5FD238A1BB91248FA
:1088C000AD21FDF7EFFD2288638829881343A28834
:1088D00001F441511343E28813432289134362890F
:1088E0001343A2891343E2891343194389B22980B0
:1088F000AB8B23F400631B041B0CAB83238A2B82FA
:1089000070BDC04600300140A3A80008114B70B5EF
:10891000984204460D460CD003F58063984208D077
:1089200003F5A053984204D00B4840F2CB11FDF759
:10893000B9FD012D04D908484FF4E671FDF7B2FDE9
:108940001DB1A36843F4A00302E0A36823F4A003CD
:10895000A36070BD00240140F3A8000800238371C8
:10896000C371037243728372C3728370C370033323
:108970000371013B43714FF0010303807047C04610
:108980000E4B70B5984204460D4608D003F580633F
:10899000984204D00A4840F27921FDF783FD012D69
:1089A00004D9074840F27A21FDF77CFD15B9202350
:1089B000E36001E02023236170BDC04600640040F5
:1089C00043A900082C4B70B5984205460E46144644
:1089D00008D003F58063984204D0284840F2AD21C6
:1089E000FDF760FD012E04D9244840F2AE21FDF7C9
:1089F00059FD06F11B031A01AB5803F0040323725F
:108A00001BB9AB585B0D236002E0AB58DB08636019
:108A100006F11B031B01EA18EB58284603F002037A
:108A200063725368314603F00F03A372536805EB7A
:108A300006121B0AE374D2F8B831E372D2F8B831E7
:108A40001B0A2373D2F8B8311B0C6373D2F8B83108
:108A50001B0EA373D2F8BC31E373D2F8BC311B0AEE
:108A60002374D2F8BC311B0C6374D2F8BC311B0EDA
:108A7000A374FFF785FF70BD0064004043A90008A0
:108A80004E4B70B5984205460C4608D003F58063FE
:108A9000984204D04A484FF4F571FDF703FD237A5C
:108AA00033B1042B04D0464840F2EB11FDF7FAFC39
:108AB000637A33B1022B04D041484FF4F671FDF7CD
:108AC000F1FCA37A082B04D93D4840F2ED11FDF7E3
:108AD000E9FCAB6813F0806F01D000260CE0AB68B6
:108AE00013F0006F01D0012606E0AB6813F0805F41
:108AF00001D1042660E0022606F118031B01EA58A2
:108B000002F00102EA50237A9BB92368B3F5006FA3
:108B100004D32B4840F20721FDF7C4FC06F11802EC
:108B200012012168637AA85843EA41530343AB50CA
:108B300014E06368B3F1005F04D321484FF403717C
:108B4000FDF7B0FC06F1180162680901237A685844
:108B500043EAC203627A034313436B50A37A06F1DC
:108B60001800000103F00F03A3722A18536823F0C2
:108B70000F0353605168A37A0B435360637BA27B5E
:108B80001B0443EA0263E27A05EB06111343227BDE
:108B900043EA0223C1F88831637CA27C1B0443EAC8
:108BA0000263E27B1343227C43EA0223C1F88C3147
:108BB0002B5843F001032B50304670BD0064004039
:108BC00043A90008234B70B5984205460C4616464B
:108BD00008D003F58063984204D01F484FF4E77132
:108BE000FDF760FC631E012B23D9042C21D0082C37
:108BF0001FD0102C1DD0202C1BD0402C19D0B4F528
:108C0000807F16D0B4F5007F13D0B4F5806F10D0FC
:108C1000B4F5006F0DD0B4F5004F0AD0B4F5803F25
:108C200007D0B4F5003F04D00B4840F2CF11FDF758
:108C300039FC012E04D908484FF4E871FDF732FCE5
:108C40001EB16B6944EA030302E06B6923EA040383
:108C50006B6170BD0064004043A9000870B5837A61
:108C600004460D2B04D94B484FF49C71FDF71AFCB8
:108C7000E37A012B04D9474840F23911FDF712FC81
:108C8000237B012B04D943484FF49D71FDF70AFC67
:108C90002389012B04D93F4840F23B11FDF702FC28
:108CA000637B012B04D93B484FF49E71FDF7FAFB1F
:108CB000A07A012313FA00F537496FEA050CD1F8C1
:108CC000003243F00103C1F80032D1F81C320CEA43
:108CD0000303C1F81C32237B83B9D1F80C326288BC
:108CE0000CEA0303C1F80C32E38842EA034200F1C4
:108CF000480341F83320A188228811E0012B17D1C5
:108D0000D1F80C32628845EA0303C1F80C3223889B
:108D100042EA034200F1480341F83320A188E28887
:108D2000DB0003F1804342EA014203F5C8435A6085
:108D3000E37A2BB9184AD2F804320CEA030304E0B0
:108D4000154AD2F8043245EA0303C2F804322389F3
:108D50002BB9114AD2F814320CEA030306E0012BB6
:108D600006D10D4AD2F8143245EA0303C2F8143290
:108D7000637B012B06D1084AD2F81C3245EA030373
:108D8000C2F81C32044AD2F8003223F00103C2F8C0
:108D9000003270BD43A90008006400406A4B70B502
:108DA000984204460D4607D003F58063984203D0ED
:108DB0006648B221FDF776FBAB79012B03D96348F6
:108DC000B321FDF76FFBEB79012B03D95F48B42189
:108DD000FDF768FB2B7A012B03D95C48B521FDF721
:108DE00061FB6B7A012B03D95848B621FDF75AFB7A
:108DF000AB7A012B03D95548B721FDF753FBEB7A2A
:108E0000012B03D95148B821FDF74CFBAB78032B5C
:108E100003D94E48B921FDF745FBEB78032B03D965
:108E20004A48BA21FDF73EFB2B790F2B03D947485F
:108E3000BB21FDF737FB6B79072B03D94348BC21D6
:108E4000FDF730FB2B88013B9BB2B3F5806F03D35A
:108E50003E48BD21FDF726FB2368002223F00203D4
:108E60002360236843F00103236000E0013263685C
:108E700013F0010F03D14FF6FF739A42F6D16368E6
:108E800013F001005ED0AB79012B0BBF2368236880
:108E900043F0800323F080032360EB79012B0BBFA9
:108EA0002368236843F0400323F0400323602B7AB8
:108EB000012B0BBF2368236843F0200323F020031A
:108EC00023606B7A012B0BBF2368236843F01003E8
:108ED00023F010032360AB7A012B0BBF23682368B8
:108EE00043F0080323F008032360EB7A012B0BBF48
:108EF0002368236843F0040323F004032360AA7863
:108F0000EB78920742EA03622B7942EA03426B79DB
:108F100042EA03522B88013B1A43E2612368002294
:108F200023F00103236000E00132636813F0010FB6
:108F300003D04FF6FF739A42F6D1636883F00103C2
:108F400003F0010070BDC0460064004043A9000862
:108F50000F4B10B5984208D003F5806398420CD0AF
:108F60000C489221FDF79EFA07E04FF000700121B6
:108F7000FFF728FB4FF0007006E04FF08060012102
:108F8000FFF720FB4FF080600021FFF71BFB10BDB7
:108F90000064004043A90008814238BF084670477A
:108FA000014B987B7047C0466803002010B5044809
:108FB000FDF7A0FA034B00229A7000F0D7FA10BD1B
:108FC000FB9800089009002010B50448FDF792FABC
:108FD000034B01229A7000F0CFFA10BD0D990008E2
:108FE0009009002010B5034B5C7B00F09BFA241A1B
:108FF00060B210BD680300202DE9F0411646054619
:109000000F4600F08DFA0D4B394698799C68FFF7B2
:10901000C3FF214602462846F7F77AF81EB1FFF74C
:10902000E1FF40B23080054C0023A37300F076FAD4
:10903000A0793946FFF7B0FFBDE8F0816803002052
:109040002DE9F041324B07469B78884614460BB910
:10905000FFF7BAFF67212046FFF79EFF064600F0A4
:1090600067FA00F077FA2A4806F10B03C46F03721F
:10907000657948F6410248F6610300F10801002DC8
:1090800008BF13464B706FF077038B700378CB707B
:109090006388CF808B8024880C81002104E018F83D
:1090A0000130421893720131CBB2B3421948F6D362
:1090B00006F10A01C9B200F0B5FA00F045FA00F075
:1090C0006BFA20B114484FF4E771FDF7FFF9104C2B
:1090D000E36F5B796BB100236370C820FDF73CFA46
:1090E000637833B90C4840F2E711FDF7EFF901243A
:1090F00000E00024064B9B780BB9FFF757FF1CB923
:10910000034A1378013313702046BDE8F081C0464E
:1091100090090020980900201E9900082DE9F041CF
:10912000074600F0A3FA01281BD000F0F9F90E4C15
:109130000E4B002501269D60E767A67065603879B3
:1091400000F020FAE36F188800F07CFAE36F58888B
:1091500000F070FA882000F013F9304600F09EF815
:109160002846BDE8F081C046900900206803002031
:1091700070B5294D00F0EEF905F1800600F0CEF94A
:109180000121304600F046FA95F88030234C03F078
:109190007F01052985F8801012D105F1810000F0CA
:1091A00039FA7378C3F34013237395F98530002B94
:1091B0002CDAF2782B789A4228D101236B7025E0C3
:1091C000A1F10B0305F18100A37100F023FA70787F
:1091D00094F90620C0F3401323733389638005F1AB
:1091E0008A03A36099189B5C637391F90130002B8B
:1091F00009DA2278F3789A4205D000F0DF03412B98
:1092000001D10123A373F278044B1A7000F088F99E
:1092100000F09AF970BDC046900900206803002054
:1092200010B503480121FFF74FFA0028F9D010BD0F
:109230000030014010B50248FFF778FAC0B210BD07
:109240000030014010B5044605480221FFF73CFA02
:109250000028F9D002482146FFF782FA10BDC04627
:109260000030014010B520B904488021FFF70CF808
:1092700003E002488021FFF737F810BD00100140DD
:1092800010B520B904484021FEF7FEFF03E0024874
:109290004021FFF729F810BD0010014030B5054608
:1092A00085B04FF4C060FEF721FE0024172303A809
:1092B0008DF80C308DF80D408DF80E408DF80F5064
:1092C000FEF7CCFD02200821FEF70AFF4FF4807064
:1092D000FEF74CFE4FF48073019301A808238DF82C
:1092E00008408DF809308DF80A50FEF799FE05B058
:1092F00030BDC04670B505460E46002407E0305D1F
:10930000FFF7A0FFFFF78CFF6B1E01349DB2002D0D
:10931000F5D170BD10B5FFF795FFFFF781FFFFF79F
:1093200089FF10BD70B5094D04460E462846102130
:10933000FEF7AAFF44F0C000FFF7ECFF3046FFF74E
:10934000E9FF28461021FEF7CFFF70BD000801405D
:1093500070B50A4D102104462846FEF795FF44F0EB
:109360008000FFF7D7FF0020FFF7D4FF102104464D
:109370002846FEF7B9FF204670BDC04600080140F0
:1093800070B5094D102104462846FEF77DFF582090
:10939000FFF7C0FF06462046FFF7BCFF2846102116
:1093A000FEF7A2FF304670BD000801402DE9F041F4
:1093B0000A4C0646884620461021FEF765FF3A20F3
:1093C000FFF7A8FF414605463046FFF793FF2046CA
:1093D0001021FEF789FF2846BDE8F0810008014012
:1093E0002DE9F0410E4E04460D4630461021FEF7A1
:1093F0004BFF200A40F02000FFF78CFF8046E0B2D0
:10940000FFF788FFE8B2FFF785FF280AFFF782FF22
:1094100030461021FEF768FF4046BDE8F081C046A7
:10942000000801402DE9F0410C4D044688462846CD
:109430001021FEF729FF200A40F02000FFF76AFF05
:109440000646E0B2FFF766FF4046FFF763FF284697
:109450001021FEF749FF3046BDE8F08100080140C9
:1094600070B50C4D102104462846FEF70DFF200A6A
:1094700040F01000FFF74EFFE0B2FFF74BFF002077
:10948000FFF748FF102104462846FEF72DFF20462F
:1094900070BDC0460008014070B5084D102104465B
:1094A0002846FEF7F1FE2046FFF734FF1021044660
:1094B0002846FEF719FF204670BDC046000801404F
:1094C00070B505460E4600240AE00020FFF7BAFEFC
:1094D000FFF7A6FEFFF7AEFE6B1E30559DB20134BE
:1094E000002DF2D170BDC0462DE9F0410A4C064670
:1094F000884620461021FEF7C7FE3020FFF70AFFFE
:10950000414605463046FFF7DBFF20461021FEF7B7
:10951000EBFE2846BDE8F081000801407047C046D8
:109520007047C046014B18787047C046780300204A
:1095300010B504484FF40061FEF706FF0028F8D18B
:1095400010BDC0460010014010B50120FFF7A6FE77
:1095500010BDC04610B58820FFF712FF4FF4807091
:10956000FEF704FD0020FFF799FE10BD10B5452061
:10957000FFF792FF10BDC04610B54220FFF78CFFE9
:1095800010BDC046052141432C3910B52E20C9B26B
:10959000FFF7C8FE10BDC04610B51C484FF48061EF
:1095A000FEF7D2FE0028F8D022200221FFF7BAFEF3
:1095B00040F6C4140BE04420FFF76EFF13484FF44D
:1095C0000071FEF7C1FE80B91430FCF7C5FF631EC1
:1095D0009CB2002CEFD10E4840F2D311FCF776FF7D
:1095E0004820FFF759FF01340AE008484FF4806132
:1095F000FEF7AAFE0028F8D08120FFF7C1FE002464
:1096000022202C21FFF78EFE204610BD00100140C5
:1096100030990008034610B508461946FFF764FF65
:1096200010BDC046034610B508461946FFF7BEFEFA
:1096300010BDC046014610B540F2F230FFF7D0FE33
:1096400010BDC046014610B54FF47D70FFF7C8FE4F
:1096500010BDC04610B54220FFF702FF10BDC04646
:1096600010B54020FFF7FCFE10BDC04610B51548F0
:10967000FCF740FF0020FFF711FE0020FFF700FE7F
:1096800010211148FEF730FE0020FFF7EBFD6E20A1
:10969000FCF762FF0120FFF7E5FDC820FCF75CFF47
:1096A0000120FFF7EDFDC820FCF756FF074C03E053
:1096B00014F8031CFFF7B6FE14F8020C023400285D
:1096C000F6D110BD3E990008000801407B03002040
:1096D0004FF000007047C0464FF000007047C04692
:1096E0004FF0FF307047C046FEE7C0464FF0FF30F6
:1096F0007047C0464FF400534B604FF00000704776
:109700004FF0FF307047C0464FF001007047C04631
:1097100070B50D46161E09DD4FF0000415F9010B5A
:10972000FCF75AFF04F10104B442F7D1304670BD92
:1097300010B540F6B822C2F20002136823B940F611
:109740005433C2F20003136040F6B823C2F20003A0
:109750001A6810446B4698420BD94FF001004AF644
:109760001C21C0F600014FF00802FFF7D1FFFCF703
:10977000D1FD40F6B823C2F200031860104610BDB8
:10978000535049785F496E6974001201000200006D
:10979000004083045057000201020301090229001E
:1097A000010100C032090400000203000000092189
:1097B0001001000122A20007058103020020070515
:1097C0000103020020058C0901A101850109011591
:1097D00000250175089501B18285010901918285F5
:1097E0000209021500250175089501B1828502095B
:1097F000029182850309031500250175089501B1C1
:1098000082850309039182850409041500250175E9
:10981000089501B182850409049182850509051521
:109820000025017501818209057501B182750781E5
:109830008385057507B18385060906150025017521
:1098400001818209067501B18275078183850675DC
:1098500007B18385070907150026FF007508818277
:1098600085070907B182C004030904260353005485
:10987000004D006900630072006F0065006C0065B8
:10988000006300740072006F006E00690063007373
:10989000002003530054004D0033003200200043E9
:1098A000007500730074006D0020004800490044FA
:1098B000005A69674265655F546573740061707032
:1098C0004C696768740061707053776974636800ED
:1098D000706572546573745F617070526563656919
:1098E00076657200706572546573745F6170705450
:1098F00072616E736D69747465720062617369631D
:109900005266526563656976654F6666006261738B
:1099100069635266526563656976654F6E00626180
:10992000736963526653656E645061636B6574005E
:1099300068616C52665472616E736D69740068611F
:109940006C5266496E69740020202020202020205F
:109950002020202020202020303030303030303087
:109960003030303030303030000000000000000077
:1099700000000000000000000000000000000000E7
:1099800000000000000000000000000000000000D7
:1099900000000000000000000000000000000000C7
:1099A00000000000000000000000000000000000B7
:1099B00000000000000000000000000000000000A7
:1099C0000000000000000000A403002010AA00080E
:1099D0000CAA000824AA000824AA000824AA000847
:1099E00024AA000824AA000824AA000824AA00081F
:1099F00024AA000824AA0008FFFFFFFFFFFFFFFFC3
:109A0000000000000000F03F0000000000002440C3
:109A100000000000000059400000000000408F409E
:109A2000000000000088C34000000000006AF84009
:109A30000000000080842E4100000000D01263412D
:109A40000000000084D797410000000065CDCD41A3
:109A5000000000205FA00242000000E87648374284
:109A6000000000A2941A6D42000040E59C30A24222
:109A70000000901EC4BCD64200003426F56B0C4397
:109A80000080E03779C3414300A0D885573476433E
:109A900000C84E676DC1AB43003D9160E458E1439F
:109AA000408CB5781DAF154450EFE2D6E41A4B4414
:109AB00092D54D06CFF08044F64AE1C7022DB54459
:109AC000B49DD9794378EA440500000019000000EC
:109AD0007D000000000000000080E03779C34143B2
:109AE000176E05B5B5B89346F5F93FE9034F384D04
:109AF000321D30F94877825A3CBF737FDD4F1575B0
:109B0000BC89D897B2D29C3C33A7A8D523F6493953
:109B10003DA7F444FD0FA5329D978CCF08BA5B2575
:109B2000436FAC642806C80A000102020303030362
:109B300004040404040404040505050505050505DD
:109B400005050505050505050606060606060606BD
:109B500006060606060606060606060606060606A5
:109B6000060606060606060607070707070707078D
:109B70000707070707070707070707070707070775
:109B80000707070707070707070707070707070765
:109B90000707070707070707070707070707070755
:109BA000070707070707070708080808080808083D
:109BB0000808080808080808080808080808080825
:109BC0000808080808080808080808080808080815
:109BD0000808080808080808080808080808080805
:109BE00008080808080808080808080808080808F5
:109BF00008080808080808080808080808080808E5
:109C000008080808080808080808080808080808D4
:109C100008080808080808080808080808080808C4
:109C2000080808080808080857726F6E67207061F6
:109C300072616D65746572732076616C75653A202A
:109C400066696C65202573206F6E206C696E6520D7
:109C500025640D0A002121212041535345525420EF
:109C60004641494C454420212121202573282920A3
:109C700025640A005B4552524F525D202573282906
:109C80002025640A002573282920450A0025732809
:109C90002920530A0043414E5F4E6F726D616C5F25
:109CA000546573742829002069732073656C65639B
:109CB00074656400535953434C4B5F46726571752C
:109CC000656E6379203D2025640A0048434C4B5F54
:109CD0004672657175656E6379203D2025640A00C2
:109CE00050434C4B315F4672657175656E637920E8
:109CF0003D2025640A0050434C4B325F467265712B
:109D000075656E6379203D2025640A004144434314
:109D10004C4B5F4672657175656E6379203D2025F9
:109D2000640A004D616E676F205A31207465737448
:109D30002073746172742E2E2E005072657373201E
:109D40006D656E75206B657900303E2053797374B4
:109D5000656D20496E666F726D6174696F6E00315A
:109D60003E204C4544205465737400323E204B45E0
:109D700059205465737400333E205A696742656503
:109D8000205465737400343E2055534220484944A2
:109D9000205465737400353E2043414E204E6F724F
:109DA0006D616C205465737400783E207175697420
:109DB0000A002069732073656C65637465640A002A
:109DC00052784D6573736167652E446174615B30D1
:109DD0005D203D2025630A0052696768742D555344
:109DE000455220427574746F6E2050726573730013
:109DF0004C6566742D574B555020427574746F6EC8
:109E0000205072657373000A2D2053656C6563746E
:109E1000204368616E6E656C202D003C613E2063BE
:109E200068616E6E656C2031312C203C623E20638F
:109E300068616E6E656C2031322C203C633E20637D
:109E400068616E6E656C2031332C203C643E20636B
:109E500068616E6E656C203134003C653E2063683D
:109E6000616E6E656C2031352C203C663E20636847
:109E7000616E6E656C2031362C203C673E20636835
:109E8000616E6E656C2031372C203C683E20636823
:109E9000616E6E656C203138003C693E20636861FC
:109EA0006E6E656C2031392C203C6A3E20636861FF
:109EB0006E6E656C2032302C203C6B3E20636861F6
:109EC0006E6E656C2032312C203C6C3E20636861E4
:109ED0006E6E656C203232003C6D3E206368616EB0
:109EE0006E656C2032332C203C6E3E206368616EC0
:109EF0006E656C2032342C203C6F3E206368616EAE
:109F00006E656C2032352C203C703E206368616E9B
:109F10006E656C2032360073656C65637465642011
:109F20006368616E6E656C2069732025640A006445
:109F3000656661756C74206368616E6E656C20691E
:109F4000732025640A006672657175656E637920F9
:109F500072616E67652069732066726F6D2025647B
:109F6000204D487A20746F202564204D487A0A00DD
:109F700073656C6563746564206672657175656E82
:109F80006379206973202564204D487A0A0063684C
:109F900069706964203A20307825780A0076657205
:109FA00073696F6E203A20307825780A000A0A2DEE
:109FB0002D2D2D2D2D2D2D2D2D2D2D2D2D2D2D2DD1
:109FC0002D2D2D2D00313E205072696E742052656A
:109FD000676973746572733A204652454700323E92
:109FE000205072696E74205265676973746572736C
:109FF0003A205352454700333E206170704C6967E8
:10A00000687400343E20617070537769746368002F
:10A01000353E205045522054657374206170705253
:10A020006563656976657200363E2050455220545E
:10A03000657374206170705472616E736D697474AD
:10A0400065720030782530325820252D323073204B
:10A050003A203078253032580A00705278446174C2
:10A06000615B305D3A2025630A0062617369635267
:10A07000664765745273736928292076616C3A20AB
:10A0800025640A0073656E642064617461206973DD
:10A090002025630A00726376503A2025642C206CD8
:10A0A0006F7374503A2025642C205045523A253560
:10A0B0002E32662025252C20525353493A25352E21
:10A0C00032662064426D0A005041434B45545F5351
:10A0D000495A452073697A656F66287065725465C0
:10A0E00073745061636B65745F74292069732025F4
:10A0F000640A0053656C6563742042757273742042
:10A1000053697A6500313E2042555253545F53499A
:10A110005A45203130303000323E2042555253549F
:10A120005F53495A4520313030303000333E2042B1
:10A13000555253545F53495A4520313030303030F6
:10A1400000343E2042555253545F53495A45203102
:10A150003030303030300053656C65637465642096
:10A1600042757273742053697A653A2025640A0037
:10A17000507265737320416E79204B657920746F3E
:10A180002073746172742073656E64696E672064F5
:10A19000617461202E2E2E00736E74503A20256457
:10A1A0000A004343323532305F46524D46494C54E3
:10A1B00030004343323532305F46524D46494C54AD
:10A1C00031004343323532305F5352434D415443A3
:10A1D00048004343323532305F53524353484F5265
:10A1E00054454E30004343323532305F535243536F
:10A1F000484F5254454E31004343323532305F535D
:10A20000524353484F5254454E3200434332353245
:10A21000305F535243455854454E30004343323526
:10A2200032305F535243455854454E310043433218
:10A230003532305F535243455854454E3200434304
:10A24000323532305F46524D4354524C3000434316
:10A25000323532305F46524D4354524C3100434305
:10A26000323532305F5258454E41424C4530004302
:10A2700043323532305F5258454E41424C453100F1
:10A280004343323532305F455843464C41473000F6
:10A290004343323532305F455843464C41473100E5
:10A2A0004343323532305F455843464C41473200D4
:10A2B0004343323532305F4558434D41534B413073
:10A2C000004343323532305F4558434D41534B4193
:10A2D00031004343323532305F4558434D41534B93
:10A2E0004132004343323532305F4558434D41538C
:10A2F0004B4230004343323532305F4558434D4185
:10A30000534B4231004343323532305F4558434D61
:10A3100041534B4232004343323532305F4558435C
:10A3200042494E445830004343323532305F45583D
:10A330004342494E445831004343323532305F4541
:10A34000584342494E445930004343323532305F1E
:10A3500045584342494E4459310043433235323027
:10A360005F4750494F4354524C30004343323532DB
:10A37000305F4750494F4354524C310043433235CC
:10A3800032305F4750494F4354524C3200434332BE
:10A390003532305F4750494F4354524C33004343AA
:10A3A000323532305F4750494F4354524C340043AA
:10A3B00043323532305F4750494F4354524C350099
:10A3C0004343323532305F4750494F504F4C415232
:10A3D000495459004343323532305F4750494F4367
:10A3E00054524C004343323532305F445055434F52
:10A3F0004E004343323532305F445055535441543C
:10A40000004343323532305F465245514354524C3B
:10A41000004343323532305F4652455154554E4524
:10A42000004343323532305F5458504F5745520045
:10A430004343323532305F54584354524C00434307
:10A44000323532305F46534D53544154300043430C
:10A45000323532305F46534D5354415431004343FB
:10A46000323532305F4649464F504354524C0043D8
:10A4700043323532305F46534D4354524C004343D0
:10A48000323532305F4343414354524C30004343F2
:10A49000323532305F4343414354524C31004343E1
:10A4A000323532305F5253534900434332353230F4
:10A4B0005F52535349535441540043433235323071
:10A4C0005F54584649464F5F425546004343323534
:10A4D00032305F525846495253540043433235326A
:10A4E000305F52584649464F434E5400434332353D
:10A4F00032305F54584649464F434E5400307846F8
:10A5000046004343323532305F43484950494400A6
:10A510004343323532305F56455253494F4E004324
:10A5200043323532305F455854434C4F434B004320
:10A5300043323532305F4D444D4354524C3000432A
:10A5400043323532305F4D444D4354524C31004319
:10A5500043323532305F46524551455354004343F0
:10A56000323532305F52584354524C0043433235F7
:10A5700032305F46534354524C00434332353230FD
:10A580005F465343414C30004343323532305F46DF
:10A590005343414C31004343323532305F465343DD
:10A5A000414C32004343323532305F465343414CD5
:10A5B00033004343323532305F4147434354524CBA
:10A5C00030004343323532305F4147434354524CAD
:10A5D00031004343323532305F4147434354524C9C
:10A5E00032004343323532305F4147434354524C8B
:10A5F00033004343323532305F4144435445535472
:10A6000030004343323532305F4144435445535464
:10A6100031004343323532305F4144435445535453
:10A6200032004343323532305F4D444D544553542C
:10A6300030004343323532305F4D444D544553541E
:10A6400031004343323532305F4441435445535423
:10A6500030004343323532305F4441435445535414
:10A6600031004343323532305F4154455354004347
:10A6700043323532305F44414354455354320043F2
:10A6800043323532305F50544553543000434332E7
:10A690003532305F505445535431004343323532E4
:10A6A000305F4450554249535400434332353230B1
:10A6B0005F41435442495354004343323532305F83
:10A6C00052414D4249535400443A5C576B5C576BBE
:10A6D0002E5372635C4D53746F7279332E305C4C21
:10A6E00069627261726965735C53544D33324631ED
:10A6F00030785F5374645065726970685F44726942
:10A700007665725C7372635C73746D33326631307C
:10A71000785F75736172742E6300443A5C576B5CAA
:10A72000576B2E5372635C4D53746F7279332E30B6
:10A730005C4C69627261726965735C53544D33326B
:10A74000463130785F5374645065726970685F4455
:10A7500072697665725C7372635C6D6973632E6394
:10A7600000443A5C576B5C576B2E5372635C4D53DD
:10A77000746F7279332E305C4C69627261726965F4
:10A78000735C53544D3332463130785F53746450A8
:10A7900065726970685F4472697665725C73726332
:10A7A0005C73746D3332663130785F646D612E6333
:10A7B00000443A5C576B5C576B2E5372635C4D538D
:10A7C000746F7279332E305C4C69627261726965A4
:10A7D000735C53544D3332463130785F5374645058
:10A7E00065726970685F4472697665725C737263E2
:10A7F0005C73746D3332663130785F657874692EBE
:10A800006300443A5C576B5C576B2E5372635C4D2C
:10A8100053746F7279332E305C4C69627261726965
:10A8200065735C53544D3332463130785F537464F2
:10A830005065726970685F4472697665725C7372A4
:10A84000635C73746D3332663130785F6770696F43
:10A850002E6300443A5C576B5C576B2E5372635CFB
:10A860004D53746F7279332E305C4C696272617231
:10A870006965735C53544D3332463130785F53749D
:10A88000645065726970685F4472697665725C7362
:10A8900072635C73746D3332663130785F726363F8
:10A8A0002E6300443A5C576B5C576B2E5372635CAB
:10A8B0004D53746F7279332E305C4C6962726172E1
:10A8C0006965735C53544D3332463130785F53744D
:10A8D000645065726970685F4472697665725C7312
:10A8E00072635C73746D3332663130785F73706994
:10A8F0002E6300443A5C576B5C576B2E5372635C5B
:10A900004D53746F7279332E305C4C696272617290
:10A910006965735C53544D3332463130785F5374FC
:10A92000645065726970685F4472697665725C73C1
:10A9300072635C73746D3332663130785F61646367
:10A940002E6300443A5C576B5C576B2E5372635C0A
:10A950004D53746F7279332E305C4C696272617240
:10A960006965735C53544D3332463130785F5374AC
:10A97000645065726970685F4472697665725C7371
:10A9800072635C73746D3332663130785F63616E0D
:10A990002E6300000A000000303132333435363780
:10A9A000383941424344454600000000696E660064
:10A9B000494E46006E616E004E414E0030313233DA
:10A9C00034353637383961626364656600000000EB
:10A9D000286E756C6C29000062756720696E2076A0
:10A9E000667072696E74663A206261642062617397
:10A9F0006500000030000000496E66696E69747978
:10AA0000000000004E614E00430000002E000000D8
:10AA100049534F2D383835392D3100004826532001
:08AA2000636F6C0A00000000E6
:10AA28001A03530054004D00330032003100300047
:10AA3800000000000000000000000000AE970008C1
:10AA480009000000C5970008A200000067980008E8
:10AA5800040000006B980008260000009198000888
:10AA680020000000000000201A0000009C97000849
:10AA7800290000008A970008120000007171000880
:10AA8800C1700008656F0008696F00086D6F0008E5
:10AA9800F56F0008D56F0008897000087970000804
:10AAA800557000080000000040000000020100008E
:10AAB800917A000899700008917A0008917A000844
:10AAC800917A0008917A0008917A0008917A000832
:10AAD800596F00084000000002A50008420000006D
:10AAE80010A50008440000001FA50008460000004B
:10AAF8002FA50008470000003FA5000848000000F7
:10AB08004FA500084A0000005EA500084C000000A0
:10AB18006CA500084E0000007AA500084F00000050
:10AB280088A500085000000096A500085100000004
:10AB3800A4A5000852000000B2A5000853000000B8
:10AB4800C2A5000854000000D2A500085500000066
:10AB5800E2A5000856000000F2A500085700000012
:10AB680002A600085800000012A600085A000000BB
:10AB780022A600085B00000032A600085C00000066
:10AB880042A600085D00000052A600085E00000012
:10AB980062A600085F0000006FA6000860000000C1
:10ABA8007FA60008610000008DA600087A0000005A
:10ABB8009BA600087C000000AAA600087E000000F2
:10ABC800B9A60008FF000000FDA40008000000006E
:10ABD800A2A1000801000000B2A1000802000000C4
:10ABE800C2A1000804000000D2A10008050000006E
:10ABF800E5A1000806000000F8A100080800000010
:10AC08000BA20008090000001CA200080A000000AE
:10AC18002DA200080C0000003EA200080D00000054
:10AC28004EA200080E0000005EA200080F000000FF
:10AC38006FA200081000000080A2000811000000A8
:10AC480090A2000812000000A0A200081400000052
:10AC5800B0A2000815000000C1A2000816000000FC
:10AC6800D2A2000818000000E3A2000819000000A2
:10AC7800F4A200081A00000005A300081C00000048
:10AC880016A300081D00000027A300081E000000EE
:10AC980038A300081F00000049A300082000000096
:10ACA8005AA30008210000006BA30008220000003E
:10ACB8007CA30008230000008DA3000824000000E6
:10ACC8009EA3000825000000AFA30008260000008E
:10ACD800C0A3000828000000D4A300082A00000030
:10ACE800E4A300082C000000F2A300082E000000D6
:10ACF80001A400082F00000011A400083000000083
:10AD080021A400083100000030A40008320000002F
:10AD18003EA40008330000004EA4000834000000E0
:10AD28005EA40008350000006FA40008360000008B
:10AD38007EA40008370000008EA400083800000038
:10AD48009EA4000839000000AAA400083A000000E8
:10AD5800BAA400083C000000CCA400083E00000093
:10AD6800DBA400083F000000ECA40008FF0000007E
:10AD7800FDA400080000000001020304010203040E
:10AD88000607080902040608FF000000000000008A
:10AD980000000000000000004C303236F8468547BD
:10ADA800144A3F4C5A4F2B53115610570E58030C48
:10ADB800602009212D222C232A243225310000006D
:10ADC800A403002000000000689900088899000882
:10ADD800A899000800000000000000000000000022
:10ADE8000000000008AA00080000000000000000A1
:10ADF800000000000000000000000000000000004B
:10AE0800000000000000000000000000000000003A
:10AE1800000000000000000000000000000000002A
:10AE2800000000000000000000000000000000001A
:10AE3800000000000000000000000000000000000A
:10AE480000000000000000000000000000000000FA
:10AE580000000000000000000000000000000000EA
:10AE680000000000000000000000000000000000DA
:10AE780000000000000000000000000000000000CA
:10AE880000000000000000000000000000000000BA
:10AE980000000000000000000000000000000000AA
:10AEA800000000000000000000000000000000009A
:10AEB80000000000000000000000000094040020D2
:10AEC800940400209C0400209C040020A40400207A
:10AED800A4040020AC040020AC040020B40400202A
:10AEE800B4040020BC040020BC040020C4040020DA
:10AEF800C4040020CC040020CC040020D40400208A
:10AF0800D4040020DC040020DC040020E404002039
:10AF1800E4040020EC040020EC040020F4040020E9
:10AF2800F4040020FC040020FC0400200405002098
:10AF3800040500200C0500200C0500201405002045
:10AF4800140500201C0500201C05002024050020F5
:10AF5800240500202C0500202C05002034050020A5
:10AF6800340500203C0500203C0500204405002055
:10AF7800440500204C0500204C0500205405002005
:10AF8800540500205C0500205C05002064050020B5
:10AF9800640500206C0500206C0500207405002065
:10AFA800740500207C0500207C0500208405002015
:10AFB800840500208C0500208C05002094050020C5
:10AFC800940500209C0500209C050020A405002075
:10AFD800A4050020AC050020AC050020B405002025
:10AFE800B4050020BC050020BC050020C4050020D5
:10AFF800C4050020CC050020CC050020D405002085
:10B00800D4050020DC050020DC050020E405002034
:10B01800E4050020EC050020EC050020F4050020E4
:10B02800F4050020FC050020FC0500200406002093
:10B03800040600200C0600200C0600201406002040
:10B04800140600201C0600201C06002024060020F0
:10B05800240600202C0600202C06002034060020A0
:10B06800340600203C0600203C0600204406002050
:10B07800440600204C0600204C0600205406002000
:10B08800540600205C0600205C06002064060020B0
:10B09800640600206C0600206C0600207406002060
:10B0A800740600207C0600207C0600208406002010
:10B0B800840600208C0600208C06002094060020C0
:10B0C800940600209C0600209C060020A406002070
:10B0D800A4060020AC060020AC060020B406002020
:10B0E800B4060020BC060020BC060020C4060020D0
:10B0F800C4060020CC060020CC060020D406002080
:10B10800D4060020DC060020DC060020E40600202F
:10B11800E4060020EC060020EC060020F4060020DF
:10B12800F4060020FC060020FC060020040700208E
:10B13800040700200C0700200C070020140700203B
:10B14800140700201C0700201C07002024070020EB
:10B15800240700202C0700202C070020340700209B
:10B16800340700203C0700203C070020440700204B
:10B17800440700204C0700204C07002054070020FB
:10B18800540700205C0700205C07002064070020AB
:10B19800640700206C0700206C070020740700205B
:10B1A800740700207C0700207C070020840700200B
:10B1B800840700208C0700208C07002094070020BB
:10B1C800940700209C0700209C070020A40700206B
:10B1D800A4070020AC070020AC070020B40700201B
:10B1E800B4070020BC070020BC070020C4070020CB
:10B1F800C4070020CC070020CC070020D40700207B
:10B20800D4070020DC070020DC070020E40700202A
:10B21800E4070020EC070020EC070020F4070020DA
:10B22800F4070020FC070020FC0700200408002089
:10B23800040800200C0800200C0800201408002036
:10B24800140800201C0800201C08002024080020E6
:10B25800240800202C0800202C0800203408002096
:10B26800340800203C0800203C0800204408002046
:10B27800440800204C0800204C08002054080020F6
:10B28800540800205C0800205C08002064080020A6
:10B29800640800206C0800206C0800207408002056
:10B2A800740800207C0800207C0800208408002006
:10B2B800840800208C0800208C080020FFFFFFFF76
:04B2C8000000020080
:0400000508000110DE
:00000001FF
